00:00.524  blend            | Read blend: "/Users/nesbes/chess/promo/software/Khatib-Software.blend"
00:00.567  render           | Rendering animation (frames 1..1200)
00:00.576  render           | Rendering frame 1
00:00.576  render           | Executing sequencer
00:00.576  render           | Rendering frame 1
00:00.576  render           | Start rendering: KHATIB / Software launch, ViewLayer
00:00.576  render           | Engine: EEVEE
00:00.848  render           | Fra: 1 | Rendering 1 / 16 samples
Blender 5.2.0 LTS (hash fbe6228777e7 built 2026-07-14 01:31:22)
Scene switch for render: 'EDIT / 40 second master' in file: '/Users/nesbes/chess/promo/software/Khatib-Software.blend'
00:00.887  render           | Fra: 1 | Rendering 16 / 16 samples
00:01.278  render           | Video append frame 1
00:01.278  render           | Time: 00:00.70 (Saving: 00:00.09)
00:01.278  render           | Rendering frame 2
00:01.279  render           | Executing sequencer
00:01.279  render           | Rendering frame 2
00:01.279  render           | Start rendering: KHATIB / Software launch, ViewLayer
00:01.279  render           | Engine: EEVEE
00:01.347  render           | Fra: 2 | Rendering 1 / 16 samples
00:01.373  render           | Fra: 2 | Rendering 16 / 16 samples
00:01.642  render           | Video append frame 2
00:01.642  render           | Time: 00:00.36 (Saving: 00:00.01)
00:01.642  render           | Rendering frame 3
00:01.642  render           | Executing sequencer
00:01.642  render           | Rendering frame 3
00:01.642  render           | Start rendering: KHATIB / Software launch, ViewLayer
00:01.642  render           | Engine: EEVEE
00:01.702  render           | Fra: 3 | Rendering 1 / 16 samples
00:01.730  render           | Fra: 3 | Rendering 16 / 16 samples
00:01.976  render           | Video append frame 3
00:01.976  render           | Time: 00:00.33 (Saving: 00:00.01)
00:01.976  render           | Rendering frame 4
00:01.976  render           | Executing sequencer
00:01.976  render           | Rendering frame 4
00:01.976  render           | Start rendering: KHATIB / Software launch, ViewLayer
00:01.976  render           | Engine: EEVEE
00:02.026  render           | Fra: 4 | Rendering 1 / 16 samples
00:02.051  render           | Fra: 4 | Rendering 16 / 16 samples
00:02.301  render           | Video append frame 4
00:02.301  render           | Time: 00:00.32 (Saving: 00:00.01)
00:02.301  render           | Rendering frame 5
00:02.301  render           | Executing sequencer
00:02.301  render           | Rendering frame 5
00:02.302  render           | Start rendering: KHATIB / Software launch, ViewLayer
00:02.302  render           | Engine: EEVEE
00:02.352  render           | Fra: 5 | Rendering 1 / 16 samples
00:02.377  render           | Fra: 5 | Rendering 16 / 16 samples
00:02.639  render           | Video append frame 5
00:02.639  render           | Time: 00:00.33 (Saving: 00:00.01)
00:02.639  render           | Rendering frame 6
00:02.640  render           | Executing sequencer
00:02.640  render           | Rendering frame 6
00:02.640  render           | Start rendering: KHATIB / Software launch, ViewLayer
00:02.640  render           | Engine: EEVEE
00:02.693  render           | Fra: 6 | Rendering 1 / 16 samples
00:02.718  render           | Fra: 6 | Rendering 16 / 16 samples
00:02.972  render           | Video append frame 6
00:02.972  render           | Time: 00:00.33 (Saving: 00:00.01)
00:02.973  render           | Rendering frame 7
00:02.973  render           | Executing sequencer
00:02.973  render           | Rendering frame 7
00:02.973  render           | Start rendering: KHATIB / Software launch, ViewLayer
00:02.973  render           | Engine: EEVEE
00:03.027  render           | Fra: 7 | Rendering 1 / 16 samples
00:03.055  render           | Fra: 7 | Rendering 16 / 16 samples
00:03.306  render           | Video append frame 7
00:03.306  render           | Time: 00:00.33 (Saving: 00:00.01)
00:03.306  render           | Rendering frame 8
00:03.307  render           | Executing sequencer
00:03.307  render           | Rendering frame 8
00:03.307  render           | Start rendering: KHATIB / Software launch, ViewLayer
00:03.307  render           | Engine: EEVEE
00:03.378  render           | Fra: 8 | Rendering 1 / 16 samples
00:03.402  render           | Fra: 8 | Rendering 16 / 16 samples
00:03.665  render           | Video append frame 8
00:03.665  render           | Time: 00:00.35 (Saving: 00:00.01)
00:03.665  render           | Rendering frame 9
00:03.666  render           | Executing sequencer
00:03.666  render           | Rendering frame 9
00:03.666  render           | Start rendering: KHATIB / Software launch, ViewLayer
00:03.666  render           | Engine: EEVEE
00:03.719  render           | Fra: 9 | Rendering 1 / 16 samples
00:03.746  render           | Fra: 9 | Rendering 16 / 16 samples
00:04.006  render           | Video append frame 9
00:04.006  render           | Time: 00:00.33 (Saving: 00:00.01)
00:04.006  render           | Rendering frame 10
00:04.007  render           | Executing sequencer
00:04.007  render           | Rendering frame 10
00:04.007  render           | Start rendering: KHATIB / Software launch, ViewLayer
00:04.007  render           | Engine: EEVEE
00:04.062  render           | Fra: 10 | Rendering 1 / 16 samples
00:04.087  render           | Fra: 10 | Rendering 16 / 16 samples
00:04.339  render           | Video append frame 10
00:04.339  render           | Time: 00:00.33 (Saving: 00:00.01)
00:04.339  render           | Rendering frame 11
00:04.339  render           | Executing sequencer
00:04.339  render           | Rendering frame 11
00:04.340  render           | Start rendering: KHATIB / Software launch, ViewLayer
00:04.340  render           | Engine: EEVEE
00:04.417  render           | Fra: 11 | Rendering 1 / 16 samples
00:04.443  render           | Fra: 11 | Rendering 16 / 16 samples
00:04.732  render           | Video append frame 11
00:04.732  render           | Time: 00:00.39 (Saving: 00:00.01)
00:04.732  render           | Rendering frame 12
00:04.733  render           | Executing sequencer
00:04.733  render           | Rendering frame 12
00:04.733  render           | Start rendering: KHATIB / Software launch, ViewLayer
00:04.734  render           | Engine: EEVEE
00:04.798  render           | Fra: 12 | Rendering 1 / 16 samples
00:04.823  render           | Fra: 12 | Rendering 16 / 16 samples
00:05.106  render           | Video append frame 12
00:05.107  render           | Time: 00:00.37 (Saving: 00:00.01)
00:05.107  render           | Rendering frame 13
00:05.107  render           | Executing sequencer
00:05.107  render           | Rendering frame 13
00:05.107  render           | Start rendering: KHATIB / Software launch, ViewLayer
00:05.107  render           | Engine: EEVEE
00:05.157  render           | Fra: 13 | Rendering 1 / 16 samples
00:05.182  render           | Fra: 13 | Rendering 16 / 16 samples
00:05.449  render           | Video append frame 13
00:05.449  render           | Time: 00:00.34 (Saving: 00:00.01)
00:05.449  render           | Rendering frame 14
00:05.450  render           | Executing sequencer
00:05.450  render           | Rendering frame 14
00:05.450  render           | Start rendering: KHATIB / Software launch, ViewLayer
00:05.450  render           | Engine: EEVEE
00:05.502  render           | Fra: 14 | Rendering 1 / 16 samples
00:05.529  render           | Fra: 14 | Rendering 16 / 16 samples
00:05.790  render           | Video append frame 14
00:05.790  render           | Time: 00:00.34 (Saving: 00:00.01)
00:05.790  render           | Rendering frame 15
00:05.790  render           | Executing sequencer
00:05.794  render           | Rendering frame 15
00:05.795  render           | Start rendering: KHATIB / Software launch, ViewLayer
00:05.795  render           | Engine: EEVEE
00:05.845  render           | Fra: 15 | Rendering 1 / 16 samples
00:05.872  render           | Fra: 15 | Rendering 16 / 16 samples
00:06.150  render           | Video append frame 15
00:06.150  render           | Time: 00:00.35 (Saving: 00:00.02)
00:06.150  render           | Rendering frame 16
00:06.151  render           | Executing sequencer
00:06.156  render           | Rendering frame 16
00:06.157  render           | Start rendering: KHATIB / Software launch, ViewLayer
00:06.157  render           | Engine: EEVEE
00:06.215  render           | Fra: 16 | Rendering 1 / 16 samples
00:06.241  render           | Fra: 16 | Rendering 16 / 16 samples
00:06.509  render           | Video append frame 16
00:06.509  render           | Time: 00:00.35 (Saving: 00:00.01)
00:06.509  render           | Rendering frame 17
00:06.510  render           | Executing sequencer
00:06.523  render           | Rendering frame 17
00:06.524  render           | Start rendering: KHATIB / Software launch, ViewLayer
00:06.524  render           | Engine: EEVEE
00:06.580  render           | Fra: 17 | Rendering 1 / 16 samples
00:06.606  render           | Fra: 17 | Rendering 16 / 16 samples
00:06.866  render           | Video append frame 17
00:06.867  render           | Time: 00:00.35 (Saving: 00:00.01)
00:06.867  render           | Rendering frame 18
00:06.867  render           | Executing sequencer
00:06.867  render           | Rendering frame 18
00:06.868  render           | Start rendering: KHATIB / Software launch, ViewLayer
00:06.868  render           | Engine: EEVEE
00:06.919  render           | Fra: 18 | Rendering 1 / 16 samples
00:06.945  render           | Fra: 18 | Rendering 16 / 16 samples
00:07.208  render           | Video append frame 18
00:07.209  render           | Time: 00:00.34 (Saving: 00:00.01)
00:07.209  render           | Rendering frame 19
00:07.210  render           | Executing sequencer
00:07.210  render           | Rendering frame 19
00:07.211  render           | Start rendering: KHATIB / Software launch, ViewLayer
00:07.211  render           | Engine: EEVEE
00:07.259  render           | Fra: 19 | Rendering 1 / 16 samples
00:07.285  render           | Fra: 19 | Rendering 16 / 16 samples
00:07.558  render           | Video append frame 19
00:07.558  render           | Time: 00:00.34 (Saving: 00:00.01)
00:07.558  render           | Rendering frame 20
00:07.559  render           | Executing sequencer
00:07.559  render           | Rendering frame 20
00:07.560  render           | Start rendering: KHATIB / Software launch, ViewLayer
00:07.560  render           | Engine: EEVEE
00:07.611  render           | Fra: 20 | Rendering 1 / 16 samples
00:07.637  render           | Fra: 20 | Rendering 16 / 16 samples
00:07.917  render           | Video append frame 20
00:07.917  render           | Time: 00:00.35 (Saving: 00:00.01)
00:07.917  render           | Rendering frame 21
00:07.918  render           | Executing sequencer
00:07.919  render           | Rendering frame 21
00:07.919  render           | Start rendering: KHATIB / Software launch, ViewLayer
00:07.919  render           | Engine: EEVEE
00:07.983  render           | Fra: 21 | Rendering 1 / 16 samples
00:08.009  render           | Fra: 21 | Rendering 16 / 16 samples
00:08.280  render           | Video append frame 21
00:08.280  render           | Time: 00:00.36 (Saving: 00:00.01)
00:08.280  render           | Rendering frame 22
00:08.280  render           | Executing sequencer
00:08.281  render           | Rendering frame 22
00:08.281  render           | Start rendering: KHATIB / Software launch, ViewLayer
00:08.281  render           | Engine: EEVEE
00:08.341  render           | Fra: 22 | Rendering 1 / 16 samples
00:08.367  render           | Fra: 22 | Rendering 16 / 16 samples
00:08.776  render           | Video append frame 22
00:08.776  render           | Time: 00:00.49 (Saving: 00:00.09)
00:08.776  render           | Rendering frame 23
00:08.778  render           | Executing sequencer
00:08.779  render           | Rendering frame 23
00:08.780  render           | Start rendering: KHATIB / Software launch, ViewLayer
00:08.781  render           | Engine: EEVEE
00:08.876  render           | Fra: 23 | Rendering 1 / 16 samples
00:08.903  render           | Fra: 23 | Rendering 16 / 16 samples
00:09.177  render           | Video append frame 23
00:09.177  render           | Time: 00:00.39 (Saving: 00:00.01)
00:09.177  render           | Rendering frame 24
00:09.178  render           | Executing sequencer
00:09.179  render           | Rendering frame 24
00:09.179  render           | Start rendering: KHATIB / Software launch, ViewLayer
00:09.179  render           | Engine: EEVEE
00:09.239  render           | Fra: 24 | Rendering 1 / 16 samples
00:09.265  render           | Fra: 24 | Rendering 16 / 16 samples
00:09.545  render           | Video append frame 24
00:09.545  render           | Time: 00:00.36 (Saving: 00:00.01)
00:09.545  render           | Rendering frame 25
00:09.546  render           | Executing sequencer
00:09.546  render           | Rendering frame 25
00:09.546  render           | Start rendering: KHATIB / Software launch, ViewLayer
00:09.546  render           | Engine: EEVEE
00:09.599  render           | Fra: 25 | Rendering 1 / 16 samples
00:09.623  render           | Fra: 25 | Rendering 16 / 16 samples
00:09.896  render           | Video append frame 25
00:09.896  render           | Time: 00:00.34 (Saving: 00:00.01)
00:09.896  render           | Rendering frame 26
00:09.896  render           | Executing sequencer
00:09.897  render           | Rendering frame 26
00:09.897  render           | Start rendering: KHATIB / Software launch, ViewLayer
00:09.897  render           | Engine: EEVEE
00:09.959  render           | Fra: 26 | Rendering 1 / 16 samples
00:09.984  render           | Fra: 26 | Rendering 16 / 16 samples
00:10.255  render           | Video append frame 26
00:10.256  render           | Time: 00:00.35 (Saving: 00:00.01)
00:10.256  render           | Rendering frame 27
00:10.256  render           | Executing sequencer
00:10.257  render           | Rendering frame 27
00:10.257  render           | Start rendering: KHATIB / Software launch, ViewLayer
00:10.257  render           | Engine: EEVEE
00:10.311  render           | Fra: 27 | Rendering 1 / 16 samples
00:10.335  render           | Fra: 27 | Rendering 16 / 16 samples
00:10.614  render           | Video append frame 27
00:10.615  render           | Time: 00:00.35 (Saving: 00:00.01)
00:10.615  render           | Rendering frame 28
00:10.615  render           | Executing sequencer
00:10.615  render           | Rendering frame 28
00:10.616  render           | Start rendering: KHATIB / Software launch, ViewLayer
00:10.616  render           | Engine: EEVEE
00:10.669  render           | Fra: 28 | Rendering 1 / 16 samples
00:10.694  render           | Fra: 28 | Rendering 16 / 16 samples
00:10.973  render           | Video append frame 28
00:10.973  render           | Time: 00:00.35 (Saving: 00:00.01)
00:10.974  render           | Rendering frame 29
00:10.974  render           | Executing sequencer
00:10.975  render           | Rendering frame 29
00:10.976  render           | Start rendering: KHATIB / Software launch, ViewLayer
00:10.976  render           | Engine: EEVEE
00:11.032  render           | Fra: 29 | Rendering 1 / 16 samples
00:11.059  render           | Fra: 29 | Rendering 16 / 16 samples
00:11.342  render           | Video append frame 29
00:11.342  render           | Time: 00:00.36 (Saving: 00:00.01)
00:11.342  render           | Rendering frame 30
00:11.343  render           | Executing sequencer
00:11.344  render           | Rendering frame 30
00:11.344  render           | Start rendering: KHATIB / Software launch, ViewLayer
00:11.345  render           | Engine: EEVEE
00:11.407  render           | Fra: 30 | Rendering 1 / 16 samples
00:11.433  render           | Fra: 30 | Rendering 16 / 16 samples
00:11.709  render           | Video append frame 30
00:11.709  render           | Time: 00:00.36 (Saving: 00:00.01)
00:11.709  render           | Rendering frame 31
00:11.709  render           | Executing sequencer
00:11.710  render           | Rendering frame 31
00:11.710  render           | Start rendering: KHATIB / Software launch, ViewLayer
00:11.710  render           | Engine: EEVEE
00:11.766  render           | Fra: 31 | Rendering 1 / 16 samples
00:11.793  render           | Fra: 31 | Rendering 16 / 16 samples
00:12.067  render           | Video append frame 31
00:12.067  render           | Time: 00:00.35 (Saving: 00:00.01)
00:12.067  render           | Rendering frame 32
00:12.068  render           | Executing sequencer
00:12.069  render           | Rendering frame 32
00:12.069  render           | Start rendering: KHATIB / Software launch, ViewLayer
00:12.069  render           | Engine: EEVEE
00:12.122  render           | Fra: 32 | Rendering 1 / 16 samples
00:12.147  render           | Fra: 32 | Rendering 16 / 16 samples
00:12.429  render           | Video append frame 32
00:12.429  render           | Time: 00:00.36 (Saving: 00:00.01)
00:12.429  render           | Rendering frame 33
00:12.430  render           | Executing sequencer
00:12.430  render           | Rendering frame 33
00:12.431  render           | Start rendering: KHATIB / Software launch, ViewLayer
00:12.431  render           | Engine: EEVEE
00:12.484  render           | Fra: 33 | Rendering 1 / 16 samples
00:12.509  render           | Fra: 33 | Rendering 16 / 16 samples
00:12.811  render           | Video append frame 33
00:12.811  render           | Time: 00:00.38 (Saving: 00:00.02)
00:12.811  render           | Rendering frame 34
00:12.812  render           | Executing sequencer
00:12.813  render           | Rendering frame 34
00:12.813  render           | Start rendering: KHATIB / Software launch, ViewLayer
00:12.813  render           | Engine: EEVEE
00:12.869  render           | Fra: 34 | Rendering 1 / 16 samples
00:12.895  render           | Fra: 34 | Rendering 16 / 16 samples
00:13.185  render           | Video append frame 34
00:13.185  render           | Time: 00:00.37 (Saving: 00:00.01)
00:13.185  render           | Rendering frame 35
00:13.186  render           | Executing sequencer
00:13.187  render           | Rendering frame 35
00:13.187  render           | Start rendering: KHATIB / Software launch, ViewLayer
00:13.187  render           | Engine: EEVEE
00:13.242  render           | Fra: 35 | Rendering 1 / 16 samples
00:13.268  render           | Fra: 35 | Rendering 16 / 16 samples
00:13.555  render           | Video append frame 35
00:13.555  render           | Time: 00:00.36 (Saving: 00:00.01)
00:13.555  render           | Rendering frame 36
00:13.556  render           | Executing sequencer
00:13.557  render           | Rendering frame 36
00:13.557  render           | Start rendering: KHATIB / Software launch, ViewLayer
00:13.557  render           | Engine: EEVEE
00:13.614  render           | Fra: 36 | Rendering 1 / 16 samples
00:13.640  render           | Fra: 36 | Rendering 16 / 16 samples
00:13.938  render           | Video append frame 36
00:13.938  render           | Time: 00:00.38 (Saving: 00:00.01)
00:13.938  render           | Rendering frame 37
00:13.938  render           | Executing sequencer
00:13.939  render           | Rendering frame 37
00:13.939  render           | Start rendering: KHATIB / Software launch, ViewLayer
00:13.939  render           | Engine: EEVEE
00:13.998  render           | Fra: 37 | Rendering 1 / 16 samples
00:14.024  render           | Fra: 37 | Rendering 16 / 16 samples
00:14.381  render           | Video append frame 37
00:14.382  render           | Time: 00:00.44 (Saving: 00:00.03)
00:14.382  render           | Rendering frame 38
00:14.382  render           | Executing sequencer
00:14.384  render           | Rendering frame 38
00:14.384  render           | Start rendering: KHATIB / Software launch, ViewLayer
00:14.384  render           | Engine: EEVEE
00:14.456  render           | Fra: 38 | Rendering 1 / 16 samples
00:14.484  render           | Fra: 38 | Rendering 16 / 16 samples
00:14.916  render           | Video append frame 38
00:14.917  render           | Time: 00:00.53 (Saving: 00:00.02)
00:14.917  render           | Rendering frame 39
00:14.917  render           | Executing sequencer
00:14.918  render           | Rendering frame 39
00:14.919  render           | Start rendering: KHATIB / Software launch, ViewLayer
00:14.919  render           | Engine: EEVEE
00:14.995  render           | Fra: 39 | Rendering 1 / 16 samples
00:15.026  render           | Fra: 39 | Rendering 16 / 16 samples
00:15.447  render           | Video append frame 39
00:15.447  render           | Time: 00:00.52 (Saving: 00:00.03)
00:15.447  render           | Rendering frame 40
00:15.447  render           | Executing sequencer
00:15.448  render           | Rendering frame 40
00:15.448  render           | Start rendering: KHATIB / Software launch, ViewLayer
00:15.448  render           | Engine: EEVEE
00:15.596  render           | Fra: 40 | Rendering 1 / 16 samples
00:15.629  render           | Fra: 40 | Rendering 16 / 16 samples
00:15.982  render           | Video append frame 40
00:15.982  render           | Time: 00:00.53 (Saving: 00:00.02)
00:15.982  render           | Rendering frame 41
00:15.983  render           | Executing sequencer
00:15.995  render           | Rendering frame 41
00:15.995  render           | Start rendering: KHATIB / Software launch, ViewLayer
00:15.995  render           | Engine: EEVEE
00:16.088  render           | Fra: 41 | Rendering 1 / 16 samples
00:16.115  render           | Fra: 41 | Rendering 16 / 16 samples
00:16.477  render           | Video append frame 41
00:16.478  render           | Time: 00:00.49 (Saving: 00:00.01)
00:16.482  render           | Rendering frame 42
00:16.483  render           | Executing sequencer
00:16.484  render           | Rendering frame 42
00:16.484  render           | Start rendering: KHATIB / Software launch, ViewLayer
00:16.484  render           | Engine: EEVEE
00:16.559  render           | Fra: 42 | Rendering 1 / 16 samples
00:16.586  render           | Fra: 42 | Rendering 16 / 16 samples
00:16.914  render           | Video append frame 42
00:16.914  render           | Time: 00:00.43 (Saving: 00:00.02)
00:16.914  render           | Rendering frame 43
00:16.914  render           | Executing sequencer
00:16.915  render           | Rendering frame 43
00:16.915  render           | Start rendering: KHATIB / Software launch, ViewLayer
00:16.916  render           | Engine: EEVEE
00:16.972  render           | Fra: 43 | Rendering 1 / 16 samples
00:16.998  render           | Fra: 43 | Rendering 16 / 16 samples
00:17.390  render           | Video append frame 43
00:17.390  render           | Time: 00:00.47 (Saving: 00:00.02)
00:17.391  render           | Rendering frame 44
00:17.392  render           | Executing sequencer
00:17.394  render           | Rendering frame 44
00:17.394  render           | Start rendering: KHATIB / Software launch, ViewLayer
00:17.395  render           | Engine: EEVEE
00:17.481  render           | Fra: 44 | Rendering 1 / 16 samples
00:17.507  render           | Fra: 44 | Rendering 16 / 16 samples
00:17.856  render           | Video append frame 44
00:17.856  render           | Time: 00:00.46 (Saving: 00:00.01)
00:17.856  render           | Rendering frame 45
00:17.857  render           | Executing sequencer
00:17.858  render           | Rendering frame 45
00:17.858  render           | Start rendering: KHATIB / Software launch, ViewLayer
00:17.858  render           | Engine: EEVEE
00:17.922  render           | Fra: 45 | Rendering 1 / 16 samples
00:17.947  render           | Fra: 45 | Rendering 16 / 16 samples
00:18.277  render           | Video append frame 45
00:18.277  render           | Time: 00:00.42 (Saving: 00:00.02)
00:18.277  render           | Rendering frame 46
00:18.278  render           | Executing sequencer
00:18.279  render           | Rendering frame 46
00:18.280  render           | Start rendering: KHATIB / Software launch, ViewLayer
00:18.280  render           | Engine: EEVEE
00:18.350  render           | Fra: 46 | Rendering 1 / 16 samples
00:18.381  render           | Fra: 46 | Rendering 16 / 16 samples
00:18.723  render           | Video append frame 46
00:18.723  render           | Time: 00:00.44 (Saving: 00:00.01)
00:18.723  render           | Rendering frame 47
00:18.723  render           | Executing sequencer
00:18.724  render           | Rendering frame 47
00:18.725  render           | Start rendering: KHATIB / Software launch, ViewLayer
00:18.725  render           | Engine: EEVEE
00:18.785  render           | Fra: 47 | Rendering 1 / 16 samples
00:18.817  render           | Fra: 47 | Rendering 16 / 16 samples
00:19.135  render           | Video append frame 47
00:19.136  render           | Time: 00:00.41 (Saving: 00:00.01)
00:19.136  render           | Rendering frame 48
00:19.136  render           | Executing sequencer
00:19.137  render           | Rendering frame 48
00:19.138  render           | Start rendering: KHATIB / Software launch, ViewLayer
00:19.138  render           | Engine: EEVEE
00:19.217  render           | Fra: 48 | Rendering 1 / 16 samples
00:19.245  render           | Fra: 48 | Rendering 16 / 16 samples
00:19.581  render           | Video append frame 48
00:19.581  render           | Time: 00:00.44 (Saving: 00:00.02)
00:19.581  render           | Rendering frame 49
00:19.582  render           | Executing sequencer
00:19.583  render           | Rendering frame 49
00:19.583  render           | Start rendering: KHATIB / Software launch, ViewLayer
00:19.583  render           | Engine: EEVEE
00:19.655  render           | Fra: 49 | Rendering 1 / 16 samples
00:19.685  render           | Fra: 49 | Rendering 16 / 16 samples
00:20.026  render           | Video append frame 49
00:20.026  render           | Time: 00:00.44 (Saving: 00:00.01)
00:20.026  render           | Rendering frame 50
00:20.026  render           | Executing sequencer
00:20.028  render           | Rendering frame 50
00:20.028  render           | Start rendering: KHATIB / Software launch, ViewLayer
00:20.028  render           | Engine: EEVEE
00:20.095  render           | Fra: 50 | Rendering 1 / 16 samples
00:20.121  render           | Fra: 50 | Rendering 16 / 16 samples
00:20.460  render           | Video append frame 50
00:20.460  render           | Time: 00:00.43 (Saving: 00:00.02)
00:20.460  render           | Rendering frame 51
00:20.461  render           | Executing sequencer
00:20.461  render           | Rendering frame 51
00:20.462  render           | Start rendering: KHATIB / Software launch, ViewLayer
00:20.462  render           | Engine: EEVEE
00:20.529  render           | Fra: 51 | Rendering 1 / 16 samples
00:20.559  render           | Fra: 51 | Rendering 16 / 16 samples
00:20.892  render           | Video append frame 51
00:20.893  render           | Time: 00:00.43 (Saving: 00:00.02)
00:20.893  render           | Rendering frame 52
00:20.893  render           | Executing sequencer
00:20.893  render           | Rendering frame 52
00:20.893  render           | Start rendering: KHATIB / Software launch, ViewLayer
00:20.893  render           | Engine: EEVEE
00:20.971  render           | Fra: 52 | Rendering 1 / 16 samples
00:21.001  render           | Fra: 52 | Rendering 16 / 16 samples
00:21.338  render           | Video append frame 52
00:21.338  render           | Time: 00:00.44 (Saving: 00:00.01)
00:21.338  render           | Rendering frame 53
00:21.339  render           | Executing sequencer
00:21.339  render           | Rendering frame 53
00:21.339  render           | Start rendering: KHATIB / Software launch, ViewLayer
00:21.339  render           | Engine: EEVEE
00:21.393  render           | Fra: 53 | Rendering 1 / 16 samples
00:21.419  render           | Fra: 53 | Rendering 16 / 16 samples
00:21.728  render           | Video append frame 53
00:21.728  render           | Time: 00:00.38 (Saving: 00:00.01)
00:21.728  render           | Rendering frame 54
00:21.729  render           | Executing sequencer
00:21.729  render           | Rendering frame 54
00:21.729  render           | Start rendering: KHATIB / Software launch, ViewLayer
00:21.729  render           | Engine: EEVEE
00:21.788  render           | Fra: 54 | Rendering 1 / 16 samples
00:21.812  render           | Fra: 54 | Rendering 16 / 16 samples
00:22.109  render           | Video append frame 54
00:22.109  render           | Time: 00:00.38 (Saving: 00:00.01)
00:22.109  render           | Rendering frame 55
00:22.109  render           | Executing sequencer
00:22.109  render           | Rendering frame 55
00:22.110  render           | Start rendering: KHATIB / Software launch, ViewLayer
00:22.110  render           | Engine: EEVEE
00:22.170  render           | Fra: 55 | Rendering 1 / 16 samples
00:22.198  render           | Fra: 55 | Rendering 16 / 16 samples
00:22.483  render           | Video append frame 55
00:22.483  render           | Time: 00:00.37 (Saving: 00:00.01)
00:22.483  render           | Rendering frame 56
00:22.483  render           | Executing sequencer
00:22.483  render           | Rendering frame 56
00:22.483  render           | Start rendering: KHATIB / Software launch, ViewLayer
00:22.483  render           | Engine: EEVEE
00:22.537  render           | Fra: 56 | Rendering 1 / 16 samples
00:22.563  render           | Fra: 56 | Rendering 16 / 16 samples
00:22.867  render           | Video append frame 56
00:22.867  render           | Time: 00:00.38 (Saving: 00:00.01)
00:22.867  render           | Rendering frame 57
00:22.868  render           | Executing sequencer
00:22.868  render           | Rendering frame 57
00:22.869  render           | Start rendering: KHATIB / Software launch, ViewLayer
00:22.869  render           | Engine: EEVEE
00:22.933  render           | Fra: 57 | Rendering 1 / 16 samples
00:22.963  render           | Fra: 57 | Rendering 16 / 16 samples
00:23.262  render           | Video append frame 57
00:23.262  render           | Time: 00:00.39 (Saving: 00:00.01)
00:23.262  render           | Rendering frame 58
00:23.262  render           | Executing sequencer
00:23.262  render           | Rendering frame 58
00:23.263  render           | Start rendering: KHATIB / Software launch, ViewLayer
00:23.263  render           | Engine: EEVEE
00:23.327  render           | Fra: 58 | Rendering 1 / 16 samples
00:23.353  render           | Fra: 58 | Rendering 16 / 16 samples
00:23.678  render           | Video append frame 58
00:23.678  render           | Time: 00:00.41 (Saving: 00:00.01)
00:23.678  render           | Rendering frame 59
00:23.678  render           | Executing sequencer
00:23.678  render           | Rendering frame 59
00:23.679  render           | Start rendering: KHATIB / Software launch, ViewLayer
00:23.679  render           | Engine: EEVEE
00:23.737  render           | Fra: 59 | Rendering 1 / 16 samples
00:23.763  render           | Fra: 59 | Rendering 16 / 16 samples
00:24.089  render           | Video append frame 59
00:24.089  render           | Time: 00:00.41 (Saving: 00:00.01)
00:24.090  render           | Rendering frame 60
00:24.090  render           | Executing sequencer
00:24.090  render           | Rendering frame 60
00:24.090  render           | Start rendering: KHATIB / Software launch, ViewLayer
00:24.090  render           | Engine: EEVEE
00:24.149  render           | Fra: 60 | Rendering 1 / 16 samples
00:24.176  render           | Fra: 60 | Rendering 16 / 16 samples
00:24.529  render           | Video append frame 60
00:24.529  render           | Time: 00:00.43 (Saving: 00:00.03)
00:24.530  render           | Rendering frame 61
00:24.530  render           | Executing sequencer
00:24.530  render           | Rendering frame 61
00:24.530  render           | Start rendering: KHATIB / Software launch, ViewLayer
00:24.531  render           | Engine: EEVEE
00:24.601  render           | Fra: 61 | Rendering 1 / 16 samples
00:24.631  render           | Fra: 61 | Rendering 16 / 16 samples
00:24.949  render           | Video append frame 61
00:24.950  render           | Time: 00:00.41 (Saving: 00:00.01)
00:24.950  render           | Rendering frame 62
00:24.950  render           | Executing sequencer
00:24.950  render           | Rendering frame 62
00:24.950  render           | Start rendering: KHATIB / Software launch, ViewLayer
00:24.950  render           | Engine: EEVEE
00:25.014  render           | Fra: 62 | Rendering 1 / 16 samples
00:25.041  render           | Fra: 62 | Rendering 16 / 16 samples
00:25.299  render           | Video append frame 62
00:25.299  render           | Time: 00:00.34 (Saving: 00:00.01)
00:25.300  render           | Rendering frame 63
00:25.300  render           | Executing sequencer
00:25.300  render           | Rendering frame 63
00:25.300  render           | Start rendering: KHATIB / Software launch, ViewLayer
00:25.300  render           | Engine: EEVEE
00:25.367  render           | Fra: 63 | Rendering 1 / 16 samples
00:25.411  render           | Fra: 63 | Rendering 16 / 16 samples
00:25.845  render           | Video append frame 63
00:25.846  render           | Time: 00:00.54 (Saving: 00:00.04)
00:25.847  render           | Rendering frame 64
00:25.847  render           | Executing sequencer
00:25.847  render           | Rendering frame 64
00:25.848  render           | Start rendering: KHATIB / Software launch, ViewLayer
00:25.852  render           | Engine: EEVEE
00:25.961  render           | Fra: 64 | Rendering 1 / 16 samples
00:25.990  render           | Fra: 64 | Rendering 16 / 16 samples
00:26.443  render           | Video append frame 64
00:26.443  render           | Time: 00:00.59 (Saving: 00:00.02)
00:26.443  render           | Rendering frame 65
00:26.443  render           | Executing sequencer
00:26.443  render           | Rendering frame 65
00:26.444  render           | Start rendering: KHATIB / Software launch, ViewLayer
00:26.444  render           | Engine: EEVEE
00:26.510  render           | Fra: 65 | Rendering 1 / 16 samples
00:26.538  render           | Fra: 65 | Rendering 16 / 16 samples
00:26.904  render           | Video append frame 65
00:26.904  render           | Time: 00:00.46 (Saving: 00:00.02)
00:26.904  render           | Rendering frame 66
00:26.904  render           | Executing sequencer
00:26.905  render           | Rendering frame 66
00:26.906  render           | Start rendering: KHATIB / Software launch, ViewLayer
00:26.906  render           | Engine: EEVEE
00:26.972  render           | Fra: 66 | Rendering 1 / 16 samples
00:26.998  render           | Fra: 66 | Rendering 16 / 16 samples
00:27.384  render           | Video append frame 66
00:27.384  render           | Time: 00:00.47 (Saving: 00:00.01)
00:27.384  render           | Rendering frame 67
00:27.384  render           | Executing sequencer
00:27.385  render           | Rendering frame 67
00:27.385  render           | Start rendering: KHATIB / Software launch, ViewLayer
00:27.386  render           | Engine: EEVEE
00:27.446  render           | Fra: 67 | Rendering 1 / 16 samples
00:27.475  render           | Fra: 67 | Rendering 16 / 16 samples
00:27.820  render           | Video append frame 67
00:27.820  render           | Time: 00:00.43 (Saving: 00:00.01)
00:27.820  render           | Rendering frame 68
00:27.821  render           | Executing sequencer
00:27.821  render           | Rendering frame 68
00:27.821  render           | Start rendering: KHATIB / Software launch, ViewLayer
00:27.821  render           | Engine: EEVEE
00:27.877  render           | Fra: 68 | Rendering 1 / 16 samples
00:27.903  render           | Fra: 68 | Rendering 16 / 16 samples
00:28.238  render           | Video append frame 68
00:28.238  render           | Time: 00:00.41 (Saving: 00:00.01)
00:28.238  render           | Rendering frame 69
00:28.238  render           | Executing sequencer
00:28.238  render           | Rendering frame 69
00:28.238  render           | Start rendering: KHATIB / Software launch, ViewLayer
00:28.238  render           | Engine: EEVEE
00:28.297  render           | Fra: 69 | Rendering 1 / 16 samples
00:28.322  render           | Fra: 69 | Rendering 16 / 16 samples
00:28.664  render           | Video append frame 69
00:28.664  render           | Time: 00:00.42 (Saving: 00:00.02)
00:28.664  render           | Rendering frame 70
00:28.665  render           | Executing sequencer
00:28.677  render           | Rendering frame 70
00:28.678  render           | Start rendering: KHATIB / Software launch, ViewLayer
00:28.678  render           | Engine: EEVEE
00:28.745  render           | Fra: 70 | Rendering 1 / 16 samples
00:28.771  render           | Fra: 70 | Rendering 16 / 16 samples
00:29.121  render           | Video append frame 70
00:29.121  render           | Time: 00:00.45 (Saving: 00:00.01)
00:29.121  render           | Rendering frame 71
00:29.122  render           | Executing sequencer
00:29.128  render           | Rendering frame 71
00:29.128  render           | Start rendering: KHATIB / Software launch, ViewLayer
00:29.128  render           | Engine: EEVEE
00:29.190  render           | Fra: 71 | Rendering 1 / 16 samples
00:29.217  render           | Fra: 71 | Rendering 16 / 16 samples
00:29.798  render           | Video append frame 71
00:29.799  render           | Time: 00:00.67 (Saving: 00:00.06)
00:29.799  render           | Rendering frame 72
00:29.800  render           | Executing sequencer
00:29.828  render           | Rendering frame 72
00:29.829  render           | Start rendering: KHATIB / Software launch, ViewLayer
00:29.829  render           | Engine: EEVEE
00:29.941  render           | Fra: 72 | Rendering 1 / 16 samples
00:29.972  render           | Fra: 72 | Rendering 16 / 16 samples
00:30.552  render           | Video append frame 72
00:30.552  render           | Time: 00:00.75 (Saving: 00:00.03)
00:30.552  render           | Rendering frame 73
00:30.553  render           | Executing sequencer
00:30.561  render           | Rendering frame 73
00:30.562  render           | Start rendering: KHATIB / Software launch, ViewLayer
00:30.562  render           | Engine: EEVEE
00:30.654  render           | Fra: 73 | Rendering 1 / 16 samples
00:30.682  render           | Fra: 73 | Rendering 16 / 16 samples
00:31.084  render           | Video append frame 73
00:31.084  render           | Time: 00:00.53 (Saving: 00:00.02)
00:31.085  render           | Rendering frame 74
00:31.085  render           | Executing sequencer
00:31.087  render           | Rendering frame 74
00:31.087  render           | Start rendering: KHATIB / Software launch, ViewLayer
00:31.087  render           | Engine: EEVEE
00:31.160  render           | Fra: 74 | Rendering 1 / 16 samples
00:31.189  render           | Fra: 74 | Rendering 16 / 16 samples
00:31.614  render           | Video append frame 74
00:31.614  render           | Time: 00:00.52 (Saving: 00:00.01)
00:31.614  render           | Rendering frame 75
00:31.614  render           | Executing sequencer
00:31.615  render           | Rendering frame 75
00:31.616  render           | Start rendering: KHATIB / Software launch, ViewLayer
00:31.616  render           | Engine: EEVEE
00:31.677  render           | Fra: 75 | Rendering 1 / 16 samples
00:31.704  render           | Fra: 75 | Rendering 16 / 16 samples
00:32.075  render           | Video append frame 75
00:32.075  render           | Time: 00:00.46 (Saving: 00:00.02)
00:32.075  render           | Rendering frame 76
00:32.075  render           | Executing sequencer
00:32.076  render           | Rendering frame 76
00:32.077  render           | Start rendering: KHATIB / Software launch, ViewLayer
00:32.077  render           | Engine: EEVEE
00:32.169  render           | Fra: 76 | Rendering 1 / 16 samples
00:32.206  render           | Fra: 76 | Rendering 16 / 16 samples
00:32.563  render           | Video append frame 76
00:32.563  render           | Time: 00:00.48 (Saving: 00:00.01)
00:32.563  render           | Rendering frame 77
00:32.564  render           | Executing sequencer
00:32.564  render           | Rendering frame 77
00:32.565  render           | Start rendering: KHATIB / Software launch, ViewLayer
00:32.565  render           | Engine: EEVEE
00:32.617  render           | Fra: 77 | Rendering 1 / 16 samples
00:32.644  render           | Fra: 77 | Rendering 16 / 16 samples
00:32.973  render           | Video append frame 77
00:32.973  render           | Time: 00:00.40 (Saving: 00:00.01)
00:32.973  render           | Rendering frame 78
00:32.973  render           | Executing sequencer
00:32.974  render           | Rendering frame 78
00:32.975  render           | Start rendering: KHATIB / Software launch, ViewLayer
00:32.975  render           | Engine: EEVEE
00:33.029  render           | Fra: 78 | Rendering 1 / 16 samples
00:33.055  render           | Fra: 78 | Rendering 16 / 16 samples
00:33.371  render           | Video append frame 78
00:33.371  render           | Time: 00:00.39 (Saving: 00:00.01)
00:33.371  render           | Rendering frame 79
00:33.372  render           | Executing sequencer
00:33.372  render           | Rendering frame 79
00:33.373  render           | Start rendering: KHATIB / Software launch, ViewLayer
00:33.373  render           | Engine: EEVEE
00:33.425  render           | Fra: 79 | Rendering 1 / 16 samples
00:33.452  render           | Fra: 79 | Rendering 16 / 16 samples
00:33.775  render           | Video append frame 79
00:33.775  render           | Time: 00:00.40 (Saving: 00:00.01)
00:33.775  render           | Rendering frame 80
00:33.776  render           | Executing sequencer
00:33.776  render           | Rendering frame 80
00:33.777  render           | Start rendering: KHATIB / Software launch, ViewLayer
00:33.777  render           | Engine: EEVEE
00:33.833  render           | Fra: 80 | Rendering 1 / 16 samples
00:33.858  render           | Fra: 80 | Rendering 16 / 16 samples
00:34.196  render           | Video append frame 80
00:34.196  render           | Time: 00:00.42 (Saving: 00:00.01)
00:34.196  render           | Rendering frame 81
00:34.196  render           | Executing sequencer
00:34.197  render           | Rendering frame 81
00:34.197  render           | Start rendering: KHATIB / Software launch, ViewLayer
00:34.197  render           | Engine: EEVEE
00:34.250  render           | Fra: 81 | Rendering 1 / 16 samples
00:34.276  render           | Fra: 81 | Rendering 16 / 16 samples
00:34.603  render           | Video append frame 81
00:34.603  render           | Time: 00:00.40 (Saving: 00:00.01)
00:34.603  render           | Rendering frame 82
00:34.604  render           | Executing sequencer
00:34.604  render           | Rendering frame 82
00:34.605  render           | Start rendering: KHATIB / Software launch, ViewLayer
00:34.605  render           | Engine: EEVEE
00:34.658  render           | Fra: 82 | Rendering 1 / 16 samples
00:34.683  render           | Fra: 82 | Rendering 16 / 16 samples
00:35.019  render           | Video append frame 82
00:35.019  render           | Time: 00:00.41 (Saving: 00:00.01)
00:35.019  render           | Rendering frame 83
00:35.020  render           | Executing sequencer
00:35.096  render           | Rendering frame 83
00:35.096  render           | Start rendering: KHATIB / Software launch, ViewLayer
00:35.096  render           | Engine: EEVEE
00:35.152  render           | Fra: 83 | Rendering 1 / 16 samples
00:35.178  render           | Fra: 83 | Rendering 16 / 16 samples
00:35.509  render           | Video append frame 83
00:35.509  render           | Time: 00:00.48 (Saving: 00:00.01)
00:35.509  render           | Rendering frame 84
00:35.510  render           | Executing sequencer
00:35.511  render           | Rendering frame 84
00:35.511  render           | Start rendering: KHATIB / Software launch, ViewLayer
00:35.511  render           | Engine: EEVEE
00:35.587  render           | Fra: 84 | Rendering 1 / 16 samples
00:35.617  render           | Fra: 84 | Rendering 16 / 16 samples
00:35.997  render           | Video append frame 84
00:35.997  render           | Time: 00:00.48 (Saving: 00:00.02)
00:35.997  render           | Rendering frame 85
00:35.998  render           | Executing sequencer
00:35.999  render           | Rendering frame 85
00:36.000  render           | Start rendering: KHATIB / Software launch, ViewLayer
00:36.000  render           | Engine: EEVEE
00:36.067  render           | Fra: 85 | Rendering 1 / 16 samples
00:36.096  render           | Fra: 85 | Rendering 16 / 16 samples
00:36.523  render           | Video append frame 85
00:36.523  render           | Time: 00:00.52 (Saving: 00:00.02)
00:36.523  render           | Rendering frame 86
00:36.524  render           | Executing sequencer
00:36.526  render           | Rendering frame 86
00:36.526  render           | Start rendering: KHATIB / Software launch, ViewLayer
00:36.526  render           | Engine: EEVEE
00:36.618  render           | Fra: 86 | Rendering 1 / 16 samples
00:36.653  render           | Fra: 86 | Rendering 16 / 16 samples
00:37.077  render           | Video append frame 86
00:37.077  render           | Time: 00:00.55 (Saving: 00:00.02)
00:37.077  render           | Rendering frame 87
00:37.078  render           | Executing sequencer
00:37.079  render           | Rendering frame 87
00:37.079  render           | Start rendering: KHATIB / Software launch, ViewLayer
00:37.079  render           | Engine: EEVEE
00:37.147  render           | Fra: 87 | Rendering 1 / 16 samples
00:37.175  render           | Fra: 87 | Rendering 16 / 16 samples
00:37.610  render           | Video append frame 87
00:37.610  render           | Time: 00:00.53 (Saving: 00:00.02)
00:37.610  render           | Rendering frame 88
00:37.610  render           | Executing sequencer
00:37.611  render           | Rendering frame 88
00:37.612  render           | Start rendering: KHATIB / Software launch, ViewLayer
00:37.613  render           | Engine: EEVEE
00:37.682  render           | Fra: 88 | Rendering 1 / 16 samples
00:37.714  render           | Fra: 88 | Rendering 16 / 16 samples
00:38.117  render           | Video append frame 88
00:38.117  render           | Time: 00:00.50 (Saving: 00:00.01)
00:38.117  render           | Rendering frame 89
00:38.117  render           | Executing sequencer
00:38.118  render           | Rendering frame 89
00:38.118  render           | Start rendering: KHATIB / Software launch, ViewLayer
00:38.118  render           | Engine: EEVEE
00:38.186  render           | Fra: 89 | Rendering 1 / 16 samples
00:38.215  render           | Fra: 89 | Rendering 16 / 16 samples
00:38.594  render           | Video append frame 89
00:38.594  render           | Time: 00:00.47 (Saving: 00:00.01)
00:38.594  render           | Rendering frame 90
00:38.595  render           | Executing sequencer
00:38.595  render           | Rendering frame 90
00:38.596  render           | Start rendering: KHATIB / Software launch, ViewLayer
00:38.596  render           | Engine: EEVEE
00:38.694  render           | Fra: 90 | Rendering 1 / 16 samples
00:38.722  render           | Fra: 90 | Rendering 16 / 16 samples
00:39.082  render           | Video append frame 90
00:39.082  render           | Time: 00:00.48 (Saving: 00:00.01)
00:39.082  render           | Rendering frame 91
00:39.082  render           | Executing sequencer
00:39.083  render           | Rendering frame 91
00:39.083  render           | Start rendering: KHATIB / Software launch, ViewLayer
00:39.083  render           | Engine: EEVEE
00:39.141  render           | Fra: 91 | Rendering 1 / 16 samples
00:39.168  render           | Fra: 91 | Rendering 16 / 16 samples
00:39.510  render           | Video append frame 91
00:39.510  render           | Time: 00:00.42 (Saving: 00:00.01)
00:39.510  render           | Rendering frame 92
00:39.511  render           | Executing sequencer
00:39.512  render           | Rendering frame 92
00:39.512  render           | Start rendering: KHATIB / Software launch, ViewLayer
00:39.512  render           | Engine: EEVEE
00:39.576  render           | Fra: 92 | Rendering 1 / 16 samples
00:39.602  render           | Fra: 92 | Rendering 16 / 16 samples
00:39.954  render           | Video append frame 92
00:39.954  render           | Time: 00:00.44 (Saving: 00:00.01)
00:39.954  render           | Rendering frame 93
00:39.954  render           | Executing sequencer
00:39.955  render           | Rendering frame 93
00:39.955  render           | Start rendering: KHATIB / Software launch, ViewLayer
00:39.955  render           | Engine: EEVEE
00:40.017  render           | Fra: 93 | Rendering 1 / 16 samples
00:40.042  render           | Fra: 93 | Rendering 16 / 16 samples
00:40.401  render           | Video append frame 93
00:40.401  render           | Time: 00:00.44 (Saving: 00:00.01)
00:40.401  render           | Rendering frame 94
00:40.401  render           | Executing sequencer
00:40.402  render           | Rendering frame 94
00:40.402  render           | Start rendering: KHATIB / Software launch, ViewLayer
00:40.402  render           | Engine: EEVEE
00:40.467  render           | Fra: 94 | Rendering 1 / 16 samples
00:40.491  render           | Fra: 94 | Rendering 16 / 16 samples
00:40.847  render           | Video append frame 94
00:40.847  render           | Time: 00:00.44 (Saving: 00:00.01)
00:40.847  render           | Rendering frame 95
00:40.847  render           | Executing sequencer
00:40.848  render           | Rendering frame 95
00:40.848  render           | Start rendering: KHATIB / Software launch, ViewLayer
00:40.848  render           | Engine: EEVEE
00:40.900  render           | Fra: 95 | Rendering 1 / 16 samples
00:40.926  render           | Fra: 95 | Rendering 16 / 16 samples
00:41.268  render           | Video append frame 95
00:41.269  render           | Time: 00:00.42 (Saving: 00:00.02)
00:41.269  render           | Rendering frame 96
00:41.270  render           | Executing sequencer
00:41.271  render           | Rendering frame 96
00:41.271  render           | Start rendering: KHATIB / Software launch, ViewLayer
00:41.271  render           | Engine: EEVEE
00:41.332  render           | Fra: 96 | Rendering 1 / 16 samples
00:41.360  render           | Fra: 96 | Rendering 16 / 16 samples
00:41.709  render           | Video append frame 96
00:41.709  render           | Time: 00:00.43 (Saving: 00:00.01)
00:41.709  render           | Rendering frame 97
00:41.709  render           | Executing sequencer
00:41.710  render           | Rendering frame 97
00:41.710  render           | Start rendering: KHATIB / Software launch, ViewLayer
00:41.710  render           | Engine: EEVEE
00:41.769  render           | Fra: 97 | Rendering 1 / 16 samples
00:41.796  render           | Fra: 97 | Rendering 16 / 16 samples
00:42.125  render           | Video append frame 97
00:42.125  render           | Time: 00:00.41 (Saving: 00:00.01)
00:42.125  render           | Rendering frame 98
00:42.125  render           | Executing sequencer
00:42.126  render           | Rendering frame 98
00:42.126  render           | Start rendering: KHATIB / Software launch, ViewLayer
00:42.126  render           | Engine: EEVEE
00:42.185  render           | Fra: 98 | Rendering 1 / 16 samples
00:42.211  render           | Fra: 98 | Rendering 16 / 16 samples
00:42.545  render           | Video append frame 98
00:42.545  render           | Time: 00:00.41 (Saving: 00:00.01)
00:42.545  render           | Rendering frame 99
00:42.546  render           | Executing sequencer
00:42.546  render           | Rendering frame 99
00:42.546  render           | Start rendering: KHATIB / Software launch, ViewLayer
00:42.546  render           | Engine: EEVEE
00:42.604  render           | Fra: 99 | Rendering 1 / 16 samples
00:42.628  render           | Fra: 99 | Rendering 16 / 16 samples
00:42.966  render           | Video append frame 99
00:42.966  render           | Time: 00:00.42 (Saving: 00:00.01)
00:42.966  render           | Rendering frame 100
00:42.966  render           | Executing sequencer
00:42.966  render           | Rendering frame 100
00:42.967  render           | Start rendering: KHATIB / Software launch, ViewLayer
00:42.967  render           | Engine: EEVEE
00:43.017  render           | Fra: 100 | Rendering 1 / 16 samples
00:43.043  render           | Fra: 100 | Rendering 16 / 16 samples
00:43.363  render           | Video append frame 100
00:43.363  render           | Time: 00:00.39 (Saving: 00:00.01)
00:43.363  render           | Rendering frame 101
00:43.363  render           | Executing sequencer
00:43.363  render           | Rendering frame 101
00:43.364  render           | Start rendering: KHATIB / Software launch, ViewLayer
00:43.364  render           | Engine: EEVEE
00:43.416  render           | Fra: 101 | Rendering 1 / 16 samples
00:43.443  render           | Fra: 101 | Rendering 16 / 16 samples
00:43.747  render           | Video append frame 101
00:43.748  render           | Time: 00:00.38 (Saving: 00:00.01)
00:43.748  render           | Rendering frame 102
00:43.748  render           | Executing sequencer
00:43.748  render           | Rendering frame 102
00:43.749  render           | Start rendering: KHATIB / Software launch, ViewLayer
00:43.749  render           | Engine: EEVEE
00:43.801  render           | Fra: 102 | Rendering 1 / 16 samples
00:43.825  render           | Fra: 102 | Rendering 16 / 16 samples
00:44.121  render           | Video append frame 102
00:44.121  render           | Time: 00:00.37 (Saving: 00:00.01)
00:44.121  render           | Rendering frame 103
00:44.121  render           | Executing sequencer
00:44.121  render           | Rendering frame 103
00:44.122  render           | Start rendering: KHATIB / Software launch, ViewLayer
00:44.122  render           | Engine: EEVEE
00:44.176  render           | Fra: 103 | Rendering 1 / 16 samples
00:44.204  render           | Fra: 103 | Rendering 16 / 16 samples
00:44.519  render           | Video append frame 103
00:44.520  render           | Time: 00:00.39 (Saving: 00:00.01)
00:44.520  render           | Rendering frame 104
00:44.520  render           | Executing sequencer
00:44.520  render           | Rendering frame 104
00:44.520  render           | Start rendering: KHATIB / Software launch, ViewLayer
00:44.520  render           | Engine: EEVEE
00:44.581  render           | Fra: 104 | Rendering 1 / 16 samples
00:44.608  render           | Fra: 104 | Rendering 16 / 16 samples
00:44.944  render           | Video append frame 104
00:44.944  render           | Time: 00:00.42 (Saving: 00:00.01)
00:44.944  render           | Rendering frame 105
00:44.945  render           | Executing sequencer
00:44.945  render           | Rendering frame 105
00:44.945  render           | Start rendering: KHATIB / Software launch, ViewLayer
00:44.945  render           | Engine: EEVEE
00:45.016  render           | Fra: 105 | Rendering 1 / 16 samples
00:45.043  render           | Fra: 105 | Rendering 16 / 16 samples
00:45.411  render           | Video append frame 105
00:45.411  render           | Time: 00:00.46 (Saving: 00:00.04)
00:45.411  render           | Rendering frame 106
00:45.412  render           | Executing sequencer
00:45.412  render           | Rendering frame 106
00:45.412  render           | Start rendering: KHATIB / Software launch, ViewLayer
00:45.412  render           | Engine: EEVEE
00:45.498  render           | Fra: 106 | Rendering 1 / 16 samples
00:45.526  render           | Fra: 106 | Rendering 16 / 16 samples
00:45.848  render           | Video append frame 106
00:45.848  render           | Time: 00:00.43 (Saving: 00:00.01)
00:45.848  render           | Rendering frame 107
00:45.848  render           | Executing sequencer
00:45.848  render           | Rendering frame 107
00:45.848  render           | Start rendering: KHATIB / Software launch, ViewLayer
00:45.848  render           | Engine: EEVEE
00:45.943  render           | Fra: 107 | Rendering 1 / 16 samples
00:45.969  render           | Fra: 107 | Rendering 16 / 16 samples
00:46.333  render           | Video append frame 107
00:46.333  render           | Time: 00:00.48 (Saving: 00:00.02)
00:46.333  render           | Rendering frame 108
00:46.333  render           | Executing sequencer
00:46.333  render           | Rendering frame 108
00:46.334  render           | Start rendering: KHATIB / Software launch, ViewLayer
00:46.334  render           | Engine: EEVEE
00:46.430  render           | Fra: 108 | Rendering 1 / 16 samples
00:46.459  render           | Fra: 108 | Rendering 16 / 16 samples
00:46.800  render           | Video append frame 108
00:46.800  render           | Time: 00:00.46 (Saving: 00:00.01)
00:46.800  render           | Rendering frame 109
00:46.801  render           | Executing sequencer
00:46.801  render           | Rendering frame 109
00:46.801  render           | Start rendering: KHATIB / Software launch, ViewLayer
00:46.801  render           | Engine: EEVEE
00:46.869  render           | Fra: 109 | Rendering 1 / 16 samples
00:46.897  render           | Fra: 109 | Rendering 16 / 16 samples
00:47.169  render           | Video append frame 109
00:47.170  render           | Time: 00:00.36 (Saving: 00:00.02)
00:47.170  render           | Rendering frame 110
00:47.170  render           | Executing sequencer
00:47.170  render           | Rendering frame 110
00:47.170  render           | Start rendering: KHATIB / Software launch, ViewLayer
00:47.170  render           | Engine: EEVEE
00:47.235  render           | Fra: 110 | Rendering 1 / 16 samples
00:47.264  render           | Fra: 110 | Rendering 16 / 16 samples
00:47.575  render           | Video append frame 110
00:47.575  render           | Time: 00:00.40 (Saving: 00:00.02)
00:47.575  render           | Rendering frame 111
00:47.575  render           | Executing sequencer
00:47.575  render           | Rendering frame 111
00:47.576  render           | Start rendering: KHATIB / Software launch, ViewLayer
00:47.576  render           | Engine: EEVEE
00:47.642  render           | Fra: 111 | Rendering 1 / 16 samples
00:47.670  render           | Fra: 111 | Rendering 16 / 16 samples
00:47.961  render           | Video append frame 111
00:47.962  render           | Time: 00:00.38 (Saving: 00:00.01)
00:47.962  render           | Rendering frame 112
00:47.962  render           | Executing sequencer
00:47.962  render           | Rendering frame 112
00:47.962  render           | Start rendering: KHATIB / Software launch, ViewLayer
00:47.962  render           | Engine: EEVEE
00:48.020  render           | Fra: 112 | Rendering 1 / 16 samples
00:48.049  render           | Fra: 112 | Rendering 16 / 16 samples
00:48.321  render           | Video append frame 112
00:48.321  render           | Time: 00:00.35 (Saving: 00:00.01)
00:48.321  render           | Rendering frame 113
00:48.321  render           | Executing sequencer
00:48.321  render           | Rendering frame 113
00:48.322  render           | Start rendering: KHATIB / Software launch, ViewLayer
00:48.322  render           | Engine: EEVEE
00:48.379  render           | Fra: 113 | Rendering 1 / 16 samples
00:48.406  render           | Fra: 113 | Rendering 16 / 16 samples
00:48.678  render           | Video append frame 113
00:48.678  render           | Time: 00:00.35 (Saving: 00:00.01)
00:48.678  render           | Rendering frame 114
00:48.679  render           | Executing sequencer
00:48.686  render           | Rendering frame 114
00:48.687  render           | Start rendering: KHATIB / Software launch, ViewLayer
00:48.687  render           | Engine: EEVEE
00:48.741  render           | Fra: 114 | Rendering 1 / 16 samples
00:48.767  render           | Fra: 114 | Rendering 16 / 16 samples
00:49.050  render           | Video append frame 114
00:49.050  render           | Time: 00:00.37 (Saving: 00:00.01)
00:49.050  render           | Rendering frame 115
00:49.050  render           | Executing sequencer
00:49.056  render           | Rendering frame 115
00:49.056  render           | Start rendering: KHATIB / Software launch, ViewLayer
00:49.056  render           | Engine: EEVEE
00:49.107  render           | Fra: 115 | Rendering 1 / 16 samples
00:49.132  render           | Fra: 115 | Rendering 16 / 16 samples
00:49.408  render           | Video append frame 115
00:49.408  render           | Time: 00:00.35 (Saving: 00:00.01)
00:49.408  render           | Rendering frame 116
00:49.408  render           | Executing sequencer
00:49.414  render           | Rendering frame 116
00:49.414  render           | Start rendering: KHATIB / Software launch, ViewLayer
00:49.414  render           | Engine: EEVEE
00:49.463  render           | Fra: 116 | Rendering 1 / 16 samples
00:49.489  render           | Fra: 116 | Rendering 16 / 16 samples
00:49.759  render           | Video append frame 116
00:49.759  render           | Time: 00:00.35 (Saving: 00:00.01)
00:49.759  render           | Rendering frame 117
00:49.760  render           | Executing sequencer
00:49.760  render           | Rendering frame 117
00:49.760  render           | Start rendering: KHATIB / Software launch, ViewLayer
00:49.760  render           | Engine: EEVEE
00:49.813  render           | Fra: 117 | Rendering 1 / 16 samples
00:49.838  render           | Fra: 117 | Rendering 16 / 16 samples
00:50.126  render           | Video append frame 117
00:50.126  render           | Time: 00:00.36 (Saving: 00:00.02)
00:50.126  render           | Rendering frame 118
00:50.126  render           | Executing sequencer
00:50.127  render           | Rendering frame 118
00:50.127  render           | Start rendering: KHATIB / Software launch, ViewLayer
00:50.127  render           | Engine: EEVEE
00:50.184  render           | Fra: 118 | Rendering 1 / 16 samples
00:50.210  render           | Fra: 118 | Rendering 16 / 16 samples
00:50.491  render           | Video append frame 118
00:50.491  render           | Time: 00:00.36 (Saving: 00:00.01)
00:50.491  render           | Rendering frame 119
00:50.492  render           | Executing sequencer
00:50.492  render           | Rendering frame 119
00:50.493  render           | Start rendering: KHATIB / Software launch, ViewLayer
00:50.493  render           | Engine: EEVEE
00:50.545  render           | Fra: 119 | Rendering 1 / 16 samples
00:50.570  render           | Fra: 119 | Rendering 16 / 16 samples
00:50.863  render           | Video append frame 119
00:50.863  render           | Time: 00:00.37 (Saving: 00:00.01)
00:50.863  render           | Rendering frame 120
00:50.863  render           | Executing sequencer
00:50.864  render           | Rendering frame 120
00:50.864  render           | Start rendering: KHATIB / Software launch, ViewLayer
00:50.864  render           | Engine: EEVEE
00:50.918  render           | Fra: 120 | Rendering 1 / 16 samples
00:50.945  render           | Fra: 120 | Rendering 16 / 16 samples
00:51.251  render           | Video append frame 120
00:51.251  render           | Time: 00:00.38 (Saving: 00:00.01)
00:51.251  render           | Rendering frame 121
00:51.251  render           | Executing sequencer
00:51.254  render           | Rendering frame 121
00:51.254  render           | Start rendering: KHATIB / Software launch, ViewLayer
00:51.254  render           | Engine: EEVEE
00:51.313  render           | Fra: 121 | Rendering 1 / 16 samples
00:51.338  render           | Fra: 121 | Rendering 16 / 16 samples
00:51.641  render           | Video append frame 121
00:51.641  render           | Time: 00:00.39 (Saving: 00:00.01)
00:51.641  render           | Rendering frame 122
00:51.642  render           | Executing sequencer
00:51.643  render           | Rendering frame 122
00:51.644  render           | Start rendering: KHATIB / Software launch, ViewLayer
00:51.644  render           | Engine: EEVEE
00:51.704  render           | Fra: 122 | Rendering 1 / 16 samples
00:51.730  render           | Fra: 122 | Rendering 16 / 16 samples
00:52.047  render           | Video append frame 122
00:52.048  render           | Time: 00:00.40 (Saving: 00:00.01)
00:52.048  render           | Rendering frame 123
00:52.049  render           | Executing sequencer
00:52.050  render           | Rendering frame 123
00:52.050  render           | Start rendering: KHATIB / Software launch, ViewLayer
00:52.051  render           | Engine: EEVEE
00:52.106  render           | Fra: 123 | Rendering 1 / 16 samples
00:52.133  render           | Fra: 123 | Rendering 16 / 16 samples
00:52.445  render           | Video append frame 123
00:52.445  render           | Time: 00:00.39 (Saving: 00:00.01)
00:52.445  render           | Rendering frame 124
00:52.445  render           | Executing sequencer
00:52.446  render           | Rendering frame 124
00:52.446  render           | Start rendering: KHATIB / Software launch, ViewLayer
00:52.446  render           | Engine: EEVEE
00:52.514  render           | Fra: 124 | Rendering 1 / 16 samples
00:52.541  render           | Fra: 124 | Rendering 16 / 16 samples
00:52.836  render           | Video append frame 124
00:52.836  render           | Time: 00:00.39 (Saving: 00:00.01)
00:52.836  render           | Rendering frame 125
00:52.837  render           | Executing sequencer
00:52.838  render           | Rendering frame 125
00:52.838  render           | Start rendering: KHATIB / Software launch, ViewLayer
00:52.838  render           | Engine: EEVEE
00:52.921  render           | Fra: 125 | Rendering 1 / 16 samples
00:52.947  render           | Fra: 125 | Rendering 16 / 16 samples
00:53.259  render           | Video append frame 125
00:53.259  render           | Time: 00:00.42 (Saving: 00:00.01)
00:53.259  render           | Rendering frame 126
00:53.260  render           | Executing sequencer
00:53.260  render           | Rendering frame 126
00:53.261  render           | Start rendering: KHATIB / Software launch, ViewLayer
00:53.261  render           | Engine: EEVEE
00:53.316  render           | Fra: 126 | Rendering 1 / 16 samples
00:53.343  render           | Fra: 126 | Rendering 16 / 16 samples
00:53.642  render           | Video append frame 126
00:53.642  render           | Time: 00:00.38 (Saving: 00:00.01)
00:53.642  render           | Rendering frame 127
00:53.643  render           | Executing sequencer
00:53.643  render           | Rendering frame 127
00:53.644  render           | Start rendering: KHATIB / Software launch, ViewLayer
00:53.644  render           | Engine: EEVEE
00:53.701  render           | Fra: 127 | Rendering 1 / 16 samples
00:53.731  render           | Fra: 127 | Rendering 16 / 16 samples
00:54.024  render           | Video append frame 127
00:54.024  render           | Time: 00:00.38 (Saving: 00:00.01)
00:54.024  render           | Rendering frame 128
00:54.024  render           | Executing sequencer
00:54.026  render           | Rendering frame 128
00:54.026  render           | Start rendering: KHATIB / Software launch, ViewLayer
00:54.026  render           | Engine: EEVEE
00:54.085  render           | Fra: 128 | Rendering 1 / 16 samples
00:54.110  render           | Fra: 128 | Rendering 16 / 16 samples
00:54.420  render           | Video append frame 128
00:54.420  render           | Time: 00:00.39 (Saving: 00:00.01)
00:54.420  render           | Rendering frame 129
00:54.421  render           | Executing sequencer
00:54.422  render           | Rendering frame 129
00:54.422  render           | Start rendering: KHATIB / Software launch, ViewLayer
00:54.422  render           | Engine: EEVEE
00:54.481  render           | Fra: 129 | Rendering 1 / 16 samples
00:54.508  render           | Fra: 129 | Rendering 16 / 16 samples
00:54.807  render           | Video append frame 129
00:54.807  render           | Time: 00:00.38 (Saving: 00:00.01)
00:54.807  render           | Rendering frame 130
00:54.808  render           | Executing sequencer
00:54.808  render           | Rendering frame 130
00:54.809  render           | Start rendering: KHATIB / Software launch, ViewLayer
00:54.809  render           | Engine: EEVEE
00:54.866  render           | Fra: 130 | Rendering 1 / 16 samples
00:54.894  render           | Fra: 130 | Rendering 16 / 16 samples
00:55.185  render           | Video append frame 130
00:55.185  render           | Time: 00:00.37 (Saving: 00:00.01)
00:55.185  render           | Rendering frame 131
00:55.186  render           | Executing sequencer
00:55.186  render           | Rendering frame 131
00:55.186  render           | Start rendering: KHATIB / Software launch, ViewLayer
00:55.186  render           | Engine: EEVEE
00:55.239  render           | Fra: 131 | Rendering 1 / 16 samples
00:55.264  render           | Fra: 131 | Rendering 16 / 16 samples
00:55.556  render           | Video append frame 131
00:55.556  render           | Time: 00:00.37 (Saving: 00:00.01)
00:55.556  render           | Rendering frame 132
00:55.557  render           | Executing sequencer
00:55.557  render           | Rendering frame 132
00:55.558  render           | Start rendering: KHATIB / Software launch, ViewLayer
00:55.558  render           | Engine: EEVEE
00:55.611  render           | Fra: 132 | Rendering 1 / 16 samples
00:55.638  render           | Fra: 132 | Rendering 16 / 16 samples
00:55.939  render           | Video append frame 132
00:55.939  render           | Time: 00:00.38 (Saving: 00:00.01)
00:55.939  render           | Rendering frame 133
00:55.939  render           | Executing sequencer
00:55.940  render           | Rendering frame 133
00:55.940  render           | Start rendering: KHATIB / Software launch, ViewLayer
00:55.940  render           | Engine: EEVEE
00:56.002  render           | Fra: 133 | Rendering 1 / 16 samples
00:56.030  render           | Fra: 133 | Rendering 16 / 16 samples
00:56.335  render           | Video append frame 133
00:56.335  render           | Time: 00:00.39 (Saving: 00:00.01)
00:56.335  render           | Rendering frame 134
00:56.335  render           | Executing sequencer
00:56.336  render           | Rendering frame 134
00:56.337  render           | Start rendering: KHATIB / Software launch, ViewLayer
00:56.337  render           | Engine: EEVEE
00:56.391  render           | Fra: 134 | Rendering 1 / 16 samples
00:56.417  render           | Fra: 134 | Rendering 16 / 16 samples
00:56.710  render           | Video append frame 134
00:56.710  render           | Time: 00:00.37 (Saving: 00:00.01)
00:56.710  render           | Rendering frame 135
00:56.710  render           | Executing sequencer
00:56.711  render           | Rendering frame 135
00:56.711  render           | Start rendering: KHATIB / Software launch, ViewLayer
00:56.711  render           | Engine: EEVEE
00:56.768  render           | Fra: 135 | Rendering 1 / 16 samples
00:56.794  render           | Fra: 135 | Rendering 16 / 16 samples
00:57.094  render           | Video append frame 135
00:57.094  render           | Time: 00:00.38 (Saving: 00:00.01)
00:57.094  render           | Rendering frame 136
00:57.095  render           | Executing sequencer
00:57.095  render           | Rendering frame 136
00:57.095  render           | Start rendering: KHATIB / Software launch, ViewLayer
00:57.095  render           | Engine: EEVEE
00:57.148  render           | Fra: 136 | Rendering 1 / 16 samples
00:57.174  render           | Fra: 136 | Rendering 16 / 16 samples
00:57.490  render           | Video append frame 136
00:57.490  render           | Time: 00:00.39 (Saving: 00:00.02)
00:57.490  render           | Rendering frame 137
00:57.490  render           | Executing sequencer
00:57.490  render           | Rendering frame 137
00:57.490  render           | Start rendering: KHATIB / Software launch, ViewLayer
00:57.490  render           | Engine: EEVEE
00:57.554  render           | Fra: 137 | Rendering 1 / 16 samples
00:57.580  render           | Fra: 137 | Rendering 16 / 16 samples
00:57.912  render           | Video append frame 137
00:57.912  render           | Time: 00:00.42 (Saving: 00:00.01)
00:57.912  render           | Rendering frame 138
00:57.913  render           | Executing sequencer
00:57.913  render           | Rendering frame 138
00:57.913  render           | Start rendering: KHATIB / Software launch, ViewLayer
00:57.913  render           | Engine: EEVEE
00:57.980  render           | Fra: 138 | Rendering 1 / 16 samples
00:58.016  render           | Fra: 138 | Rendering 16 / 16 samples
00:58.351  render           | Video append frame 138
00:58.354  render           | Time: 00:00.44 (Saving: 00:00.01)
00:58.354  render           | Rendering frame 139
00:58.355  render           | Executing sequencer
00:58.355  render           | Rendering frame 139
00:58.355  render           | Start rendering: KHATIB / Software launch, ViewLayer
00:58.355  render           | Engine: EEVEE
00:58.407  render           | Fra: 139 | Rendering 1 / 16 samples
00:58.432  render           | Fra: 139 | Rendering 16 / 16 samples
00:58.699  render           | Video append frame 139
00:58.699  render           | Time: 00:00.34 (Saving: 00:00.01)
00:58.700  render           | Rendering frame 140
00:58.700  render           | Executing sequencer
00:58.700  render           | Rendering frame 140
00:58.700  render           | Start rendering: KHATIB / Software launch, ViewLayer
00:58.700  render           | Engine: EEVEE
00:58.760  render           | Fra: 140 | Rendering 1 / 16 samples
00:58.785  render           | Fra: 140 | Rendering 16 / 16 samples
00:59.070  render           | Video append frame 140
00:59.070  render           | Time: 00:00.37 (Saving: 00:00.01)
00:59.070  render           | Rendering frame 141
00:59.071  render           | Executing sequencer
00:59.071  render           | Rendering frame 141
00:59.071  render           | Start rendering: KHATIB / Software launch, ViewLayer
00:59.071  render           | Engine: EEVEE
00:59.126  render           | Fra: 141 | Rendering 1 / 16 samples
00:59.153  render           | Fra: 141 | Rendering 16 / 16 samples
00:59.427  render           | Video append frame 141
00:59.427  render           | Time: 00:00.35 (Saving: 00:00.01)
00:59.427  render           | Rendering frame 142
00:59.428  render           | Executing sequencer
00:59.428  render           | Rendering frame 142
00:59.428  render           | Start rendering: KHATIB / Software launch, ViewLayer
00:59.428  render           | Engine: EEVEE
00:59.495  render           | Fra: 142 | Rendering 1 / 16 samples
00:59.520  render           | Fra: 142 | Rendering 16 / 16 samples
00:59.807  render           | Video append frame 142
00:59.807  render           | Time: 00:00.37 (Saving: 00:00.01)
00:59.807  render           | Rendering frame 143
00:59.808  render           | Executing sequencer
00:59.808  render           | Rendering frame 143
00:59.808  render           | Start rendering: KHATIB / Software launch, ViewLayer
00:59.808  render           | Engine: EEVEE
00:59.860  render           | Fra: 143 | Rendering 1 / 16 samples
00:59.885  render           | Fra: 143 | Rendering 16 / 16 samples
01:00.162  render           | Video append frame 143
01:00.162  render           | Time: 00:00.35 (Saving: 00:00.01)
01:00.162  render           | Rendering frame 144
01:00.163  render           | Executing sequencer
01:00.163  render           | Rendering frame 144
01:00.163  render           | Start rendering: KHATIB / Software launch, ViewLayer
01:00.163  render           | Engine: EEVEE
01:00.217  render           | Fra: 144 | Rendering 1 / 16 samples
01:00.243  render           | Fra: 144 | Rendering 16 / 16 samples
01:00.523  render           | Video append frame 144
01:00.523  render           | Time: 00:00.36 (Saving: 00:00.01)
01:00.523  render           | Rendering frame 145
01:00.524  render           | Executing sequencer
01:00.524  render           | Rendering frame 145
01:00.524  render           | Start rendering: KHATIB / Software launch, ViewLayer
01:00.524  render           | Engine: EEVEE
01:00.575  render           | Fra: 145 | Rendering 1 / 16 samples
01:00.599  render           | Fra: 145 | Rendering 16 / 16 samples
01:00.881  render           | Video append frame 145
01:00.882  render           | Time: 00:00.35 (Saving: 00:00.01)
01:00.882  render           | Rendering frame 146
01:00.882  render           | Executing sequencer
01:00.882  render           | Rendering frame 146
01:00.882  render           | Start rendering: KHATIB / Software launch, ViewLayer
01:00.882  render           | Engine: EEVEE
01:00.934  render           | Fra: 146 | Rendering 1 / 16 samples
01:00.961  render           | Fra: 146 | Rendering 16 / 16 samples
01:01.236  render           | Video append frame 146
01:01.236  render           | Time: 00:00.35 (Saving: 00:00.01)
01:01.236  render           | Rendering frame 147
01:01.237  render           | Executing sequencer
01:01.237  render           | Rendering frame 147
01:01.237  render           | Start rendering: KHATIB / Software launch, ViewLayer
01:01.237  render           | Engine: EEVEE
01:01.293  render           | Fra: 147 | Rendering 1 / 16 samples
01:01.317  render           | Fra: 147 | Rendering 16 / 16 samples
01:01.604  render           | Video append frame 147
01:01.604  render           | Time: 00:00.36 (Saving: 00:00.01)
01:01.604  render           | Rendering frame 148
01:01.605  render           | Executing sequencer
01:01.605  render           | Rendering frame 148
01:01.605  render           | Start rendering: KHATIB / Software launch, ViewLayer
01:01.605  render           | Engine: EEVEE
01:01.660  render           | Fra: 148 | Rendering 1 / 16 samples
01:01.686  render           | Fra: 148 | Rendering 16 / 16 samples
01:01.974  render           | Video append frame 148
01:01.974  render           | Time: 00:00.36 (Saving: 00:00.01)
01:01.974  render           | Rendering frame 149
01:01.975  render           | Executing sequencer
01:01.975  render           | Rendering frame 149
01:01.975  render           | Start rendering: KHATIB / Software launch, ViewLayer
01:01.975  render           | Engine: EEVEE
01:02.028  render           | Fra: 149 | Rendering 1 / 16 samples
01:02.055  render           | Fra: 149 | Rendering 16 / 16 samples
01:02.343  render           | Video append frame 149
01:02.343  render           | Time: 00:00.36 (Saving: 00:00.01)
01:02.343  render           | Rendering frame 150
01:02.344  render           | Executing sequencer
01:02.344  render           | Rendering frame 150
01:02.344  render           | Start rendering: KHATIB / Software launch, ViewLayer
01:02.344  render           | Engine: EEVEE
01:02.412  render           | Fra: 150 | Rendering 1 / 16 samples
01:02.439  render           | Fra: 150 | Rendering 16 / 16 samples
01:02.740  render           | Video append frame 150
01:02.740  render           | Time: 00:00.39 (Saving: 00:00.01)
01:02.740  render           | Rendering frame 151
01:02.741  render           | Executing sequencer
01:02.741  render           | Rendering frame 151
01:02.741  render           | Start rendering: KHATIB / Software launch, ViewLayer
01:02.741  render           | Engine: EEVEE
01:02.795  render           | Fra: 151 | Rendering 1 / 16 samples
01:02.821  render           | Fra: 151 | Rendering 16 / 16 samples
01:03.127  render           | Video append frame 151
01:03.127  render           | Time: 00:00.38 (Saving: 00:00.01)
01:03.127  render           | Rendering frame 152
01:03.127  render           | Executing sequencer
01:03.128  render           | Rendering frame 152
01:03.128  render           | Start rendering: KHATIB / Software launch, ViewLayer
01:03.128  render           | Engine: EEVEE
01:03.180  render           | Fra: 152 | Rendering 1 / 16 samples
01:03.204  render           | Fra: 152 | Rendering 16 / 16 samples
01:03.481  render           | Video append frame 152
01:03.481  render           | Time: 00:00.35 (Saving: 00:00.01)
01:03.481  render           | Rendering frame 153
01:03.482  render           | Executing sequencer
01:03.482  render           | Rendering frame 153
01:03.482  render           | Start rendering: KHATIB / Software launch, ViewLayer
01:03.482  render           | Engine: EEVEE
01:03.538  render           | Fra: 153 | Rendering 1 / 16 samples
01:03.562  render           | Fra: 153 | Rendering 16 / 16 samples
01:03.836  render           | Video append frame 153
01:03.836  render           | Time: 00:00.35 (Saving: 00:00.01)
01:03.836  render           | Rendering frame 154
01:03.837  render           | Executing sequencer
01:03.837  render           | Rendering frame 154
01:03.837  render           | Start rendering: KHATIB / Software launch, ViewLayer
01:03.837  render           | Engine: EEVEE
01:03.887  render           | Fra: 154 | Rendering 1 / 16 samples
01:03.913  render           | Fra: 154 | Rendering 16 / 16 samples
01:04.200  render           | Video append frame 154
01:04.200  render           | Time: 00:00.36 (Saving: 00:00.01)
01:04.200  render           | Rendering frame 155
01:04.200  render           | Executing sequencer
01:04.200  render           | Rendering frame 155
01:04.200  render           | Start rendering: KHATIB / Software launch, ViewLayer
01:04.200  render           | Engine: EEVEE
01:04.253  render           | Fra: 155 | Rendering 1 / 16 samples
01:04.277  render           | Fra: 155 | Rendering 16 / 16 samples
01:04.581  render           | Video append frame 155
01:04.581  render           | Time: 00:00.38 (Saving: 00:00.01)
01:04.581  render           | Rendering frame 156
01:04.582  render           | Executing sequencer
01:04.582  render           | Rendering frame 156
01:04.582  render           | Start rendering: KHATIB / Software launch, ViewLayer
01:04.582  render           | Engine: EEVEE
01:04.633  render           | Fra: 156 | Rendering 1 / 16 samples
01:04.658  render           | Fra: 156 | Rendering 16 / 16 samples
01:04.960  render           | Video append frame 156
01:04.960  render           | Time: 00:00.37 (Saving: 00:00.01)
01:04.960  render           | Rendering frame 157
01:04.960  render           | Executing sequencer
01:04.960  render           | Rendering frame 157
01:04.960  render           | Start rendering: KHATIB / Software launch, ViewLayer
01:04.960  render           | Engine: EEVEE
01:05.013  render           | Fra: 157 | Rendering 1 / 16 samples
01:05.039  render           | Fra: 157 | Rendering 16 / 16 samples
01:05.347  render           | Video append frame 157
01:05.347  render           | Time: 00:00.38 (Saving: 00:00.01)
01:05.347  render           | Rendering frame 158
01:05.348  render           | Executing sequencer
01:05.348  render           | Rendering frame 158
01:05.348  render           | Start rendering: KHATIB / Software launch, ViewLayer
01:05.348  render           | Engine: EEVEE
01:05.408  render           | Fra: 158 | Rendering 1 / 16 samples
01:05.434  render           | Fra: 158 | Rendering 16 / 16 samples
01:05.741  render           | Video append frame 158
01:05.741  render           | Time: 00:00.39 (Saving: 00:00.01)
01:05.741  render           | Rendering frame 159
01:05.742  render           | Executing sequencer
01:05.747  render           | Rendering frame 159
01:05.747  render           | Start rendering: KHATIB / Software launch, ViewLayer
01:05.748  render           | Engine: EEVEE
01:05.816  render           | Fra: 159 | Rendering 1 / 16 samples
01:05.841  render           | Fra: 159 | Rendering 16 / 16 samples
01:06.215  render           | Video append frame 159
01:06.216  render           | Time: 00:00.47 (Saving: 00:00.02)
01:06.216  render           | Rendering frame 160
01:06.216  render           | Executing sequencer
01:06.223  render           | Rendering frame 160
01:06.223  render           | Start rendering: KHATIB / Software launch, ViewLayer
01:06.223  render           | Engine: EEVEE
01:06.293  render           | Fra: 160 | Rendering 1 / 16 samples
01:06.319  render           | Fra: 160 | Rendering 16 / 16 samples
01:06.652  render           | Video append frame 160
01:06.652  render           | Time: 00:00.43 (Saving: 00:00.01)
01:06.652  render           | Rendering frame 161
01:06.652  render           | Executing sequencer
01:06.658  render           | Rendering frame 161
01:06.659  render           | Start rendering: KHATIB / Software launch, ViewLayer
01:06.659  render           | Engine: EEVEE
01:06.722  render           | Fra: 161 | Rendering 1 / 16 samples
01:06.750  render           | Fra: 161 | Rendering 16 / 16 samples
01:07.062  render           | Video append frame 161
01:07.062  render           | Time: 00:00.40 (Saving: 00:00.01)
01:07.062  render           | Rendering frame 162
01:07.062  render           | Executing sequencer
01:07.062  render           | Rendering frame 162
01:07.063  render           | Start rendering: KHATIB / Software launch, ViewLayer
01:07.063  render           | Engine: EEVEE
01:07.124  render           | Fra: 162 | Rendering 1 / 16 samples
01:07.151  render           | Fra: 162 | Rendering 16 / 16 samples
01:07.446  render           | Video append frame 162
01:07.446  render           | Time: 00:00.38 (Saving: 00:00.01)
01:07.446  render           | Rendering frame 163
01:07.446  render           | Executing sequencer
01:07.447  render           | Rendering frame 163
01:07.447  render           | Start rendering: KHATIB / Software launch, ViewLayer
01:07.447  render           | Engine: EEVEE
01:07.509  render           | Fra: 163 | Rendering 1 / 16 samples
01:07.535  render           | Fra: 163 | Rendering 16 / 16 samples
01:07.848  render           | Video append frame 163
01:07.848  render           | Time: 00:00.40 (Saving: 00:00.01)
01:07.848  render           | Rendering frame 164
01:07.849  render           | Executing sequencer
01:07.850  render           | Rendering frame 164
01:07.850  render           | Start rendering: KHATIB / Software launch, ViewLayer
01:07.850  render           | Engine: EEVEE
01:07.908  render           | Fra: 164 | Rendering 1 / 16 samples
01:07.931  render           | Fra: 164 | Rendering 16 / 16 samples
01:08.240  render           | Video append frame 164
01:08.240  render           | Time: 00:00.39 (Saving: 00:00.01)
01:08.241  render           | Rendering frame 165
01:08.241  render           | Executing sequencer
01:08.242  render           | Rendering frame 165
01:08.242  render           | Start rendering: KHATIB / Software launch, ViewLayer
01:08.242  render           | Engine: EEVEE
01:08.300  render           | Fra: 165 | Rendering 1 / 16 samples
01:08.327  render           | Fra: 165 | Rendering 16 / 16 samples
01:08.636  render           | Video append frame 165
01:08.637  render           | Time: 00:00.39 (Saving: 00:00.01)
01:08.637  render           | Rendering frame 166
01:08.637  render           | Executing sequencer
01:08.702  render           | Rendering frame 166
01:08.702  render           | Start rendering: KHATIB / Software launch, ViewLayer
01:08.702  render           | Engine: EEVEE
01:08.755  render           | Fra: 166 | Rendering 1 / 16 samples
01:08.780  render           | Fra: 166 | Rendering 16 / 16 samples
01:09.110  render           | Video append frame 166
01:09.110  render           | Time: 00:00.47 (Saving: 00:00.01)
01:09.110  render           | Rendering frame 167
01:09.110  render           | Executing sequencer
01:09.111  render           | Rendering frame 167
01:09.111  render           | Start rendering: KHATIB / Software launch, ViewLayer
01:09.111  render           | Engine: EEVEE
01:09.167  render           | Fra: 167 | Rendering 1 / 16 samples
01:09.191  render           | Fra: 167 | Rendering 16 / 16 samples
01:09.490  render           | Video append frame 167
01:09.490  render           | Time: 00:00.37 (Saving: 00:00.01)
01:09.490  render           | Rendering frame 168
01:09.490  render           | Executing sequencer
01:09.491  render           | Rendering frame 168
01:09.491  render           | Start rendering: KHATIB / Software launch, ViewLayer
01:09.491  render           | Engine: EEVEE
01:09.541  render           | Fra: 168 | Rendering 1 / 16 samples
01:09.566  render           | Fra: 168 | Rendering 16 / 16 samples
01:09.847  render           | Video append frame 168
01:09.847  render           | Time: 00:00.35 (Saving: 00:00.01)
01:09.848  render           | Rendering frame 169
01:09.848  render           | Executing sequencer
01:09.848  render           | Rendering frame 169
01:09.849  render           | Start rendering: KHATIB / Software launch, ViewLayer
01:09.849  render           | Engine: EEVEE
01:09.902  render           | Fra: 169 | Rendering 1 / 16 samples
01:09.927  render           | Fra: 169 | Rendering 16 / 16 samples
01:10.206  render           | Video append frame 169
01:10.206  render           | Time: 00:00.35 (Saving: 00:00.01)
01:10.206  render           | Rendering frame 170
01:10.207  render           | Executing sequencer
01:10.207  render           | Rendering frame 170
01:10.207  render           | Start rendering: KHATIB / Software launch, ViewLayer
01:10.207  render           | Engine: EEVEE
01:10.280  render           | Fra: 170 | Rendering 1 / 16 samples
01:10.306  render           | Fra: 170 | Rendering 16 / 16 samples
01:10.619  render           | Video append frame 170
01:10.619  render           | Time: 00:00.41 (Saving: 00:00.01)
01:10.619  render           | Rendering frame 171
01:10.620  render           | Executing sequencer
01:10.620  render           | Rendering frame 171
01:10.620  render           | Start rendering: KHATIB / Software launch, ViewLayer
01:10.620  render           | Engine: EEVEE
01:10.675  render           | Fra: 171 | Rendering 1 / 16 samples
01:10.700  render           | Fra: 171 | Rendering 16 / 16 samples
01:11.002  render           | Video append frame 171
01:11.002  render           | Time: 00:00.38 (Saving: 00:00.01)
01:11.002  render           | Rendering frame 172
01:11.002  render           | Executing sequencer
01:11.003  render           | Rendering frame 172
01:11.003  render           | Start rendering: KHATIB / Software launch, ViewLayer
01:11.003  render           | Engine: EEVEE
01:11.054  render           | Fra: 172 | Rendering 1 / 16 samples
01:11.083  render           | Fra: 172 | Rendering 16 / 16 samples
01:11.392  render           | Video append frame 172
01:11.392  render           | Time: 00:00.39 (Saving: 00:00.01)
01:11.392  render           | Rendering frame 173
01:11.393  render           | Executing sequencer
01:11.393  render           | Rendering frame 173
01:11.394  render           | Start rendering: KHATIB / Software launch, ViewLayer
01:11.394  render           | Engine: EEVEE
01:11.444  render           | Fra: 173 | Rendering 1 / 16 samples
01:11.468  render           | Fra: 173 | Rendering 16 / 16 samples
01:11.767  render           | Video append frame 173
01:11.767  render           | Time: 00:00.37 (Saving: 00:00.01)
01:11.767  render           | Rendering frame 174
01:11.767  render           | Executing sequencer
01:11.768  render           | Rendering frame 174
01:11.768  render           | Start rendering: KHATIB / Software launch, ViewLayer
01:11.768  render           | Engine: EEVEE
01:11.818  render           | Fra: 174 | Rendering 1 / 16 samples
01:11.841  render           | Fra: 174 | Rendering 16 / 16 samples
01:12.134  render           | Video append frame 174
01:12.134  render           | Time: 00:00.36 (Saving: 00:00.01)
01:12.134  render           | Rendering frame 175
01:12.135  render           | Executing sequencer
01:12.135  render           | Rendering frame 175
01:12.136  render           | Start rendering: KHATIB / Software launch, ViewLayer
01:12.136  render           | Engine: EEVEE
01:12.184  render           | Fra: 175 | Rendering 1 / 16 samples
01:12.209  render           | Fra: 175 | Rendering 16 / 16 samples
01:12.503  render           | Video append frame 175
01:12.503  render           | Time: 00:00.36 (Saving: 00:00.01)
01:12.503  render           | Rendering frame 176
01:12.503  render           | Executing sequencer
01:12.504  render           | Rendering frame 176
01:12.504  render           | Start rendering: KHATIB / Software launch, ViewLayer
01:12.504  render           | Engine: EEVEE
01:12.558  render           | Fra: 176 | Rendering 1 / 16 samples
01:12.583  render           | Fra: 176 | Rendering 16 / 16 samples
01:12.890  render           | Video append frame 176
01:12.890  render           | Time: 00:00.38 (Saving: 00:00.01)
01:12.890  render           | Rendering frame 177
01:12.890  render           | Executing sequencer
01:12.891  render           | Rendering frame 177
01:12.892  render           | Start rendering: KHATIB / Software launch, ViewLayer
01:12.892  render           | Engine: EEVEE
01:12.948  render           | Fra: 177 | Rendering 1 / 16 samples
01:12.973  render           | Fra: 177 | Rendering 16 / 16 samples
01:13.293  render           | Video append frame 177
01:13.294  render           | Time: 00:00.40 (Saving: 00:00.01)
01:13.294  render           | Rendering frame 178
01:13.294  render           | Executing sequencer
01:13.294  render           | Rendering frame 178
01:13.295  render           | Start rendering: KHATIB / Software launch, ViewLayer
01:13.295  render           | Engine: EEVEE
01:13.346  render           | Fra: 178 | Rendering 1 / 16 samples
01:13.371  render           | Fra: 178 | Rendering 16 / 16 samples
01:13.676  render           | Video append frame 178
01:13.676  render           | Time: 00:00.38 (Saving: 00:00.01)
01:13.676  render           | Rendering frame 179
01:13.677  render           | Executing sequencer
01:13.677  render           | Rendering frame 179
01:13.678  render           | Start rendering: KHATIB / Software launch, ViewLayer
01:13.678  render           | Engine: EEVEE
01:13.732  render           | Fra: 179 | Rendering 1 / 16 samples
01:13.756  render           | Fra: 179 | Rendering 16 / 16 samples
01:14.057  render           | Video append frame 179
01:14.057  render           | Time: 00:00.38 (Saving: 00:00.01)
01:14.057  render           | Rendering frame 180
01:14.058  render           | Executing sequencer
01:14.058  render           | Rendering frame 180
01:14.059  render           | Start rendering: KHATIB / Software launch, ViewLayer
01:14.059  render           | Engine: EEVEE
01:14.112  render           | Fra: 180 | Rendering 1 / 16 samples
01:14.138  render           | Fra: 180 | Rendering 16 / 16 samples
01:14.443  render           | Video append frame 180
01:14.443  render           | Time: 00:00.38 (Saving: 00:00.01)
01:14.443  render           | Rendering frame 181
01:14.443  render           | Executing sequencer
01:14.444  render           | Rendering frame 181
01:14.444  render           | Start rendering: KHATIB / Software launch, ViewLayer
01:14.444  render           | Engine: EEVEE
01:14.494  render           | Fra: 181 | Rendering 1 / 16 samples
01:14.519  render           | Fra: 181 | Rendering 16 / 16 samples
01:14.824  render           | Video append frame 181
01:14.824  render           | Time: 00:00.38 (Saving: 00:00.01)
01:14.824  render           | Rendering frame 182
01:14.824  render           | Executing sequencer
01:14.825  render           | Rendering frame 182
01:14.825  render           | Start rendering: KHATIB / Software launch, ViewLayer
01:14.825  render           | Engine: EEVEE
01:14.879  render           | Fra: 182 | Rendering 1 / 16 samples
01:14.905  render           | Fra: 182 | Rendering 16 / 16 samples
01:15.207  render           | Video append frame 182
01:15.207  render           | Time: 00:00.38 (Saving: 00:00.01)
01:15.207  render           | Rendering frame 183
01:15.207  render           | Executing sequencer
01:15.208  render           | Rendering frame 183
01:15.208  render           | Start rendering: KHATIB / Software launch, ViewLayer
01:15.208  render           | Engine: EEVEE
01:15.258  render           | Fra: 183 | Rendering 1 / 16 samples
01:15.282  render           | Fra: 183 | Rendering 16 / 16 samples
01:15.585  render           | Video append frame 183
01:15.586  render           | Time: 00:00.37 (Saving: 00:00.01)
01:15.586  render           | Rendering frame 184
01:15.586  render           | Executing sequencer
01:15.587  render           | Rendering frame 184
01:15.588  render           | Start rendering: KHATIB / Software launch, ViewLayer
01:15.588  render           | Engine: EEVEE
01:15.644  render           | Fra: 184 | Rendering 1 / 16 samples
01:15.671  render           | Fra: 184 | Rendering 16 / 16 samples
01:15.968  render           | Video append frame 184
01:15.968  render           | Time: 00:00.38 (Saving: 00:00.01)
01:15.968  render           | Rendering frame 185
01:15.968  render           | Executing sequencer
01:15.969  render           | Rendering frame 185
01:15.969  render           | Start rendering: KHATIB / Software launch, ViewLayer
01:15.969  render           | Engine: EEVEE
01:16.023  render           | Fra: 185 | Rendering 1 / 16 samples
01:16.047  render           | Fra: 185 | Rendering 16 / 16 samples
01:16.342  render           | Video append frame 185
01:16.342  render           | Time: 00:00.37 (Saving: 00:00.01)
01:16.342  render           | Rendering frame 186
01:16.342  render           | Executing sequencer
01:16.343  render           | Rendering frame 186
01:16.343  render           | Start rendering: KHATIB / Software launch, ViewLayer
01:16.343  render           | Engine: EEVEE
01:16.397  render           | Fra: 186 | Rendering 1 / 16 samples
01:16.423  render           | Fra: 186 | Rendering 16 / 16 samples
01:16.718  render           | Video append frame 186
01:16.718  render           | Time: 00:00.37 (Saving: 00:00.01)
01:16.718  render           | Rendering frame 187
01:16.718  render           | Executing sequencer
01:16.719  render           | Rendering frame 187
01:16.719  render           | Start rendering: KHATIB / Software launch, ViewLayer
01:16.719  render           | Engine: EEVEE
01:16.773  render           | Fra: 187 | Rendering 1 / 16 samples
01:16.800  render           | Fra: 187 | Rendering 16 / 16 samples
01:17.100  render           | Video append frame 187
01:17.100  render           | Time: 00:00.38 (Saving: 00:00.01)
01:17.100  render           | Rendering frame 188
01:17.100  render           | Executing sequencer
01:17.101  render           | Rendering frame 188
01:17.101  render           | Start rendering: KHATIB / Software launch, ViewLayer
01:17.101  render           | Engine: EEVEE
01:17.157  render           | Fra: 188 | Rendering 1 / 16 samples
01:17.182  render           | Fra: 188 | Rendering 16 / 16 samples
01:17.484  render           | Video append frame 188
01:17.484  render           | Time: 00:00.38 (Saving: 00:00.01)
01:17.484  render           | Rendering frame 189
01:17.484  render           | Executing sequencer
01:17.484  render           | Rendering frame 189
01:17.484  render           | Start rendering: KHATIB / Software launch, ViewLayer
01:17.484  render           | Engine: EEVEE
01:17.543  render           | Fra: 189 | Rendering 1 / 16 samples
01:17.569  render           | Fra: 189 | Rendering 16 / 16 samples
01:17.873  render           | Video append frame 189
01:17.873  render           | Time: 00:00.38 (Saving: 00:00.01)
01:17.873  render           | Rendering frame 190
01:17.873  render           | Executing sequencer
01:17.873  render           | Rendering frame 190
01:17.873  render           | Start rendering: KHATIB / Software launch, ViewLayer
01:17.873  render           | Engine: EEVEE
01:17.924  render           | Fra: 190 | Rendering 1 / 16 samples
01:17.950  render           | Fra: 190 | Rendering 16 / 16 samples
01:18.252  render           | Video append frame 190
01:18.253  render           | Time: 00:00.37 (Saving: 00:00.01)
01:18.253  render           | Rendering frame 191
01:18.253  render           | Executing sequencer
01:18.253  render           | Rendering frame 191
01:18.253  render           | Start rendering: KHATIB / Software launch, ViewLayer
01:18.253  render           | Engine: EEVEE
01:18.306  render           | Fra: 191 | Rendering 1 / 16 samples
01:18.333  render           | Fra: 191 | Rendering 16 / 16 samples
01:18.614  render           | Video append frame 191
01:18.614  render           | Time: 00:00.36 (Saving: 00:00.01)
01:18.614  render           | Rendering frame 192
01:18.614  render           | Executing sequencer
01:18.614  render           | Rendering frame 192
01:18.615  render           | Start rendering: KHATIB / Software launch, ViewLayer
01:18.615  render           | Engine: EEVEE
01:18.672  render           | Fra: 192 | Rendering 1 / 16 samples
01:18.697  render           | Fra: 192 | Rendering 16 / 16 samples
01:18.969  render           | Video append frame 192
01:18.969  render           | Time: 00:00.35 (Saving: 00:00.01)
01:18.969  render           | Rendering frame 193
01:18.970  render           | Executing sequencer
01:18.970  render           | Rendering frame 193
01:18.970  render           | Start rendering: KHATIB / Software launch, ViewLayer
01:18.970  render           | Engine: EEVEE
01:19.025  render           | Fra: 193 | Rendering 1 / 16 samples
01:19.049  render           | Fra: 193 | Rendering 16 / 16 samples
01:19.339  render           | Video append frame 193
01:19.339  render           | Time: 00:00.36 (Saving: 00:00.01)
01:19.339  render           | Rendering frame 194
01:19.340  render           | Executing sequencer
01:19.340  render           | Rendering frame 194
01:19.340  render           | Start rendering: KHATIB / Software launch, ViewLayer
01:19.340  render           | Engine: EEVEE
01:19.401  render           | Fra: 194 | Rendering 1 / 16 samples
01:19.427  render           | Fra: 194 | Rendering 16 / 16 samples
01:19.717  render           | Video append frame 194
01:19.717  render           | Time: 00:00.37 (Saving: 00:00.01)
01:19.717  render           | Rendering frame 195
01:19.717  render           | Executing sequencer
01:19.717  render           | Rendering frame 195
01:19.718  render           | Start rendering: KHATIB / Software launch, ViewLayer
01:19.718  render           | Engine: EEVEE
01:19.778  render           | Fra: 195 | Rendering 1 / 16 samples
01:19.804  render           | Fra: 195 | Rendering 16 / 16 samples
01:20.081  render           | Video append frame 195
01:20.081  render           | Time: 00:00.36 (Saving: 00:00.01)
01:20.081  render           | Rendering frame 196
01:20.081  render           | Executing sequencer
01:20.081  render           | Rendering frame 196
01:20.081  render           | Start rendering: KHATIB / Software launch, ViewLayer
01:20.082  render           | Engine: EEVEE
01:20.137  render           | Fra: 196 | Rendering 1 / 16 samples
01:20.162  render           | Fra: 196 | Rendering 16 / 16 samples
01:20.443  render           | Video append frame 196
01:20.443  render           | Time: 00:00.36 (Saving: 00:00.01)
01:20.443  render           | Rendering frame 197
01:20.444  render           | Executing sequencer
01:20.444  render           | Rendering frame 197
01:20.444  render           | Start rendering: KHATIB / Software launch, ViewLayer
01:20.444  render           | Engine: EEVEE
01:20.502  render           | Fra: 197 | Rendering 1 / 16 samples
01:20.527  render           | Fra: 197 | Rendering 16 / 16 samples
01:20.808  render           | Video append frame 197
01:20.808  render           | Time: 00:00.36 (Saving: 00:00.01)
01:20.808  render           | Rendering frame 198
01:20.808  render           | Executing sequencer
01:20.808  render           | Rendering frame 198
01:20.808  render           | Start rendering: KHATIB / Software launch, ViewLayer
01:20.809  render           | Engine: EEVEE
01:20.868  render           | Fra: 198 | Rendering 1 / 16 samples
01:20.893  render           | Fra: 198 | Rendering 16 / 16 samples
01:21.166  render           | Video append frame 198
01:21.166  render           | Time: 00:00.35 (Saving: 00:00.01)
01:21.166  render           | Rendering frame 199
01:21.166  render           | Executing sequencer
01:21.167  render           | Rendering frame 199
01:21.167  render           | Start rendering: KHATIB / Software launch, ViewLayer
01:21.167  render           | Engine: EEVEE
01:21.219  render           | Fra: 199 | Rendering 1 / 16 samples
01:21.243  render           | Fra: 199 | Rendering 16 / 16 samples
01:21.515  render           | Video append frame 199
01:21.515  render           | Time: 00:00.34 (Saving: 00:00.01)
01:21.515  render           | Rendering frame 200
01:21.516  render           | Executing sequencer
01:21.516  render           | Rendering frame 200
01:21.516  render           | Start rendering: KHATIB / Software launch, ViewLayer
01:21.516  render           | Engine: EEVEE
01:21.565  render           | Fra: 200 | Rendering 1 / 16 samples
01:21.590  render           | Fra: 200 | Rendering 16 / 16 samples
01:21.871  render           | Video append frame 200
01:21.871  render           | Time: 00:00.35 (Saving: 00:00.01)
01:21.871  render           | Rendering frame 201
01:21.871  render           | Executing sequencer
01:21.871  render           | Rendering frame 201
01:21.871  render           | Start rendering: KHATIB / Software launch, ViewLayer
01:21.871  render           | Engine: EEVEE
01:21.923  render           | Fra: 201 | Rendering 1 / 16 samples
01:21.947  render           | Fra: 201 | Rendering 16 / 16 samples
01:22.234  render           | Video append frame 201
01:22.235  render           | Time: 00:00.36 (Saving: 00:00.01)
01:22.235  render           | Rendering frame 202
01:22.235  render           | Executing sequencer
01:22.235  render           | Rendering frame 202
01:22.236  render           | Start rendering: KHATIB / Software launch, ViewLayer
01:22.236  render           | Engine: EEVEE
01:22.288  render           | Fra: 202 | Rendering 1 / 16 samples
01:22.313  render           | Fra: 202 | Rendering 16 / 16 samples
01:22.611  render           | Video append frame 202
01:22.611  render           | Time: 00:00.37 (Saving: 00:00.01)
01:22.611  render           | Rendering frame 203
01:22.612  render           | Executing sequencer
01:22.612  render           | Rendering frame 203
01:22.612  render           | Start rendering: KHATIB / Software launch, ViewLayer
01:22.612  render           | Engine: EEVEE
01:22.660  render           | Fra: 203 | Rendering 1 / 16 samples
01:22.684  render           | Fra: 203 | Rendering 16 / 16 samples
01:22.982  render           | Video append frame 203
01:22.982  render           | Time: 00:00.37 (Saving: 00:00.01)
01:22.982  render           | Rendering frame 204
01:22.982  render           | Executing sequencer
01:22.984  render           | Rendering frame 204
01:22.984  render           | Start rendering: KHATIB / Software launch, ViewLayer
01:22.984  render           | Engine: EEVEE
01:23.044  render           | Fra: 204 | Rendering 1 / 16 samples
01:23.067  render           | Fra: 204 | Rendering 16 / 16 samples
01:23.375  render           | Video append frame 204
01:23.375  render           | Time: 00:00.39 (Saving: 00:00.01)
01:23.375  render           | Rendering frame 205
01:23.375  render           | Executing sequencer
01:23.377  render           | Rendering frame 205
01:23.377  render           | Start rendering: KHATIB / Software launch, ViewLayer
01:23.377  render           | Engine: EEVEE
01:23.436  render           | Fra: 205 | Rendering 1 / 16 samples
01:23.461  render           | Fra: 205 | Rendering 16 / 16 samples
01:23.770  render           | Video append frame 205
01:23.770  render           | Time: 00:00.39 (Saving: 00:00.01)
01:23.770  render           | Rendering frame 206
01:23.770  render           | Executing sequencer
01:23.776  render           | Rendering frame 206
01:23.776  render           | Start rendering: KHATIB / Software launch, ViewLayer
01:23.776  render           | Engine: EEVEE
01:23.831  render           | Fra: 206 | Rendering 1 / 16 samples
01:23.856  render           | Fra: 206 | Rendering 16 / 16 samples
01:24.177  render           | Video append frame 206
01:24.178  render           | Time: 00:00.40 (Saving: 00:00.02)
01:24.178  render           | Rendering frame 207
01:24.178  render           | Executing sequencer
01:24.184  render           | Rendering frame 207
01:24.184  render           | Start rendering: KHATIB / Software launch, ViewLayer
01:24.184  render           | Engine: EEVEE
01:24.249  render           | Fra: 207 | Rendering 1 / 16 samples
01:24.274  render           | Fra: 207 | Rendering 16 / 16 samples
01:24.582  render           | Video append frame 207
01:24.582  render           | Time: 00:00.40 (Saving: 00:00.01)
01:24.582  render           | Rendering frame 208
01:24.582  render           | Executing sequencer
01:24.588  render           | Rendering frame 208
01:24.588  render           | Start rendering: KHATIB / Software launch, ViewLayer
01:24.588  render           | Engine: EEVEE
01:24.648  render           | Fra: 208 | Rendering 1 / 16 samples
01:24.673  render           | Fra: 208 | Rendering 16 / 16 samples
01:24.966  render           | Video append frame 208
01:24.966  render           | Time: 00:00.38 (Saving: 00:00.01)
01:24.966  render           | Rendering frame 209
01:24.966  render           | Executing sequencer
01:24.967  render           | Rendering frame 209
01:24.967  render           | Start rendering: KHATIB / Software launch, ViewLayer
01:24.967  render           | Engine: EEVEE
01:25.018  render           | Fra: 209 | Rendering 1 / 16 samples
01:25.043  render           | Fra: 209 | Rendering 16 / 16 samples
01:25.329  render           | Video append frame 209
01:25.329  render           | Time: 00:00.36 (Saving: 00:00.01)
01:25.329  render           | Rendering frame 210
01:25.330  render           | Executing sequencer
01:25.330  render           | Rendering frame 210
01:25.331  render           | Start rendering: KHATIB / Software launch, ViewLayer
01:25.331  render           | Engine: EEVEE
01:25.391  render           | Fra: 210 | Rendering 1 / 16 samples
01:25.416  render           | Fra: 210 | Rendering 16 / 16 samples
01:25.717  render           | Video append frame 210
01:25.717  render           | Time: 00:00.38 (Saving: 00:00.01)
01:25.717  render           | Rendering frame 211
01:25.717  render           | Executing sequencer
01:25.718  render           | Rendering frame 211
01:25.718  render           | Start rendering: KHATIB / Software launch, ViewLayer
01:25.718  render           | Engine: EEVEE
01:25.772  render           | Fra: 211 | Rendering 1 / 16 samples
01:25.795  render           | Fra: 211 | Rendering 16 / 16 samples
01:26.098  render           | Video append frame 211
01:26.098  render           | Time: 00:00.38 (Saving: 00:00.01)
01:26.098  render           | Rendering frame 212
01:26.098  render           | Executing sequencer
01:26.099  render           | Rendering frame 212
01:26.099  render           | Start rendering: KHATIB / Software launch, ViewLayer
01:26.099  render           | Engine: EEVEE
01:26.153  render           | Fra: 212 | Rendering 1 / 16 samples
01:26.176  render           | Fra: 212 | Rendering 16 / 16 samples
01:26.492  render           | Video append frame 212
01:26.492  render           | Time: 00:00.39 (Saving: 00:00.03)
01:26.492  render           | Rendering frame 213
01:26.492  render           | Executing sequencer
01:26.493  render           | Rendering frame 213
01:26.493  render           | Start rendering: KHATIB / Software launch, ViewLayer
01:26.493  render           | Engine: EEVEE
01:26.546  render           | Fra: 213 | Rendering 1 / 16 samples
01:26.570  render           | Fra: 213 | Rendering 16 / 16 samples
01:26.881  render           | Video append frame 213
01:26.881  render           | Time: 00:00.38 (Saving: 00:00.01)
01:26.881  render           | Rendering frame 214
01:26.881  render           | Executing sequencer
01:26.883  render           | Rendering frame 214
01:26.883  render           | Start rendering: KHATIB / Software launch, ViewLayer
01:26.883  render           | Engine: EEVEE
01:26.962  render           | Fra: 214 | Rendering 1 / 16 samples
01:26.989  render           | Fra: 214 | Rendering 16 / 16 samples
01:27.323  render           | Video append frame 214
01:27.323  render           | Time: 00:00.44 (Saving: 00:00.01)
01:27.323  render           | Rendering frame 215
01:27.324  render           | Executing sequencer
01:27.324  render           | Rendering frame 215
01:27.325  render           | Start rendering: KHATIB / Software launch, ViewLayer
01:27.325  render           | Engine: EEVEE
01:27.384  render           | Fra: 215 | Rendering 1 / 16 samples
01:27.410  render           | Fra: 215 | Rendering 16 / 16 samples
01:27.727  render           | Video append frame 215
01:27.727  render           | Time: 00:00.40 (Saving: 00:00.01)
01:27.727  render           | Rendering frame 216
01:27.728  render           | Executing sequencer
01:27.729  render           | Rendering frame 216
01:27.729  render           | Start rendering: KHATIB / Software launch, ViewLayer
01:27.729  render           | Engine: EEVEE
01:27.790  render           | Fra: 216 | Rendering 1 / 16 samples
01:27.817  render           | Fra: 216 | Rendering 16 / 16 samples
01:28.117  render           | Video append frame 216
01:28.117  render           | Time: 00:00.38 (Saving: 00:00.01)
01:28.118  render           | Rendering frame 217
01:28.118  render           | Executing sequencer
01:28.119  render           | Rendering frame 217
01:28.119  render           | Start rendering: KHATIB / Software launch, ViewLayer
01:28.119  render           | Engine: EEVEE
01:28.176  render           | Fra: 217 | Rendering 1 / 16 samples
01:28.200  render           | Fra: 217 | Rendering 16 / 16 samples
01:28.514  render           | Video append frame 217
01:28.514  render           | Time: 00:00.39 (Saving: 00:00.02)
01:28.514  render           | Rendering frame 218
01:28.514  render           | Executing sequencer
01:28.515  render           | Rendering frame 218
01:28.515  render           | Start rendering: KHATIB / Software launch, ViewLayer
01:28.515  render           | Engine: EEVEE
01:28.568  render           | Fra: 218 | Rendering 1 / 16 samples
01:28.595  render           | Fra: 218 | Rendering 16 / 16 samples
01:28.903  render           | Video append frame 218
01:28.903  render           | Time: 00:00.38 (Saving: 00:00.01)
01:28.903  render           | Rendering frame 219
01:28.904  render           | Executing sequencer
01:28.904  render           | Rendering frame 219
01:28.905  render           | Start rendering: KHATIB / Software launch, ViewLayer
01:28.905  render           | Engine: EEVEE
01:28.964  render           | Fra: 219 | Rendering 1 / 16 samples
01:28.993  render           | Fra: 219 | Rendering 16 / 16 samples
01:29.290  render           | Video append frame 219
01:29.290  render           | Time: 00:00.38 (Saving: 00:00.01)
01:29.290  render           | Rendering frame 220
01:29.290  render           | Executing sequencer
01:29.291  render           | Rendering frame 220
01:29.291  render           | Start rendering: KHATIB / Software launch, ViewLayer
01:29.291  render           | Engine: EEVEE
01:29.351  render           | Fra: 220 | Rendering 1 / 16 samples
01:29.379  render           | Fra: 220 | Rendering 16 / 16 samples
01:29.746  render           | Video append frame 220
01:29.748  render           | Time: 00:00.45 (Saving: 00:00.02)
01:29.748  render           | Rendering frame 221
01:29.751  render           | Executing sequencer
01:29.752  render           | Rendering frame 221
01:29.752  render           | Start rendering: KHATIB / Software launch, ViewLayer
01:29.752  render           | Engine: EEVEE
01:29.822  render           | Fra: 221 | Rendering 1 / 16 samples
01:29.850  render           | Fra: 221 | Rendering 16 / 16 samples
01:30.209  render           | Video append frame 221
01:30.209  render           | Time: 00:00.45 (Saving: 00:00.02)
01:30.209  render           | Rendering frame 222
01:30.210  render           | Executing sequencer
01:30.210  render           | Rendering frame 222
01:30.210  render           | Start rendering: KHATIB / Software launch, ViewLayer
01:30.210  render           | Engine: EEVEE
01:30.279  render           | Fra: 222 | Rendering 1 / 16 samples
01:30.305  render           | Fra: 222 | Rendering 16 / 16 samples
01:30.637  render           | Video append frame 222
01:30.637  render           | Time: 00:00.42 (Saving: 00:00.01)
01:30.637  render           | Rendering frame 223
01:30.637  render           | Executing sequencer
01:30.638  render           | Rendering frame 223
01:30.638  render           | Start rendering: KHATIB / Software launch, ViewLayer
01:30.638  render           | Engine: EEVEE
01:30.728  render           | Fra: 223 | Rendering 1 / 16 samples
01:30.755  render           | Fra: 223 | Rendering 16 / 16 samples
01:31.058  render           | Video append frame 223
01:31.058  render           | Time: 00:00.42 (Saving: 00:00.01)
01:31.058  render           | Rendering frame 224
01:31.058  render           | Executing sequencer
01:31.058  render           | Rendering frame 224
01:31.059  render           | Start rendering: KHATIB / Software launch, ViewLayer
01:31.059  render           | Engine: EEVEE
01:31.118  render           | Fra: 224 | Rendering 1 / 16 samples
01:31.143  render           | Fra: 224 | Rendering 16 / 16 samples
01:31.422  render           | Video append frame 224
01:31.422  render           | Time: 00:00.36 (Saving: 00:00.01)
01:31.422  render           | Rendering frame 225
01:31.422  render           | Executing sequencer
01:31.422  render           | Rendering frame 225
01:31.422  render           | Start rendering: KHATIB / Software launch, ViewLayer
01:31.422  render           | Engine: EEVEE
01:31.477  render           | Fra: 225 | Rendering 1 / 16 samples
01:31.504  render           | Fra: 225 | Rendering 16 / 16 samples
01:31.812  render           | Video append frame 225
01:31.812  render           | Time: 00:00.39 (Saving: 00:00.01)
01:31.812  render           | Rendering frame 226
01:31.813  render           | Executing sequencer
01:31.813  render           | Rendering frame 226
01:31.813  render           | Start rendering: KHATIB / Software launch, ViewLayer
01:31.813  render           | Engine: EEVEE
01:31.870  render           | Fra: 226 | Rendering 1 / 16 samples
01:31.899  render           | Fra: 226 | Rendering 16 / 16 samples
01:32.256  render           | Video append frame 226
01:32.256  render           | Time: 00:00.44 (Saving: 00:00.02)
01:32.256  render           | Rendering frame 227
01:32.256  render           | Executing sequencer
01:32.256  render           | Rendering frame 227
01:32.257  render           | Start rendering: KHATIB / Software launch, ViewLayer
01:32.257  render           | Engine: EEVEE
01:32.309  render           | Fra: 227 | Rendering 1 / 16 samples
01:32.333  render           | Fra: 227 | Rendering 16 / 16 samples
01:32.627  render           | Video append frame 227
01:32.627  render           | Time: 00:00.37 (Saving: 00:00.01)
01:32.627  render           | Rendering frame 228
01:32.628  render           | Executing sequencer
01:32.628  render           | Rendering frame 228
01:32.628  render           | Start rendering: KHATIB / Software launch, ViewLayer
01:32.628  render           | Engine: EEVEE
01:32.684  render           | Fra: 228 | Rendering 1 / 16 samples
01:32.709  render           | Fra: 228 | Rendering 16 / 16 samples
01:33.015  render           | Video append frame 228
01:33.015  render           | Time: 00:00.38 (Saving: 00:00.01)
01:33.015  render           | Rendering frame 229
01:33.015  render           | Executing sequencer
01:33.015  render           | Rendering frame 229
01:33.015  render           | Start rendering: KHATIB / Software launch, ViewLayer
01:33.015  render           | Engine: EEVEE
01:33.067  render           | Fra: 229 | Rendering 1 / 16 samples
01:33.093  render           | Fra: 229 | Rendering 16 / 16 samples
01:33.383  render           | Video append frame 229
01:33.383  render           | Time: 00:00.36 (Saving: 00:00.01)
01:33.383  render           | Rendering frame 230
01:33.383  render           | Executing sequencer
01:33.383  render           | Rendering frame 230
01:33.384  render           | Start rendering: KHATIB / Software launch, ViewLayer
01:33.384  render           | Engine: EEVEE
01:33.440  render           | Fra: 230 | Rendering 1 / 16 samples
01:33.464  render           | Fra: 230 | Rendering 16 / 16 samples
01:33.755  render           | Video append frame 230
01:33.755  render           | Time: 00:00.37 (Saving: 00:00.01)
01:33.755  render           | Rendering frame 231
01:33.756  render           | Executing sequencer
01:33.756  render           | Rendering frame 231
01:33.756  render           | Start rendering: KHATIB / Software launch, ViewLayer
01:33.756  render           | Engine: EEVEE
01:33.810  render           | Fra: 231 | Rendering 1 / 16 samples
01:33.835  render           | Fra: 231 | Rendering 16 / 16 samples
01:34.163  render           | Video append frame 231
01:34.163  render           | Time: 00:00.40 (Saving: 00:00.02)
01:34.163  render           | Rendering frame 232
01:34.163  render           | Executing sequencer
01:34.175  render           | Rendering frame 232
01:34.175  render           | Start rendering: KHATIB / Software launch, ViewLayer
01:34.175  render           | Engine: EEVEE
01:34.252  render           | Fra: 232 | Rendering 1 / 16 samples
01:34.277  render           | Fra: 232 | Rendering 16 / 16 samples
01:34.629  render           | Video append frame 232
01:34.629  render           | Time: 00:00.46 (Saving: 00:00.01)
01:34.629  render           | Rendering frame 233
01:34.629  render           | Executing sequencer
01:34.635  render           | Rendering frame 233
01:34.635  render           | Start rendering: KHATIB / Software launch, ViewLayer
01:34.635  render           | Engine: EEVEE
01:34.701  render           | Fra: 233 | Rendering 1 / 16 samples
01:34.726  render           | Fra: 233 | Rendering 16 / 16 samples
01:35.050  render           | Video append frame 233
01:35.050  render           | Time: 00:00.42 (Saving: 00:00.02)
01:35.050  render           | Rendering frame 234
01:35.051  render           | Executing sequencer
01:35.060  render           | Rendering frame 234
01:35.061  render           | Start rendering: KHATIB / Software launch, ViewLayer
01:35.061  render           | Engine: EEVEE
01:35.127  render           | Fra: 234 | Rendering 1 / 16 samples
01:35.152  render           | Fra: 234 | Rendering 16 / 16 samples
01:35.562  render           | Video append frame 234
01:35.562  render           | Time: 00:00.51 (Saving: 00:00.03)
01:35.562  render           | Rendering frame 235
01:35.563  render           | Executing sequencer
01:35.570  render           | Rendering frame 235
01:35.570  render           | Start rendering: KHATIB / Software launch, ViewLayer
01:35.570  render           | Engine: EEVEE
01:35.641  render           | Fra: 235 | Rendering 1 / 16 samples
01:35.669  render           | Fra: 235 | Rendering 16 / 16 samples
01:36.033  render           | Video append frame 235
01:36.033  render           | Time: 00:00.47 (Saving: 00:00.01)
01:36.033  render           | Rendering frame 236
01:36.034  render           | Executing sequencer
01:36.034  render           | Rendering frame 236
01:36.035  render           | Start rendering: KHATIB / Software launch, ViewLayer
01:36.035  render           | Engine: EEVEE
01:36.096  render           | Fra: 236 | Rendering 1 / 16 samples
01:36.121  render           | Fra: 236 | Rendering 16 / 16 samples
01:36.425  render           | Video append frame 236
01:36.425  render           | Time: 00:00.39 (Saving: 00:00.01)
01:36.425  render           | Rendering frame 237
01:36.425  render           | Executing sequencer
01:36.425  render           | Rendering frame 237
01:36.426  render           | Start rendering: KHATIB / Software launch, ViewLayer
01:36.426  render           | Engine: EEVEE
01:36.479  render           | Fra: 237 | Rendering 1 / 16 samples
01:36.504  render           | Fra: 237 | Rendering 16 / 16 samples
01:36.809  render           | Video append frame 237
01:36.809  render           | Time: 00:00.38 (Saving: 00:00.02)
01:36.809  render           | Rendering frame 238
01:36.810  render           | Executing sequencer
01:36.810  render           | Rendering frame 238
01:36.810  render           | Start rendering: KHATIB / Software launch, ViewLayer
01:36.810  render           | Engine: EEVEE
01:36.867  render           | Fra: 238 | Rendering 1 / 16 samples
01:36.891  render           | Fra: 238 | Rendering 16 / 16 samples
01:37.193  render           | Video append frame 238
01:37.193  render           | Time: 00:00.38 (Saving: 00:00.01)
01:37.193  render           | Rendering frame 239
01:37.194  render           | Executing sequencer
01:37.194  render           | Rendering frame 239
01:37.194  render           | Start rendering: KHATIB / Software launch, ViewLayer
01:37.195  render           | Engine: EEVEE
01:37.257  render           | Fra: 239 | Rendering 1 / 16 samples
01:37.285  render           | Fra: 239 | Rendering 16 / 16 samples
01:37.578  render           | Video append frame 239
01:37.578  render           | Time: 00:00.38 (Saving: 00:00.01)
01:37.578  render           | Rendering frame 240
01:37.579  render           | Executing sequencer
01:37.579  render           | Rendering frame 240
01:37.579  render           | Start rendering: KHATIB / Software launch, ViewLayer
01:37.579  render           | Engine: EEVEE
01:37.638  render           | Fra: 240 | Rendering 1 / 16 samples
01:37.665  render           | Fra: 240 | Rendering 16 / 16 samples
01:37.945  render           | Video append frame 240
01:37.945  render           | Time: 00:00.36 (Saving: 00:00.01)
01:37.945  render           | Rendering frame 241
01:37.946  render           | Executing sequencer
01:37.946  render           | Rendering frame 241
01:37.946  render           | Start rendering: KHATIB / Software launch, ViewLayer
01:37.946  render           | Engine: EEVEE
01:38.001  render           | Fra: 241 | Rendering 1 / 16 samples
01:38.027  render           | Fra: 241 | Rendering 16 / 16 samples
01:38.339  render           | Video append frame 241
01:38.339  render           | Time: 00:00.39 (Saving: 00:00.01)
01:38.339  render           | Rendering frame 242
01:38.339  render           | Executing sequencer
01:38.339  render           | Rendering frame 242
01:38.340  render           | Start rendering: KHATIB / Software launch, ViewLayer
01:38.340  render           | Engine: EEVEE
01:38.393  render           | Fra: 242 | Rendering 1 / 16 samples
01:38.420  render           | Fra: 242 | Rendering 16 / 16 samples
01:38.717  render           | Video append frame 242
01:38.717  render           | Time: 00:00.37 (Saving: 00:00.02)
01:38.717  render           | Rendering frame 243
01:38.718  render           | Executing sequencer
01:38.718  render           | Rendering frame 243
01:38.718  render           | Start rendering: KHATIB / Software launch, ViewLayer
01:38.718  render           | Engine: EEVEE
01:38.776  render           | Fra: 243 | Rendering 1 / 16 samples
01:38.800  render           | Fra: 243 | Rendering 16 / 16 samples
01:39.082  render           | Video append frame 243
01:39.082  render           | Time: 00:00.36 (Saving: 00:00.01)
01:39.082  render           | Rendering frame 244
01:39.083  render           | Executing sequencer
01:39.083  render           | Rendering frame 244
01:39.083  render           | Start rendering: KHATIB / Software launch, ViewLayer
01:39.083  render           | Engine: EEVEE
01:39.138  render           | Fra: 244 | Rendering 1 / 16 samples
01:39.166  render           | Fra: 244 | Rendering 16 / 16 samples
01:39.479  render           | Video append frame 244
01:39.479  render           | Time: 00:00.39 (Saving: 00:00.01)
01:39.479  render           | Rendering frame 245
01:39.480  render           | Executing sequencer
01:39.480  render           | Rendering frame 245
01:39.480  render           | Start rendering: KHATIB / Software launch, ViewLayer
01:39.480  render           | Engine: EEVEE
01:39.547  render           | Fra: 245 | Rendering 1 / 16 samples
01:39.573  render           | Fra: 245 | Rendering 16 / 16 samples
01:39.889  render           | Video append frame 245
01:39.889  render           | Time: 00:00.40 (Saving: 00:00.01)
01:39.889  render           | Rendering frame 246
01:39.890  render           | Executing sequencer
01:39.890  render           | Rendering frame 246
01:39.890  render           | Start rendering: KHATIB / Software launch, ViewLayer
01:39.890  render           | Engine: EEVEE
01:39.951  render           | Fra: 246 | Rendering 1 / 16 samples
01:39.978  render           | Fra: 246 | Rendering 16 / 16 samples
01:40.285  render           | Video append frame 246
01:40.286  render           | Time: 00:00.39 (Saving: 00:00.01)
01:40.286  render           | Rendering frame 247
01:40.286  render           | Executing sequencer
01:40.288  render           | Rendering frame 247
01:40.288  render           | Start rendering: KHATIB / Software launch, ViewLayer
01:40.289  render           | Engine: EEVEE
01:40.361  render           | Fra: 247 | Rendering 1 / 16 samples
01:40.389  render           | Fra: 247 | Rendering 16 / 16 samples
01:40.705  render           | Video append frame 247
01:40.705  render           | Time: 00:00.41 (Saving: 00:00.02)
01:40.705  render           | Rendering frame 248
01:40.706  render           | Executing sequencer
01:40.711  render           | Rendering frame 248
01:40.711  render           | Start rendering: KHATIB / Software launch, ViewLayer
01:40.711  render           | Engine: EEVEE
01:40.762  render           | Fra: 248 | Rendering 1 / 16 samples
01:40.787  render           | Fra: 248 | Rendering 16 / 16 samples
01:41.079  render           | Video append frame 248
01:41.079  render           | Time: 00:00.37 (Saving: 00:00.01)
01:41.079  render           | Rendering frame 249
01:41.080  render           | Executing sequencer
01:41.187  render           | Rendering frame 249
01:41.187  render           | Start rendering: KHATIB / Software launch, ViewLayer
01:41.187  render           | Engine: EEVEE
01:41.240  render           | Fra: 249 | Rendering 1 / 16 samples
01:41.265  render           | Fra: 249 | Rendering 16 / 16 samples
01:41.573  render           | Video append frame 249
01:41.573  render           | Time: 00:00.49 (Saving: 00:00.01)
01:41.573  render           | Rendering frame 250
01:41.573  render           | Executing sequencer
01:41.577  render           | Rendering frame 250
01:41.578  render           | Start rendering: KHATIB / Software launch, ViewLayer
01:41.578  render           | Engine: EEVEE
01:41.641  render           | Fra: 250 | Rendering 1 / 16 samples
01:41.666  render           | Fra: 250 | Rendering 16 / 16 samples
01:41.949  render           | Video append frame 250
01:41.949  render           | Time: 00:00.37 (Saving: 00:00.01)
01:41.949  render           | Rendering frame 251
01:41.949  render           | Executing sequencer
01:41.950  render           | Rendering frame 251
01:41.950  render           | Start rendering: KHATIB / Software launch, ViewLayer
01:41.950  render           | Engine: EEVEE
01:42.001  render           | Fra: 251 | Rendering 1 / 16 samples
01:42.025  render           | Fra: 251 | Rendering 16 / 16 samples
01:42.318  render           | Video append frame 251
01:42.318  render           | Time: 00:00.36 (Saving: 00:00.01)
01:42.318  render           | Rendering frame 252
01:42.319  render           | Executing sequencer
01:42.319  render           | Rendering frame 252
01:42.319  render           | Start rendering: KHATIB / Software launch, ViewLayer
01:42.319  render           | Engine: EEVEE
01:42.370  render           | Fra: 252 | Rendering 1 / 16 samples
01:42.397  render           | Fra: 252 | Rendering 16 / 16 samples
01:42.688  render           | Video append frame 252
01:42.688  render           | Time: 00:00.36 (Saving: 00:00.01)
01:42.688  render           | Rendering frame 253
01:42.688  render           | Executing sequencer
01:42.688  render           | Rendering frame 253
01:42.688  render           | Start rendering: KHATIB / Software launch, ViewLayer
01:42.688  render           | Engine: EEVEE
01:42.748  render           | Fra: 253 | Rendering 1 / 16 samples
01:42.772  render           | Fra: 253 | Rendering 16 / 16 samples
01:43.062  render           | Video append frame 253
01:43.062  render           | Time: 00:00.37 (Saving: 00:00.01)
01:43.062  render           | Rendering frame 254
01:43.062  render           | Executing sequencer
01:43.062  render           | Rendering frame 254
01:43.062  render           | Start rendering: KHATIB / Software launch, ViewLayer
01:43.062  render           | Engine: EEVEE
01:43.124  render           | Fra: 254 | Rendering 1 / 16 samples
01:43.149  render           | Fra: 254 | Rendering 16 / 16 samples
01:43.443  render           | Video append frame 254
01:43.443  render           | Time: 00:00.38 (Saving: 00:00.01)
01:43.443  render           | Rendering frame 255
01:43.444  render           | Executing sequencer
01:43.444  render           | Rendering frame 255
01:43.444  render           | Start rendering: KHATIB / Software launch, ViewLayer
01:43.444  render           | Engine: EEVEE
01:43.494  render           | Fra: 255 | Rendering 1 / 16 samples
01:43.519  render           | Fra: 255 | Rendering 16 / 16 samples
01:43.792  render           | Video append frame 255
01:43.792  render           | Time: 00:00.34 (Saving: 00:00.01)
01:43.792  render           | Rendering frame 256
01:43.793  render           | Executing sequencer
01:43.793  render           | Rendering frame 256
01:43.793  render           | Start rendering: KHATIB / Software launch, ViewLayer
01:43.793  render           | Engine: EEVEE
01:43.841  render           | Fra: 256 | Rendering 1 / 16 samples
01:43.867  render           | Fra: 256 | Rendering 16 / 16 samples
01:44.184  render           | Video append frame 256
01:44.184  render           | Time: 00:00.39 (Saving: 00:00.01)
01:44.184  render           | Rendering frame 257
01:44.184  render           | Executing sequencer
01:44.184  render           | Rendering frame 257
01:44.185  render           | Start rendering: KHATIB / Software launch, ViewLayer
01:44.185  render           | Engine: EEVEE
01:44.245  render           | Fra: 257 | Rendering 1 / 16 samples
01:44.271  render           | Fra: 257 | Rendering 16 / 16 samples
01:44.564  render           | Video append frame 257
01:44.565  render           | Time: 00:00.38 (Saving: 00:00.01)
01:44.565  render           | Rendering frame 258
01:44.565  render           | Executing sequencer
01:44.565  render           | Rendering frame 258
01:44.565  render           | Start rendering: KHATIB / Software launch, ViewLayer
01:44.565  render           | Engine: EEVEE
01:44.623  render           | Fra: 258 | Rendering 1 / 16 samples
01:44.647  render           | Fra: 258 | Rendering 16 / 16 samples
01:44.957  render           | Video append frame 258
01:44.957  render           | Time: 00:00.39 (Saving: 00:00.01)
01:44.957  render           | Rendering frame 259
01:44.958  render           | Executing sequencer
01:44.958  render           | Rendering frame 259
01:44.958  render           | Start rendering: KHATIB / Software launch, ViewLayer
01:44.958  render           | Engine: EEVEE
01:45.010  render           | Fra: 259 | Rendering 1 / 16 samples
01:45.035  render           | Fra: 259 | Rendering 16 / 16 samples
01:45.339  render           | Video append frame 259
01:45.339  render           | Time: 00:00.38 (Saving: 00:00.01)
01:45.339  render           | Rendering frame 260
01:45.339  render           | Executing sequencer
01:45.339  render           | Rendering frame 260
01:45.340  render           | Start rendering: KHATIB / Software launch, ViewLayer
01:45.340  render           | Engine: EEVEE
01:45.392  render           | Fra: 260 | Rendering 1 / 16 samples
01:45.417  render           | Fra: 260 | Rendering 16 / 16 samples
01:45.728  render           | Video append frame 260
01:45.728  render           | Time: 00:00.38 (Saving: 00:00.01)
01:45.728  render           | Rendering frame 261
01:45.729  render           | Executing sequencer
01:45.729  render           | Rendering frame 261
01:45.729  render           | Start rendering: KHATIB / Software launch, ViewLayer
01:45.729  render           | Engine: EEVEE
01:45.815  render           | Fra: 261 | Rendering 1 / 16 samples
01:45.841  render           | Fra: 261 | Rendering 16 / 16 samples
01:46.158  render           | Video append frame 261
01:46.158  render           | Time: 00:00.42 (Saving: 00:00.01)
01:46.158  render           | Rendering frame 262
01:46.158  render           | Executing sequencer
01:46.166  render           | Rendering frame 262
01:46.166  render           | Start rendering: KHATIB / Software launch, ViewLayer
01:46.166  render           | Engine: EEVEE
01:46.223  render           | Fra: 262 | Rendering 1 / 16 samples
01:46.248  render           | Fra: 262 | Rendering 16 / 16 samples
01:46.560  render           | Video append frame 262
01:46.560  render           | Time: 00:00.40 (Saving: 00:00.01)
01:46.560  render           | Rendering frame 263
01:46.561  render           | Executing sequencer
01:46.568  render           | Rendering frame 263
01:46.569  render           | Start rendering: KHATIB / Software launch, ViewLayer
01:46.569  render           | Engine: EEVEE
01:46.629  render           | Fra: 263 | Rendering 1 / 16 samples
01:46.654  render           | Fra: 263 | Rendering 16 / 16 samples
01:46.959  render           | Video append frame 263
01:46.959  render           | Time: 00:00.39 (Saving: 00:00.01)
01:46.959  render           | Rendering frame 264
01:46.960  render           | Executing sequencer
01:46.965  render           | Rendering frame 264
01:46.965  render           | Start rendering: KHATIB / Software launch, ViewLayer
01:46.965  render           | Engine: EEVEE
01:47.023  render           | Fra: 264 | Rendering 1 / 16 samples
01:47.048  render           | Fra: 264 | Rendering 16 / 16 samples
01:47.355  render           | Video append frame 264
01:47.355  render           | Time: 00:00.39 (Saving: 00:00.01)
01:47.356  render           | Rendering frame 265
01:47.356  render           | Executing sequencer
01:47.363  render           | Rendering frame 265
01:47.364  render           | Start rendering: KHATIB / Software launch, ViewLayer
01:47.364  render           | Engine: EEVEE
01:47.426  render           | Fra: 265 | Rendering 1 / 16 samples
01:47.454  render           | Fra: 265 | Rendering 16 / 16 samples
01:47.766  render           | Video append frame 265
01:47.766  render           | Time: 00:00.41 (Saving: 00:00.01)
01:47.767  render           | Rendering frame 266
01:47.767  render           | Executing sequencer
01:47.768  render           | Rendering frame 266
01:47.768  render           | Start rendering: KHATIB / Software launch, ViewLayer
01:47.768  render           | Engine: EEVEE
01:47.837  render           | Fra: 266 | Rendering 1 / 16 samples
01:47.866  render           | Fra: 266 | Rendering 16 / 16 samples
01:48.273  render           | Video append frame 266
01:48.273  render           | Time: 00:00.50 (Saving: 00:00.04)
01:48.273  render           | Rendering frame 267
01:48.273  render           | Executing sequencer
01:48.273  render           | Rendering frame 267
01:48.274  render           | Start rendering: KHATIB / Software launch, ViewLayer
01:48.274  render           | Engine: EEVEE
01:48.384  render           | Fra: 267 | Rendering 1 / 16 samples
01:48.412  render           | Fra: 267 | Rendering 16 / 16 samples
01:48.812  render           | Video append frame 267
01:48.813  render           | Time: 00:00.53 (Saving: 00:00.04)
01:48.816  render           | Rendering frame 268
01:48.816  render           | Executing sequencer
01:48.816  render           | Rendering frame 268
01:48.816  render           | Start rendering: KHATIB / Software launch, ViewLayer
01:48.816  render           | Engine: EEVEE
01:48.928  render           | Fra: 268 | Rendering 1 / 16 samples
01:48.966  render           | Fra: 268 | Rendering 16 / 16 samples
01:49.298  render           | Video append frame 268
01:49.299  render           | Time: 00:00.48 (Saving: 00:00.02)
01:49.299  render           | Rendering frame 269
01:49.299  render           | Executing sequencer
01:49.299  render           | Rendering frame 269
01:49.300  render           | Start rendering: KHATIB / Software launch, ViewLayer
01:49.300  render           | Engine: EEVEE
01:49.399  render           | Fra: 269 | Rendering 1 / 16 samples
01:49.428  render           | Fra: 269 | Rendering 16 / 16 samples
01:49.745  render           | Video append frame 269
01:49.745  render           | Time: 00:00.44 (Saving: 00:00.02)
01:49.745  render           | Rendering frame 270
01:49.745  render           | Executing sequencer
01:49.745  render           | Rendering frame 270
01:49.745  render           | Start rendering: KHATIB / Software launch, ViewLayer
01:49.745  render           | Engine: EEVEE
01:49.809  render           | Fra: 270 | Rendering 1 / 16 samples
01:49.837  render           | Fra: 270 | Rendering 16 / 16 samples
01:50.120  render           | Video append frame 270
01:50.120  render           | Time: 00:00.37 (Saving: 00:00.01)
01:50.120  render           | Rendering frame 271
01:50.121  render           | Executing sequencer
01:50.121  render           | Rendering frame 271
01:50.121  render           | Start rendering: KHATIB / Software launch, ViewLayer
01:50.121  render           | Engine: EEVEE
01:50.191  render           | Fra: 271 | Rendering 1 / 16 samples
01:50.221  render           | Fra: 271 | Rendering 16 / 16 samples
01:50.616  render           | Video append frame 271
01:50.616  render           | Time: 00:00.49 (Saving: 00:00.01)
01:50.616  render           | Rendering frame 272
01:50.617  render           | Executing sequencer
01:50.617  render           | Rendering frame 272
01:50.618  render           | Start rendering: KHATIB / Software launch, ViewLayer
01:50.618  render           | Engine: EEVEE
01:50.686  render           | Fra: 272 | Rendering 1 / 16 samples
01:50.719  render           | Fra: 272 | Rendering 16 / 16 samples
01:51.239  render           | Video append frame 272
01:51.239  render           | Time: 00:00.62 (Saving: 00:00.04)
01:51.239  render           | Rendering frame 273
01:51.240  render           | Executing sequencer
01:51.240  render           | Rendering frame 273
01:51.240  render           | Start rendering: KHATIB / Software launch, ViewLayer
01:51.241  render           | Engine: EEVEE
01:51.370  render           | Fra: 273 | Rendering 1 / 16 samples
01:51.397  render           | Fra: 273 | Rendering 16 / 16 samples
01:51.905  render           | Video append frame 273
01:51.905  render           | Time: 00:00.66 (Saving: 00:00.02)
01:51.905  render           | Rendering frame 274
01:51.906  render           | Executing sequencer
01:51.906  render           | Rendering frame 274
01:51.907  render           | Start rendering: KHATIB / Software launch, ViewLayer
01:51.907  render           | Engine: EEVEE
01:51.987  render           | Fra: 274 | Rendering 1 / 16 samples
01:52.014  render           | Fra: 274 | Rendering 16 / 16 samples
01:52.362  render           | Video append frame 274
01:52.362  render           | Time: 00:00.45 (Saving: 00:00.02)
01:52.362  render           | Rendering frame 275
01:52.363  render           | Executing sequencer
01:52.363  render           | Rendering frame 275
01:52.363  render           | Start rendering: KHATIB / Software launch, ViewLayer
01:52.363  render           | Engine: EEVEE
01:52.426  render           | Fra: 275 | Rendering 1 / 16 samples
01:52.453  render           | Fra: 275 | Rendering 16 / 16 samples
01:52.796  render           | Video append frame 275
01:52.797  render           | Time: 00:00.43 (Saving: 00:00.02)
01:52.798  render           | Rendering frame 276
01:52.798  render           | Executing sequencer
01:52.798  render           | Rendering frame 276
01:52.798  render           | Start rendering: KHATIB / Software launch, ViewLayer
01:52.798  render           | Engine: EEVEE
01:52.872  render           | Fra: 276 | Rendering 1 / 16 samples
01:52.898  render           | Fra: 276 | Rendering 16 / 16 samples
01:53.215  render           | Video append frame 276
01:53.216  render           | Time: 00:00.41 (Saving: 00:00.01)
01:53.216  render           | Rendering frame 277
01:53.216  render           | Executing sequencer
01:53.218  render           | Rendering frame 277
01:53.218  render           | Start rendering: KHATIB / Software launch, ViewLayer
01:53.218  render           | Engine: EEVEE
01:53.277  render           | Fra: 277 | Rendering 1 / 16 samples
01:53.304  render           | Fra: 277 | Rendering 16 / 16 samples
01:53.610  render           | Video append frame 277
01:53.610  render           | Time: 00:00.39 (Saving: 00:00.01)
01:53.610  render           | Rendering frame 278
01:53.611  render           | Executing sequencer
01:53.616  render           | Rendering frame 278
01:53.616  render           | Start rendering: KHATIB / Software launch, ViewLayer
01:53.616  render           | Engine: EEVEE
01:53.672  render           | Fra: 278 | Rendering 1 / 16 samples
01:53.697  render           | Fra: 278 | Rendering 16 / 16 samples
01:53.996  render           | Video append frame 278
01:53.996  render           | Time: 00:00.38 (Saving: 00:00.01)
01:53.996  render           | Rendering frame 279
01:53.997  render           | Executing sequencer
01:54.004  render           | Rendering frame 279
01:54.004  render           | Start rendering: KHATIB / Software launch, ViewLayer
01:54.004  render           | Engine: EEVEE
01:54.059  render           | Fra: 279 | Rendering 1 / 16 samples
01:54.085  render           | Fra: 279 | Rendering 16 / 16 samples
01:54.384  render           | Video append frame 279
01:54.384  render           | Time: 00:00.38 (Saving: 00:00.01)
01:54.384  render           | Rendering frame 280
01:54.385  render           | Executing sequencer
01:54.392  render           | Rendering frame 280
01:54.392  render           | Start rendering: KHATIB / Software launch, ViewLayer
01:54.392  render           | Engine: EEVEE
01:54.450  render           | Fra: 280 | Rendering 1 / 16 samples
01:54.477  render           | Fra: 280 | Rendering 16 / 16 samples
01:54.804  render           | Video append frame 280
01:54.804  render           | Time: 00:00.41 (Saving: 00:00.01)
01:54.804  render           | Rendering frame 281
01:54.804  render           | Executing sequencer
01:54.805  render           | Rendering frame 281
01:54.806  render           | Start rendering: KHATIB / Software launch, ViewLayer
01:54.806  render           | Engine: EEVEE
01:54.871  render           | Fra: 281 | Rendering 1 / 16 samples
01:54.899  render           | Fra: 281 | Rendering 16 / 16 samples
01:55.228  render           | Video append frame 281
01:55.228  render           | Time: 00:00.42 (Saving: 00:00.02)
01:55.228  render           | Rendering frame 282
01:55.228  render           | Executing sequencer
01:55.228  render           | Rendering frame 282
01:55.229  render           | Start rendering: KHATIB / Software launch, ViewLayer
01:55.229  render           | Engine: EEVEE
01:55.309  render           | Fra: 282 | Rendering 1 / 16 samples
01:55.338  render           | Fra: 282 | Rendering 16 / 16 samples
01:55.842  render           | Video append frame 282
01:55.842  render           | Time: 00:00.61 (Saving: 00:00.02)
01:55.842  render           | Rendering frame 283
01:55.843  render           | Executing sequencer
01:55.843  render           | Rendering frame 283
01:55.843  render           | Start rendering: KHATIB / Software launch, ViewLayer
01:55.843  render           | Engine: EEVEE
01:55.914  render           | Fra: 283 | Rendering 1 / 16 samples
01:55.941  render           | Fra: 283 | Rendering 16 / 16 samples
01:56.303  render           | Video append frame 283
01:56.303  render           | Time: 00:00.46 (Saving: 00:00.02)
01:56.303  render           | Rendering frame 284
01:56.304  render           | Executing sequencer
01:56.304  render           | Rendering frame 284
01:56.304  render           | Start rendering: KHATIB / Software launch, ViewLayer
01:56.304  render           | Engine: EEVEE
01:56.368  render           | Fra: 284 | Rendering 1 / 16 samples
01:56.393  render           | Fra: 284 | Rendering 16 / 16 samples
01:56.757  render           | Video append frame 284
01:56.757  render           | Time: 00:00.45 (Saving: 00:00.04)
01:56.757  render           | Rendering frame 285
01:56.757  render           | Executing sequencer
01:56.758  render           | Rendering frame 285
01:56.758  render           | Start rendering: KHATIB / Software launch, ViewLayer
01:56.758  render           | Engine: EEVEE
01:56.832  render           | Fra: 285 | Rendering 1 / 16 samples
01:56.862  render           | Fra: 285 | Rendering 16 / 16 samples
01:57.395  render           | Video append frame 285
01:57.395  render           | Time: 00:00.63 (Saving: 00:00.04)
01:57.395  render           | Rendering frame 286
01:57.395  render           | Executing sequencer
01:57.395  render           | Rendering frame 286
01:57.396  render           | Start rendering: KHATIB / Software launch, ViewLayer
01:57.396  render           | Engine: EEVEE
01:57.489  render           | Fra: 286 | Rendering 1 / 16 samples
01:57.518  render           | Fra: 286 | Rendering 16 / 16 samples
01:57.864  render           | Video append frame 286
01:57.864  render           | Time: 00:00.46 (Saving: 00:00.02)
01:57.864  render           | Rendering frame 287
01:57.864  render           | Executing sequencer
01:57.864  render           | Rendering frame 287
01:57.864  render           | Start rendering: KHATIB / Software launch, ViewLayer
01:57.864  render           | Engine: EEVEE
01:57.934  render           | Fra: 287 | Rendering 1 / 16 samples
01:57.960  render           | Fra: 287 | Rendering 16 / 16 samples
01:58.287  render           | Video append frame 287
01:58.287  render           | Time: 00:00.42 (Saving: 00:00.02)
01:58.287  render           | Rendering frame 288
01:58.287  render           | Executing sequencer
01:58.287  render           | Rendering frame 288
01:58.288  render           | Start rendering: KHATIB / Software launch, ViewLayer
01:58.288  render           | Engine: EEVEE
01:58.350  render           | Fra: 288 | Rendering 1 / 16 samples
01:58.379  render           | Fra: 288 | Rendering 16 / 16 samples
01:58.693  render           | Video append frame 288
01:58.693  render           | Time: 00:00.40 (Saving: 00:00.01)
01:58.693  render           | Rendering frame 289
01:58.693  render           | Executing sequencer
01:58.693  render           | Rendering frame 289
01:58.694  render           | Start rendering: KHATIB / Software launch, ViewLayer
01:58.694  render           | Engine: EEVEE
01:58.750  render           | Fra: 289 | Rendering 1 / 16 samples
01:58.777  render           | Fra: 289 | Rendering 16 / 16 samples
01:59.101  render           | Video append frame 289
01:59.101  render           | Time: 00:00.40 (Saving: 00:00.01)
01:59.101  render           | Rendering frame 290
01:59.101  render           | Executing sequencer
01:59.101  render           | Rendering frame 290
01:59.102  render           | Start rendering: KHATIB / Software launch, ViewLayer
01:59.102  render           | Engine: EEVEE
01:59.173  render           | Fra: 290 | Rendering 1 / 16 samples
01:59.199  render           | Fra: 290 | Rendering 16 / 16 samples
01:59.532  render           | Video append frame 290
01:59.532  render           | Time: 00:00.43 (Saving: 00:00.01)
01:59.532  render           | Rendering frame 291
01:59.533  render           | Executing sequencer
01:59.533  render           | Rendering frame 291
01:59.533  render           | Start rendering: KHATIB / Software launch, ViewLayer
01:59.533  render           | Engine: EEVEE
01:59.599  render           | Fra: 291 | Rendering 1 / 16 samples
01:59.627  render           | Fra: 291 | Rendering 16 / 16 samples
01:59.955  render           | Video append frame 291
01:59.955  render           | Time: 00:00.42 (Saving: 00:00.01)
01:59.955  render           | Rendering frame 292
01:59.956  render           | Executing sequencer
01:59.956  render           | Rendering frame 292
01:59.956  render           | Start rendering: KHATIB / Software launch, ViewLayer
01:59.956  render           | Engine: EEVEE
02:00.018  render           | Fra: 292 | Rendering 1 / 16 samples
02:00.043  render           | Fra: 292 | Rendering 16 / 16 samples
02:00.373  render           | Video append frame 292
02:00.373  render           | Time: 00:00.41 (Saving: 00:00.01)
02:00.373  render           | Rendering frame 293
02:00.374  render           | Executing sequencer
02:00.374  render           | Rendering frame 293
02:00.374  render           | Start rendering: KHATIB / Software launch, ViewLayer
02:00.374  render           | Engine: EEVEE
02:00.430  render           | Fra: 293 | Rendering 1 / 16 samples
02:00.455  render           | Fra: 293 | Rendering 16 / 16 samples
02:00.803  render           | Video append frame 293
02:00.804  render           | Time: 00:00.43 (Saving: 00:00.01)
02:00.804  render           | Rendering frame 294
02:00.805  render           | Executing sequencer
02:00.808  render           | Rendering frame 294
02:00.809  render           | Start rendering: KHATIB / Software launch, ViewLayer
02:00.809  render           | Engine: EEVEE
02:00.889  render           | Fra: 294 | Rendering 1 / 16 samples
02:00.920  render           | Fra: 294 | Rendering 16 / 16 samples
02:01.259  render           | Video append frame 294
02:01.261  render           | Time: 00:00.45 (Saving: 00:00.01)
02:01.261  render           | Rendering frame 295
02:01.262  render           | Executing sequencer
02:01.262  render           | Rendering frame 295
02:01.262  render           | Start rendering: KHATIB / Software launch, ViewLayer
02:01.262  render           | Engine: EEVEE
02:01.326  render           | Fra: 295 | Rendering 1 / 16 samples
02:01.354  render           | Fra: 295 | Rendering 16 / 16 samples
02:01.724  render           | Video append frame 295
02:01.724  render           | Time: 00:00.46 (Saving: 00:00.02)
02:01.724  render           | Rendering frame 296
02:01.725  render           | Executing sequencer
02:01.725  render           | Rendering frame 296
02:01.725  render           | Start rendering: KHATIB / Software launch, ViewLayer
02:01.725  render           | Engine: EEVEE
02:01.800  render           | Fra: 296 | Rendering 1 / 16 samples
02:01.830  render           | Fra: 296 | Rendering 16 / 16 samples
02:02.195  render           | Video append frame 296
02:02.195  render           | Time: 00:00.47 (Saving: 00:00.01)
02:02.195  render           | Rendering frame 297
02:02.195  render           | Executing sequencer
02:02.195  render           | Rendering frame 297
02:02.196  render           | Start rendering: KHATIB / Software launch, ViewLayer
02:02.196  render           | Engine: EEVEE
02:02.261  render           | Fra: 297 | Rendering 1 / 16 samples
02:02.292  render           | Fra: 297 | Rendering 16 / 16 samples
02:02.642  render           | Video append frame 297
02:02.642  render           | Time: 00:00.44 (Saving: 00:00.01)
02:02.642  render           | Rendering frame 298
02:02.643  render           | Executing sequencer
02:02.643  render           | Rendering frame 298
02:02.643  render           | Start rendering: KHATIB / Software launch, ViewLayer
02:02.643  render           | Engine: EEVEE
02:02.699  render           | Fra: 298 | Rendering 1 / 16 samples
02:02.726  render           | Fra: 298 | Rendering 16 / 16 samples
02:03.093  render           | Video append frame 298
02:03.093  render           | Time: 00:00.44 (Saving: 00:00.01)
02:03.093  render           | Rendering frame 299
02:03.093  render           | Executing sequencer
02:03.093  render           | Rendering frame 299
02:03.093  render           | Start rendering: KHATIB / Software launch, ViewLayer
02:03.094  render           | Engine: EEVEE
02:03.157  render           | Fra: 299 | Rendering 1 / 16 samples
02:03.185  render           | Fra: 299 | Rendering 16 / 16 samples
02:03.545  render           | Video append frame 299
02:03.545  render           | Time: 00:00.45 (Saving: 00:00.01)
02:03.545  render           | Rendering frame 300
02:03.546  render           | Executing sequencer
02:03.546  render           | Rendering frame 300
02:03.546  render           | Start rendering: KHATIB / Software launch, ViewLayer
02:03.546  render           | Engine: EEVEE
02:03.608  render           | Fra: 300 | Rendering 1 / 16 samples
02:03.635  render           | Fra: 300 | Rendering 16 / 16 samples
02:03.995  render           | Video append frame 300
02:03.995  render           | Time: 00:00.44 (Saving: 00:00.01)
02:03.995  render           | Rendering frame 301
02:03.995  render           | Executing sequencer
02:03.996  render           | Rendering frame 301
02:03.996  render           | Start rendering: KHATIB / Software launch, ViewLayer
02:03.996  render           | Engine: EEVEE
02:04.065  render           | Fra: 301 | Rendering 1 / 16 samples
02:04.095  render           | Fra: 301 | Rendering 16 / 16 samples
02:04.430  render           | Video append frame 301
02:04.430  render           | Time: 00:00.43 (Saving: 00:00.01)
02:04.430  render           | Rendering frame 302
02:04.431  render           | Executing sequencer
02:04.431  render           | Rendering frame 302
02:04.431  render           | Start rendering: KHATIB / Software launch, ViewLayer
02:04.431  render           | Engine: EEVEE
02:04.488  render           | Fra: 302 | Rendering 1 / 16 samples
02:04.515  render           | Fra: 302 | Rendering 16 / 16 samples
02:04.843  render           | Video append frame 302
02:04.843  render           | Time: 00:00.41 (Saving: 00:00.01)
02:04.843  render           | Rendering frame 303
02:04.844  render           | Executing sequencer
02:04.844  render           | Rendering frame 303
02:04.844  render           | Start rendering: KHATIB / Software launch, ViewLayer
02:04.844  render           | Engine: EEVEE
02:04.910  render           | Fra: 303 | Rendering 1 / 16 samples
02:04.939  render           | Fra: 303 | Rendering 16 / 16 samples
02:05.265  render           | Video append frame 303
02:05.265  render           | Time: 00:00.42 (Saving: 00:00.01)
02:05.265  render           | Rendering frame 304
02:05.266  render           | Executing sequencer
02:05.266  render           | Rendering frame 304
02:05.266  render           | Start rendering: KHATIB / Software launch, ViewLayer
02:05.266  render           | Engine: EEVEE
02:05.323  render           | Fra: 304 | Rendering 1 / 16 samples
02:05.350  render           | Fra: 304 | Rendering 16 / 16 samples
02:05.794  render           | Video append frame 304
02:05.795  render           | Time: 00:00.52 (Saving: 00:00.03)
02:05.795  render           | Rendering frame 305
02:05.798  render           | Executing sequencer
02:05.798  render           | Rendering frame 305
02:05.800  render           | Start rendering: KHATIB / Software launch, ViewLayer
02:05.800  render           | Engine: EEVEE
02:05.872  render           | Fra: 305 | Rendering 1 / 16 samples
02:05.899  render           | Fra: 305 | Rendering 16 / 16 samples
02:06.252  render           | Video append frame 305
02:06.252  render           | Time: 00:00.45 (Saving: 00:00.01)
02:06.252  render           | Rendering frame 306
02:06.253  render           | Executing sequencer
02:06.253  render           | Rendering frame 306
02:06.253  render           | Start rendering: KHATIB / Software launch, ViewLayer
02:06.253  render           | Engine: EEVEE
02:06.317  render           | Fra: 306 | Rendering 1 / 16 samples
02:06.346  render           | Fra: 306 | Rendering 16 / 16 samples
02:06.676  render           | Video append frame 306
02:06.676  render           | Time: 00:00.42 (Saving: 00:00.01)
02:06.676  render           | Rendering frame 307
02:06.676  render           | Executing sequencer
02:06.676  render           | Rendering frame 307
02:06.677  render           | Start rendering: KHATIB / Software launch, ViewLayer
02:06.677  render           | Engine: EEVEE
02:06.766  render           | Fra: 307 | Rendering 1 / 16 samples
02:06.804  render           | Fra: 307 | Rendering 16 / 16 samples
02:07.179  render           | Video append frame 307
02:07.179  render           | Time: 00:00.50 (Saving: 00:00.02)
02:07.179  render           | Rendering frame 308
02:07.179  render           | Executing sequencer
02:07.179  render           | Rendering frame 308
02:07.180  render           | Start rendering: KHATIB / Software launch, ViewLayer
02:07.180  render           | Engine: EEVEE
02:07.236  render           | Fra: 308 | Rendering 1 / 16 samples
02:07.264  render           | Fra: 308 | Rendering 16 / 16 samples
02:07.601  render           | Video append frame 308
02:07.601  render           | Time: 00:00.42 (Saving: 00:00.01)
02:07.601  render           | Rendering frame 309
02:07.602  render           | Executing sequencer
02:07.602  render           | Rendering frame 309
02:07.602  render           | Start rendering: KHATIB / Software launch, ViewLayer
02:07.602  render           | Engine: EEVEE
02:07.669  render           | Fra: 309 | Rendering 1 / 16 samples
02:07.695  render           | Fra: 309 | Rendering 16 / 16 samples
02:08.097  render           | Video append frame 309
02:08.097  render           | Time: 00:00.49 (Saving: 00:00.04)
02:08.097  render           | Rendering frame 310
02:08.097  render           | Executing sequencer
02:08.097  render           | Rendering frame 310
02:08.098  render           | Start rendering: KHATIB / Software launch, ViewLayer
02:08.098  render           | Engine: EEVEE
02:08.220  render           | Fra: 310 | Rendering 1 / 16 samples
02:08.252  render           | Fra: 310 | Rendering 16 / 16 samples
02:08.591  render           | Video append frame 310
02:08.591  render           | Time: 00:00.49 (Saving: 00:00.01)
02:08.591  render           | Rendering frame 311
02:08.592  render           | Executing sequencer
02:08.592  render           | Rendering frame 311
02:08.592  render           | Start rendering: KHATIB / Software launch, ViewLayer
02:08.592  render           | Engine: EEVEE
02:08.651  render           | Fra: 311 | Rendering 1 / 16 samples
02:08.679  render           | Fra: 311 | Rendering 16 / 16 samples
02:08.996  render           | Video append frame 311
02:08.996  render           | Time: 00:00.40 (Saving: 00:00.01)
02:08.996  render           | Rendering frame 312
02:08.997  render           | Executing sequencer
02:08.997  render           | Rendering frame 312
02:08.997  render           | Start rendering: KHATIB / Software launch, ViewLayer
02:08.997  render           | Engine: EEVEE
02:09.052  render           | Fra: 312 | Rendering 1 / 16 samples
02:09.079  render           | Fra: 312 | Rendering 16 / 16 samples
02:09.394  render           | Video append frame 312
02:09.394  render           | Time: 00:00.39 (Saving: 00:00.01)
02:09.394  render           | Rendering frame 313
02:09.395  render           | Executing sequencer
02:09.395  render           | Rendering frame 313
02:09.395  render           | Start rendering: KHATIB / Software launch, ViewLayer
02:09.395  render           | Engine: EEVEE
02:09.464  render           | Fra: 313 | Rendering 1 / 16 samples
02:09.493  render           | Fra: 313 | Rendering 16 / 16 samples
02:09.833  render           | Video append frame 313
02:09.833  render           | Time: 00:00.43 (Saving: 00:00.02)
02:09.834  render           | Rendering frame 314
02:09.834  render           | Executing sequencer
02:09.835  render           | Rendering frame 314
02:09.835  render           | Start rendering: KHATIB / Software launch, ViewLayer
02:09.835  render           | Engine: EEVEE
02:09.895  render           | Fra: 314 | Rendering 1 / 16 samples
02:09.922  render           | Fra: 314 | Rendering 16 / 16 samples
02:10.261  render           | Video append frame 314
02:10.261  render           | Time: 00:00.42 (Saving: 00:00.01)
02:10.261  render           | Rendering frame 315
02:10.261  render           | Executing sequencer
02:10.262  render           | Rendering frame 315
02:10.262  render           | Start rendering: KHATIB / Software launch, ViewLayer
02:10.262  render           | Engine: EEVEE
02:10.324  render           | Fra: 315 | Rendering 1 / 16 samples
02:10.354  render           | Fra: 315 | Rendering 16 / 16 samples
02:10.709  render           | Video append frame 315
02:10.709  render           | Time: 00:00.44 (Saving: 00:00.02)
02:10.709  render           | Rendering frame 316
02:10.710  render           | Executing sequencer
02:10.710  render           | Rendering frame 316
02:10.711  render           | Start rendering: KHATIB / Software launch, ViewLayer
02:10.711  render           | Engine: EEVEE
02:10.781  render           | Fra: 316 | Rendering 1 / 16 samples
02:10.811  render           | Fra: 316 | Rendering 16 / 16 samples
02:11.167  render           | Video append frame 316
02:11.167  render           | Time: 00:00.45 (Saving: 00:00.01)
02:11.167  render           | Rendering frame 317
02:11.167  render           | Executing sequencer
02:11.167  render           | Rendering frame 317
02:11.168  render           | Start rendering: KHATIB / Software launch, ViewLayer
02:11.168  render           | Engine: EEVEE
02:11.227  render           | Fra: 317 | Rendering 1 / 16 samples
02:11.253  render           | Fra: 317 | Rendering 16 / 16 samples
02:11.620  render           | Video append frame 317
02:11.621  render           | Time: 00:00.45 (Saving: 00:00.02)
02:11.621  render           | Rendering frame 318
02:11.621  render           | Executing sequencer
02:11.621  render           | Rendering frame 318
02:11.621  render           | Start rendering: KHATIB / Software launch, ViewLayer
02:11.621  render           | Engine: EEVEE
02:11.694  render           | Fra: 318 | Rendering 1 / 16 samples
02:11.725  render           | Fra: 318 | Rendering 16 / 16 samples
02:12.174  render           | Video append frame 318
02:12.174  render           | Time: 00:00.55 (Saving: 00:00.02)
02:12.174  render           | Rendering frame 319
02:12.175  render           | Executing sequencer
02:12.175  render           | Rendering frame 319
02:12.176  render           | Start rendering: KHATIB / Software launch, ViewLayer
02:12.176  render           | Engine: EEVEE
02:12.255  render           | Fra: 319 | Rendering 1 / 16 samples
02:12.287  render           | Fra: 319 | Rendering 16 / 16 samples
02:12.663  render           | Video append frame 319
02:12.663  render           | Time: 00:00.48 (Saving: 00:00.01)
02:12.663  render           | Rendering frame 320
02:12.663  render           | Executing sequencer
02:12.664  render           | Rendering frame 320
02:12.664  render           | Start rendering: KHATIB / Software launch, ViewLayer
02:12.664  render           | Engine: EEVEE
02:12.745  render           | Fra: 320 | Rendering 1 / 16 samples
02:12.783  render           | Fra: 320 | Rendering 16 / 16 samples
02:13.164  render           | Video append frame 320
02:13.164  render           | Time: 00:00.50 (Saving: 00:00.02)
02:13.164  render           | Rendering frame 321
02:13.164  render           | Executing sequencer
02:13.164  render           | Rendering frame 321
02:13.166  render           | Start rendering: KHATIB / Software launch, ViewLayer
02:13.166  render           | Engine: EEVEE
02:13.247  render           | Fra: 321 | Rendering 1 / 16 samples
02:13.283  render           | Fra: 321 | Rendering 16 / 16 samples
02:13.642  render           | Video append frame 321
02:13.642  render           | Time: 00:00.47 (Saving: 00:00.02)
02:13.642  render           | Rendering frame 322
02:13.643  render           | Executing sequencer
02:13.643  render           | Rendering frame 322
02:13.643  render           | Start rendering: KHATIB / Software launch, ViewLayer
02:13.643  render           | Engine: EEVEE
02:13.714  render           | Fra: 322 | Rendering 1 / 16 samples
02:13.744  render           | Fra: 322 | Rendering 16 / 16 samples
02:14.138  render           | Video append frame 322
02:14.138  render           | Time: 00:00.49 (Saving: 00:00.03)
02:14.138  render           | Rendering frame 323
02:14.139  render           | Executing sequencer
02:14.139  render           | Rendering frame 323
02:14.140  render           | Start rendering: KHATIB / Software launch, ViewLayer
02:14.140  render           | Engine: EEVEE
02:14.227  render           | Fra: 323 | Rendering 1 / 16 samples
02:14.256  render           | Fra: 323 | Rendering 16 / 16 samples
02:14.598  render           | Video append frame 323
02:14.598  render           | Time: 00:00.45 (Saving: 00:00.01)
02:14.598  render           | Rendering frame 324
02:14.598  render           | Executing sequencer
02:14.598  render           | Rendering frame 324
02:14.599  render           | Start rendering: KHATIB / Software launch, ViewLayer
02:14.599  render           | Engine: EEVEE
02:14.659  render           | Fra: 324 | Rendering 1 / 16 samples
02:14.689  render           | Fra: 324 | Rendering 16 / 16 samples
02:15.030  render           | Video append frame 324
02:15.031  render           | Time: 00:00.43 (Saving: 00:00.01)
02:15.031  render           | Rendering frame 325
02:15.031  render           | Executing sequencer
02:15.031  render           | Rendering frame 325
02:15.032  render           | Start rendering: KHATIB / Software launch, ViewLayer
02:15.032  render           | Engine: EEVEE
02:15.098  render           | Fra: 325 | Rendering 1 / 16 samples
02:15.128  render           | Fra: 325 | Rendering 16 / 16 samples
02:15.473  render           | Video append frame 325
02:15.473  render           | Time: 00:00.44 (Saving: 00:00.01)
02:15.473  render           | Rendering frame 326
02:15.474  render           | Executing sequencer
02:15.474  render           | Rendering frame 326
02:15.474  render           | Start rendering: KHATIB / Software launch, ViewLayer
02:15.474  render           | Engine: EEVEE
02:15.541  render           | Fra: 326 | Rendering 1 / 16 samples
02:15.571  render           | Fra: 326 | Rendering 16 / 16 samples
02:15.945  render           | Video append frame 326
02:15.945  render           | Time: 00:00.47 (Saving: 00:00.01)
02:15.945  render           | Rendering frame 327
02:15.946  render           | Executing sequencer
02:15.947  render           | Rendering frame 327
02:15.948  render           | Start rendering: KHATIB / Software launch, ViewLayer
02:15.948  render           | Engine: EEVEE
02:16.025  render           | Fra: 327 | Rendering 1 / 16 samples
02:16.054  render           | Fra: 327 | Rendering 16 / 16 samples
02:16.397  render           | Video append frame 327
02:16.397  render           | Time: 00:00.45 (Saving: 00:00.01)
02:16.397  render           | Rendering frame 328
02:16.398  render           | Executing sequencer
02:16.398  render           | Rendering frame 328
02:16.398  render           | Start rendering: KHATIB / Software launch, ViewLayer
02:16.398  render           | Engine: EEVEE
02:16.454  render           | Fra: 328 | Rendering 1 / 16 samples
02:16.480  render           | Fra: 328 | Rendering 16 / 16 samples
02:16.838  render           | Video append frame 328
02:16.838  render           | Time: 00:00.44 (Saving: 00:00.02)
02:16.839  render           | Rendering frame 329
02:16.839  render           | Executing sequencer
02:16.840  render           | Rendering frame 329
02:16.840  render           | Start rendering: KHATIB / Software launch, ViewLayer
02:16.840  render           | Engine: EEVEE
02:16.904  render           | Fra: 329 | Rendering 1 / 16 samples
02:16.933  render           | Fra: 329 | Rendering 16 / 16 samples
02:17.268  render           | Video append frame 329
02:17.268  render           | Time: 00:00.42 (Saving: 00:00.01)
02:17.268  render           | Rendering frame 330
02:17.268  render           | Executing sequencer
02:17.268  render           | Rendering frame 330
02:17.269  render           | Start rendering: KHATIB / Software launch, ViewLayer
02:17.269  render           | Engine: EEVEE
02:17.323  render           | Fra: 330 | Rendering 1 / 16 samples
02:17.347  render           | Fra: 330 | Rendering 16 / 16 samples
02:17.654  render           | Video append frame 330
02:17.654  render           | Time: 00:00.38 (Saving: 00:00.01)
02:17.654  render           | Rendering frame 331
02:17.654  render           | Executing sequencer
02:17.654  render           | Rendering frame 331
02:17.654  render           | Start rendering: KHATIB / Software launch, ViewLayer
02:17.654  render           | Engine: EEVEE
02:17.711  render           | Fra: 331 | Rendering 1 / 16 samples
02:17.737  render           | Fra: 331 | Rendering 16 / 16 samples
02:18.033  render           | Video append frame 331
02:18.033  render           | Time: 00:00.37 (Saving: 00:00.01)
02:18.033  render           | Rendering frame 332
02:18.034  render           | Executing sequencer
02:18.034  render           | Rendering frame 332
02:18.034  render           | Start rendering: KHATIB / Software launch, ViewLayer
02:18.034  render           | Engine: EEVEE
02:18.088  render           | Fra: 332 | Rendering 1 / 16 samples
02:18.112  render           | Fra: 332 | Rendering 16 / 16 samples
02:18.412  render           | Video append frame 332
02:18.412  render           | Time: 00:00.37 (Saving: 00:00.01)
02:18.412  render           | Rendering frame 333
02:18.412  render           | Executing sequencer
02:18.413  render           | Rendering frame 333
02:18.413  render           | Start rendering: KHATIB / Software launch, ViewLayer
02:18.414  render           | Engine: EEVEE
02:18.464  render           | Fra: 333 | Rendering 1 / 16 samples
02:18.488  render           | Fra: 333 | Rendering 16 / 16 samples
02:18.785  render           | Video append frame 333
02:18.785  render           | Time: 00:00.37 (Saving: 00:00.01)
02:18.785  render           | Rendering frame 334
02:18.786  render           | Executing sequencer
02:18.786  render           | Rendering frame 334
02:18.786  render           | Start rendering: KHATIB / Software launch, ViewLayer
02:18.786  render           | Engine: EEVEE
02:18.839  render           | Fra: 334 | Rendering 1 / 16 samples
02:18.863  render           | Fra: 334 | Rendering 16 / 16 samples
02:19.160  render           | Video append frame 334
02:19.160  render           | Time: 00:00.37 (Saving: 00:00.01)
02:19.160  render           | Rendering frame 335
02:19.161  render           | Executing sequencer
02:19.161  render           | Rendering frame 335
02:19.161  render           | Start rendering: KHATIB / Software launch, ViewLayer
02:19.161  render           | Engine: EEVEE
02:19.214  render           | Fra: 335 | Rendering 1 / 16 samples
02:19.240  render           | Fra: 335 | Rendering 16 / 16 samples
02:19.538  render           | Video append frame 335
02:19.538  render           | Time: 00:00.37 (Saving: 00:00.01)
02:19.538  render           | Rendering frame 336
02:19.538  render           | Executing sequencer
02:19.538  render           | Rendering frame 336
02:19.538  render           | Start rendering: KHATIB / Software launch, ViewLayer
02:19.538  render           | Engine: EEVEE
02:19.593  render           | Fra: 336 | Rendering 1 / 16 samples
02:19.618  render           | Fra: 336 | Rendering 16 / 16 samples
02:19.914  render           | Video append frame 336
02:19.914  render           | Time: 00:00.37 (Saving: 00:00.01)
02:19.914  render           | Rendering frame 337
02:19.914  render           | Executing sequencer
02:19.914  render           | Rendering frame 337
02:19.915  render           | Start rendering: KHATIB / Software launch, ViewLayer
02:19.915  render           | Engine: EEVEE
02:19.967  render           | Fra: 337 | Rendering 1 / 16 samples
02:19.991  render           | Fra: 337 | Rendering 16 / 16 samples
02:20.303  render           | Video append frame 337
02:20.303  render           | Time: 00:00.38 (Saving: 00:00.01)
02:20.303  render           | Rendering frame 338
02:20.304  render           | Executing sequencer
02:20.304  render           | Rendering frame 338
02:20.304  render           | Start rendering: KHATIB / Software launch, ViewLayer
02:20.304  render           | Engine: EEVEE
02:20.363  render           | Fra: 338 | Rendering 1 / 16 samples
02:20.390  render           | Fra: 338 | Rendering 16 / 16 samples
02:20.724  render           | Video append frame 338
02:20.724  render           | Time: 00:00.41 (Saving: 00:00.01)
02:20.724  render           | Rendering frame 339
02:20.724  render           | Executing sequencer
02:20.724  render           | Rendering frame 339
02:20.724  render           | Start rendering: KHATIB / Software launch, ViewLayer
02:20.724  render           | Engine: EEVEE
02:20.781  render           | Fra: 339 | Rendering 1 / 16 samples
02:20.808  render           | Fra: 339 | Rendering 16 / 16 samples
02:21.115  render           | Video append frame 339
02:21.115  render           | Time: 00:00.39 (Saving: 00:00.01)
02:21.115  render           | Rendering frame 340
02:21.116  render           | Executing sequencer
02:21.116  render           | Rendering frame 340
02:21.116  render           | Start rendering: KHATIB / Software launch, ViewLayer
02:21.116  render           | Engine: EEVEE
02:21.181  render           | Fra: 340 | Rendering 1 / 16 samples
02:21.212  render           | Fra: 340 | Rendering 16 / 16 samples
02:21.615  render           | Video append frame 340
02:21.615  render           | Time: 00:00.49 (Saving: 00:00.01)
02:21.616  render           | Rendering frame 341
02:21.617  render           | Executing sequencer
02:21.617  render           | Rendering frame 341
02:21.618  render           | Start rendering: KHATIB / Software launch, ViewLayer
02:21.618  render           | Engine: EEVEE
02:21.677  render           | Fra: 341 | Rendering 1 / 16 samples
02:21.703  render           | Fra: 341 | Rendering 16 / 16 samples
02:22.015  render           | Video append frame 341
02:22.015  render           | Time: 00:00.39 (Saving: 00:00.01)
02:22.015  render           | Rendering frame 342
02:22.015  render           | Executing sequencer
02:22.020  render           | Rendering frame 342
02:22.021  render           | Start rendering: KHATIB / Software launch, ViewLayer
02:22.021  render           | Engine: EEVEE
02:22.079  render           | Fra: 342 | Rendering 1 / 16 samples
02:22.107  render           | Fra: 342 | Rendering 16 / 16 samples
02:22.429  render           | Video append frame 342
02:22.429  render           | Time: 00:00.41 (Saving: 00:00.01)
02:22.429  render           | Rendering frame 343
02:22.430  render           | Executing sequencer
02:22.435  render           | Rendering frame 343
02:22.435  render           | Start rendering: KHATIB / Software launch, ViewLayer
02:22.435  render           | Engine: EEVEE
02:22.499  render           | Fra: 343 | Rendering 1 / 16 samples
02:22.529  render           | Fra: 343 | Rendering 16 / 16 samples
02:23.062  render           | Video append frame 343
02:23.062  render           | Time: 00:00.63 (Saving: 00:00.04)
02:23.062  render           | Rendering frame 344
02:23.063  render           | Executing sequencer
02:23.072  render           | Rendering frame 344
02:23.073  render           | Start rendering: KHATIB / Software launch, ViewLayer
02:23.073  render           | Engine: EEVEE
02:23.155  render           | Fra: 344 | Rendering 1 / 16 samples
02:23.181  render           | Fra: 344 | Rendering 16 / 16 samples
02:23.645  render           | Video append frame 344
02:23.645  render           | Time: 00:00.58 (Saving: 00:00.08)
02:23.645  render           | Rendering frame 345
02:23.646  render           | Executing sequencer
02:23.648  render           | Rendering frame 345
02:23.649  render           | Start rendering: KHATIB / Software launch, ViewLayer
02:23.649  render           | Engine: EEVEE
02:23.771  render           | Fra: 345 | Rendering 1 / 16 samples
02:23.801  render           | Fra: 345 | Rendering 16 / 16 samples
02:24.178  render           | Video append frame 345
02:24.178  render           | Time: 00:00.53 (Saving: 00:00.01)
02:24.178  render           | Rendering frame 346
02:24.179  render           | Executing sequencer
02:24.179  render           | Rendering frame 346
02:24.179  render           | Start rendering: KHATIB / Software launch, ViewLayer
02:24.179  render           | Engine: EEVEE
02:24.238  render           | Fra: 346 | Rendering 1 / 16 samples
02:24.265  render           | Fra: 346 | Rendering 16 / 16 samples
02:24.651  render           | Video append frame 346
02:24.651  render           | Time: 00:00.47 (Saving: 00:00.02)
02:24.651  render           | Rendering frame 347
02:24.652  render           | Executing sequencer
02:24.652  render           | Rendering frame 347
02:24.653  render           | Start rendering: KHATIB / Software launch, ViewLayer
02:24.653  render           | Engine: EEVEE
02:24.722  render           | Fra: 347 | Rendering 1 / 16 samples
02:24.747  render           | Fra: 347 | Rendering 16 / 16 samples
02:25.076  render           | Video append frame 347
02:25.076  render           | Time: 00:00.42 (Saving: 00:00.01)
02:25.076  render           | Rendering frame 348
02:25.077  render           | Executing sequencer
02:25.077  render           | Rendering frame 348
02:25.077  render           | Start rendering: KHATIB / Software launch, ViewLayer
02:25.077  render           | Engine: EEVEE
02:25.159  render           | Fra: 348 | Rendering 1 / 16 samples
02:25.195  render           | Fra: 348 | Rendering 16 / 16 samples
02:25.517  render           | Video append frame 348
02:25.519  render           | Time: 00:00.44 (Saving: 00:00.03)
02:25.519  render           | Rendering frame 349
02:25.521  render           | Executing sequencer
02:25.522  render           | Rendering frame 349
02:25.522  render           | Start rendering: KHATIB / Software launch, ViewLayer
02:25.523  render           | Engine: EEVEE
02:25.663  render           | Fra: 349 | Rendering 1 / 16 samples
02:25.694  render           | Fra: 349 | Rendering 16 / 16 samples
02:26.055  render           | Video append frame 349
02:26.055  render           | Time: 00:00.53 (Saving: 00:00.01)
02:26.055  render           | Rendering frame 350
02:26.056  render           | Executing sequencer
02:26.057  render           | Rendering frame 350
02:26.057  render           | Start rendering: KHATIB / Software launch, ViewLayer
02:26.057  render           | Engine: EEVEE
02:26.122  render           | Fra: 350 | Rendering 1 / 16 samples
02:26.151  render           | Fra: 350 | Rendering 16 / 16 samples
02:26.482  render           | Video append frame 350
02:26.483  render           | Time: 00:00.42 (Saving: 00:00.01)
02:26.483  render           | Rendering frame 351
02:26.483  render           | Executing sequencer
02:26.483  render           | Rendering frame 351
02:26.484  render           | Start rendering: KHATIB / Software launch, ViewLayer
02:26.484  render           | Engine: EEVEE
02:26.545  render           | Fra: 351 | Rendering 1 / 16 samples
02:26.572  render           | Fra: 351 | Rendering 16 / 16 samples
02:26.914  render           | Video append frame 351
02:26.914  render           | Time: 00:00.43 (Saving: 00:00.01)
02:26.914  render           | Rendering frame 352
02:26.915  render           | Executing sequencer
02:26.916  render           | Rendering frame 352
02:26.916  render           | Start rendering: KHATIB / Software launch, ViewLayer
02:26.916  render           | Engine: EEVEE
02:26.975  render           | Fra: 352 | Rendering 1 / 16 samples
02:27.002  render           | Fra: 352 | Rendering 16 / 16 samples
02:27.346  render           | Video append frame 352
02:27.346  render           | Time: 00:00.43 (Saving: 00:00.02)
02:27.346  render           | Rendering frame 353
02:27.347  render           | Executing sequencer
02:27.348  render           | Rendering frame 353
02:27.349  render           | Start rendering: KHATIB / Software launch, ViewLayer
02:27.349  render           | Engine: EEVEE
02:27.426  render           | Fra: 353 | Rendering 1 / 16 samples
02:27.456  render           | Fra: 353 | Rendering 16 / 16 samples
02:27.799  render           | Video append frame 353
02:27.799  render           | Time: 00:00.45 (Saving: 00:00.01)
02:27.799  render           | Rendering frame 354
02:27.800  render           | Executing sequencer
02:27.800  render           | Rendering frame 354
02:27.801  render           | Start rendering: KHATIB / Software launch, ViewLayer
02:27.801  render           | Engine: EEVEE
02:27.881  render           | Fra: 354 | Rendering 1 / 16 samples
02:27.906  render           | Fra: 354 | Rendering 16 / 16 samples
02:28.237  render           | Video append frame 354
02:28.237  render           | Time: 00:00.43 (Saving: 00:00.01)
02:28.237  render           | Rendering frame 355
02:28.238  render           | Executing sequencer
02:28.351  render           | Rendering frame 355
02:28.351  render           | Start rendering: KHATIB / Software launch, ViewLayer
02:28.351  render           | Engine: EEVEE
02:28.405  render           | Fra: 355 | Rendering 1 / 16 samples
02:28.431  render           | Fra: 355 | Rendering 16 / 16 samples
02:28.756  render           | Video append frame 355
02:28.756  render           | Time: 00:00.51 (Saving: 00:00.01)
02:28.756  render           | Rendering frame 356
02:28.757  render           | Executing sequencer
02:28.757  render           | Rendering frame 356
02:28.757  render           | Start rendering: KHATIB / Software launch, ViewLayer
02:28.757  render           | Engine: EEVEE
02:28.818  render           | Fra: 356 | Rendering 1 / 16 samples
02:28.847  render           | Fra: 356 | Rendering 16 / 16 samples
02:29.175  render           | Video append frame 356
02:29.175  render           | Time: 00:00.41 (Saving: 00:00.01)
02:29.175  render           | Rendering frame 357
02:29.176  render           | Executing sequencer
02:29.176  render           | Rendering frame 357
02:29.176  render           | Start rendering: KHATIB / Software launch, ViewLayer
02:29.176  render           | Engine: EEVEE
02:29.239  render           | Fra: 357 | Rendering 1 / 16 samples
02:29.290  render           | Fra: 357 | Rendering 16 / 16 samples
02:29.656  render           | Video append frame 357
02:29.656  render           | Time: 00:00.48 (Saving: 00:00.03)
02:29.656  render           | Rendering frame 358
02:29.656  render           | Executing sequencer
02:29.657  render           | Rendering frame 358
02:29.657  render           | Start rendering: KHATIB / Software launch, ViewLayer
02:29.657  render           | Engine: EEVEE
02:29.907  render           | Fra: 358 | Rendering 1 / 16 samples
02:29.950  render           | Fra: 358 | Rendering 16 / 16 samples
02:30.606  render           | Video append frame 358
02:30.606  render           | Time: 00:00.94 (Saving: 00:00.06)
02:30.606  render           | Rendering frame 359
02:30.608  render           | Executing sequencer
02:30.609  render           | Rendering frame 359
02:30.609  render           | Start rendering: KHATIB / Software launch, ViewLayer
02:30.609  render           | Engine: EEVEE
02:30.780  render           | Fra: 359 | Rendering 1 / 16 samples
02:30.811  render           | Fra: 359 | Rendering 16 / 16 samples
02:31.307  render           | Video append frame 359
02:31.307  render           | Time: 00:00.69 (Saving: 00:00.02)
02:31.307  render           | Rendering frame 360
02:31.308  render           | Executing sequencer
02:31.309  render           | Rendering frame 360
02:31.309  render           | Start rendering: KHATIB / Software launch, ViewLayer
02:31.309  render           | Engine: EEVEE
02:31.421  render           | Fra: 360 | Rendering 1 / 16 samples
02:31.452  render           | Fra: 360 | Rendering 16 / 16 samples
02:31.778  render           | Video append frame 360
02:31.778  render           | Time: 00:00.46 (Saving: 00:00.01)
02:31.778  render           | Rendering frame 361
02:31.778  render           | Executing sequencer
02:31.779  render           | Rendering frame 361
02:31.779  render           | Start rendering: KHATIB / Software launch, ViewLayer
02:31.779  render           | Engine: EEVEE
02:31.855  render           | Fra: 361 | Rendering 1 / 16 samples
02:31.884  render           | Fra: 361 | Rendering 16 / 16 samples
02:32.188  render           | Video append frame 361
02:32.188  render           | Time: 00:00.40 (Saving: 00:00.01)
02:32.188  render           | Rendering frame 362
02:32.188  render           | Executing sequencer
02:32.188  render           | Rendering frame 362
02:32.189  render           | Start rendering: KHATIB / Software launch, ViewLayer
02:32.189  render           | Engine: EEVEE
02:32.267  render           | Fra: 362 | Rendering 1 / 16 samples
02:32.295  render           | Fra: 362 | Rendering 16 / 16 samples
02:32.607  render           | Video append frame 362
02:32.607  render           | Time: 00:00.41 (Saving: 00:00.01)
02:32.607  render           | Rendering frame 363
02:32.607  render           | Executing sequencer
02:32.607  render           | Rendering frame 363
02:32.608  render           | Start rendering: KHATIB / Software launch, ViewLayer
02:32.608  render           | Engine: EEVEE
02:32.665  render           | Fra: 363 | Rendering 1 / 16 samples
02:32.689  render           | Fra: 363 | Rendering 16 / 16 samples
02:32.985  render           | Video append frame 363
02:32.985  render           | Time: 00:00.37 (Saving: 00:00.01)
02:32.986  render           | Rendering frame 364
02:32.986  render           | Executing sequencer
02:32.986  render           | Rendering frame 364
02:32.987  render           | Start rendering: KHATIB / Software launch, ViewLayer
02:32.987  render           | Engine: EEVEE
02:33.055  render           | Fra: 364 | Rendering 1 / 16 samples
02:33.079  render           | Fra: 364 | Rendering 16 / 16 samples
02:33.370  render           | Video append frame 364
02:33.372  render           | Time: 00:00.38 (Saving: 00:00.01)
02:33.373  render           | Rendering frame 365
02:33.373  render           | Executing sequencer
02:33.374  render           | Rendering frame 365
02:33.375  render           | Start rendering: KHATIB / Software launch, ViewLayer
02:33.375  render           | Engine: EEVEE
02:33.427  render           | Fra: 365 | Rendering 1 / 16 samples
02:33.453  render           | Fra: 365 | Rendering 16 / 16 samples
02:33.756  render           | Video append frame 365
02:33.756  render           | Time: 00:00.38 (Saving: 00:00.01)
02:33.757  render           | Rendering frame 366
02:33.757  render           | Executing sequencer
02:33.757  render           | Rendering frame 366
02:33.758  render           | Start rendering: KHATIB / Software launch, ViewLayer
02:33.758  render           | Engine: EEVEE
02:33.816  render           | Fra: 366 | Rendering 1 / 16 samples
02:33.841  render           | Fra: 366 | Rendering 16 / 16 samples
02:34.136  render           | Video append frame 366
02:34.136  render           | Time: 00:00.37 (Saving: 00:00.01)
02:34.136  render           | Rendering frame 367
02:34.136  render           | Executing sequencer
02:34.137  render           | Rendering frame 367
02:34.137  render           | Start rendering: KHATIB / Software launch, ViewLayer
02:34.137  render           | Engine: EEVEE
02:34.192  render           | Fra: 367 | Rendering 1 / 16 samples
02:34.217  render           | Fra: 367 | Rendering 16 / 16 samples
02:34.517  render           | Video append frame 367
02:34.650  render           | Time: 00:00.51 (Saving: 00:00.14)
02:34.650  render           | Rendering frame 368
02:34.651  render           | Executing sequencer
02:34.651  render           | Rendering frame 368
02:34.651  render           | Start rendering: KHATIB / Software launch, ViewLayer
02:34.651  render           | Engine: EEVEE
02:34.702  render           | Fra: 368 | Rendering 1 / 16 samples
02:34.729  render           | Fra: 368 | Rendering 16 / 16 samples
02:35.053  render           | Video append frame 368
02:35.053  render           | Time: 00:00.40 (Saving: 00:00.01)
02:35.053  render           | Rendering frame 369
02:35.053  render           | Executing sequencer
02:35.054  render           | Rendering frame 369
02:35.054  render           | Start rendering: KHATIB / Software launch, ViewLayer
02:35.055  render           | Engine: EEVEE
02:35.109  render           | Fra: 369 | Rendering 1 / 16 samples
02:35.136  render           | Fra: 369 | Rendering 16 / 16 samples
02:35.428  render           | Video append frame 369
02:35.428  render           | Time: 00:00.37 (Saving: 00:00.01)
02:35.428  render           | Rendering frame 370
02:35.429  render           | Executing sequencer
02:35.429  render           | Rendering frame 370
02:35.429  render           | Start rendering: KHATIB / Software launch, ViewLayer
02:35.429  render           | Engine: EEVEE
02:35.488  render           | Fra: 370 | Rendering 1 / 16 samples
02:35.515  render           | Fra: 370 | Rendering 16 / 16 samples
02:35.812  render           | Video append frame 370
02:35.812  render           | Time: 00:00.38 (Saving: 00:00.01)
02:35.812  render           | Rendering frame 371
02:35.812  render           | Executing sequencer
02:35.813  render           | Rendering frame 371
02:35.813  render           | Start rendering: KHATIB / Software launch, ViewLayer
02:35.813  render           | Engine: EEVEE
02:35.868  render           | Fra: 371 | Rendering 1 / 16 samples
02:35.895  render           | Fra: 371 | Rendering 16 / 16 samples
02:36.191  render           | Video append frame 371
02:36.191  render           | Time: 00:00.37 (Saving: 00:00.01)
02:36.191  render           | Rendering frame 372
02:36.191  render           | Executing sequencer
02:36.192  render           | Rendering frame 372
02:36.192  render           | Start rendering: KHATIB / Software launch, ViewLayer
02:36.192  render           | Engine: EEVEE
02:36.249  render           | Fra: 372 | Rendering 1 / 16 samples
02:36.275  render           | Fra: 372 | Rendering 16 / 16 samples
02:36.559  render           | Video append frame 372
02:36.559  render           | Time: 00:00.36 (Saving: 00:00.01)
02:36.559  render           | Rendering frame 373
02:36.559  render           | Executing sequencer
02:36.560  render           | Rendering frame 373
02:36.563  render           | Start rendering: KHATIB / Software launch, ViewLayer
02:36.563  render           | Engine: EEVEE
02:36.615  render           | Fra: 373 | Rendering 1 / 16 samples
02:36.643  render           | Fra: 373 | Rendering 16 / 16 samples
02:36.927  render           | Video append frame 373
02:36.927  render           | Time: 00:00.36 (Saving: 00:00.01)
02:36.927  render           | Rendering frame 374
02:36.927  render           | Executing sequencer
02:36.928  render           | Rendering frame 374
02:36.928  render           | Start rendering: KHATIB / Software launch, ViewLayer
02:36.928  render           | Engine: EEVEE
02:36.985  render           | Fra: 374 | Rendering 1 / 16 samples
02:37.011  render           | Fra: 374 | Rendering 16 / 16 samples
02:37.295  render           | Video append frame 374
02:37.295  render           | Time: 00:00.36 (Saving: 00:00.01)
02:37.295  render           | Rendering frame 375
02:37.296  render           | Executing sequencer
02:37.296  render           | Rendering frame 375
02:37.296  render           | Start rendering: KHATIB / Software launch, ViewLayer
02:37.296  render           | Engine: EEVEE
02:37.347  render           | Fra: 375 | Rendering 1 / 16 samples
02:37.371  render           | Fra: 375 | Rendering 16 / 16 samples
02:37.638  render           | Video append frame 375
02:37.638  render           | Time: 00:00.34 (Saving: 00:00.01)
02:37.638  render           | Rendering frame 376
02:37.638  render           | Executing sequencer
02:37.638  render           | Rendering frame 376
02:37.639  render           | Start rendering: KHATIB / Software launch, ViewLayer
02:37.639  render           | Engine: EEVEE
02:37.688  render           | Fra: 376 | Rendering 1 / 16 samples
02:37.714  render           | Fra: 376 | Rendering 16 / 16 samples
02:37.982  render           | Video append frame 376
02:37.982  render           | Time: 00:00.34 (Saving: 00:00.01)
02:37.982  render           | Rendering frame 377
02:37.982  render           | Executing sequencer
02:37.983  render           | Rendering frame 377
02:37.983  render           | Start rendering: KHATIB / Software launch, ViewLayer
02:37.983  render           | Engine: EEVEE
02:38.033  render           | Fra: 377 | Rendering 1 / 16 samples
02:38.059  render           | Fra: 377 | Rendering 16 / 16 samples
02:38.327  render           | Video append frame 377
02:38.327  render           | Time: 00:00.34 (Saving: 00:00.01)
02:38.327  render           | Rendering frame 378
02:38.328  render           | Executing sequencer
02:38.328  render           | Rendering frame 378
02:38.328  render           | Start rendering: KHATIB / Software launch, ViewLayer
02:38.328  render           | Engine: EEVEE
02:38.382  render           | Fra: 378 | Rendering 1 / 16 samples
02:38.408  render           | Fra: 378 | Rendering 16 / 16 samples
02:38.682  render           | Video append frame 378
02:38.682  render           | Time: 00:00.35 (Saving: 00:00.01)
02:38.682  render           | Rendering frame 379
02:38.683  render           | Executing sequencer
02:38.683  render           | Rendering frame 379
02:38.683  render           | Start rendering: KHATIB / Software launch, ViewLayer
02:38.683  render           | Engine: EEVEE
02:38.736  render           | Fra: 379 | Rendering 1 / 16 samples
02:38.762  render           | Fra: 379 | Rendering 16 / 16 samples
02:39.033  render           | Video append frame 379
02:39.033  render           | Time: 00:00.35 (Saving: 00:00.01)
02:39.033  render           | Rendering frame 380
02:39.034  render           | Executing sequencer
02:39.034  render           | Rendering frame 380
02:39.034  render           | Start rendering: KHATIB / Software launch, ViewLayer
02:39.034  render           | Engine: EEVEE
02:39.084  render           | Fra: 380 | Rendering 1 / 16 samples
02:39.110  render           | Fra: 380 | Rendering 16 / 16 samples
02:39.371  render           | Video append frame 380
02:39.371  render           | Time: 00:00.33 (Saving: 00:00.01)
02:39.371  render           | Rendering frame 381
02:39.372  render           | Executing sequencer
02:39.372  render           | Rendering frame 381
02:39.372  render           | Start rendering: KHATIB / Software launch, ViewLayer
02:39.372  render           | Engine: EEVEE
02:39.423  render           | Fra: 381 | Rendering 1 / 16 samples
02:39.448  render           | Fra: 381 | Rendering 16 / 16 samples
02:39.712  render           | Video append frame 381
02:39.712  render           | Time: 00:00.34 (Saving: 00:00.01)
02:39.712  render           | Rendering frame 382
02:39.712  render           | Executing sequencer
02:39.713  render           | Rendering frame 382
02:39.713  render           | Start rendering: KHATIB / Software launch, ViewLayer
02:39.713  render           | Engine: EEVEE
02:39.770  render           | Fra: 382 | Rendering 1 / 16 samples
02:39.795  render           | Fra: 382 | Rendering 16 / 16 samples
02:40.087  render           | Video append frame 382
02:40.087  render           | Time: 00:00.37 (Saving: 00:00.01)
02:40.087  render           | Rendering frame 383
02:40.088  render           | Executing sequencer
02:40.088  render           | Rendering frame 383
02:40.088  render           | Start rendering: KHATIB / Software launch, ViewLayer
02:40.088  render           | Engine: EEVEE
02:40.141  render           | Fra: 383 | Rendering 1 / 16 samples
02:40.165  render           | Fra: 383 | Rendering 16 / 16 samples
02:40.442  render           | Video append frame 383
02:40.442  render           | Time: 00:00.35 (Saving: 00:00.01)
02:40.442  render           | Rendering frame 384
02:40.442  render           | Executing sequencer
02:40.442  render           | Rendering frame 384
02:40.442  render           | Start rendering: KHATIB / Software launch, ViewLayer
02:40.442  render           | Engine: EEVEE
02:40.493  render           | Fra: 384 | Rendering 1 / 16 samples
02:40.517  render           | Fra: 384 | Rendering 16 / 16 samples
02:40.807  render           | Video append frame 384
02:40.807  render           | Time: 00:00.36 (Saving: 00:00.02)
02:40.807  render           | Rendering frame 385
02:40.807  render           | Executing sequencer
02:40.808  render           | Rendering frame 385
02:40.809  render           | Start rendering: KHATIB / Software launch, ViewLayer
02:40.809  render           | Engine: EEVEE
02:40.869  render           | Fra: 385 | Rendering 1 / 16 samples
02:40.893  render           | Fra: 385 | Rendering 16 / 16 samples
02:41.150  render           | Video append frame 385
02:41.150  render           | Time: 00:00.34 (Saving: 00:00.01)
02:41.150  render           | Rendering frame 386
02:41.151  render           | Executing sequencer
02:41.151  render           | Rendering frame 386
02:41.152  render           | Start rendering: KHATIB / Software launch, ViewLayer
02:41.152  render           | Engine: EEVEE
02:41.204  render           | Fra: 386 | Rendering 1 / 16 samples
02:41.230  render           | Fra: 386 | Rendering 16 / 16 samples
02:41.495  render           | Video append frame 386
02:41.495  render           | Time: 00:00.34 (Saving: 00:00.01)
02:41.495  render           | Rendering frame 387
02:41.495  render           | Executing sequencer
02:41.495  render           | Rendering frame 387
02:41.495  render           | Start rendering: KHATIB / Software launch, ViewLayer
02:41.495  render           | Engine: EEVEE
02:41.551  render           | Fra: 387 | Rendering 1 / 16 samples
02:41.576  render           | Fra: 387 | Rendering 16 / 16 samples
02:41.840  render           | Video append frame 387
02:41.840  render           | Time: 00:00.34 (Saving: 00:00.01)
02:41.840  render           | Rendering frame 388
02:41.841  render           | Executing sequencer
02:41.841  render           | Rendering frame 388
02:41.841  render           | Start rendering: KHATIB / Software launch, ViewLayer
02:41.841  render           | Engine: EEVEE
02:41.891  render           | Fra: 388 | Rendering 1 / 16 samples
02:41.917  render           | Fra: 388 | Rendering 16 / 16 samples
02:42.172  render           | Video append frame 388
02:42.172  render           | Time: 00:00.33 (Saving: 00:00.01)
02:42.172  render           | Rendering frame 389
02:42.172  render           | Executing sequencer
02:42.172  render           | Rendering frame 389
02:42.173  render           | Start rendering: KHATIB / Software launch, ViewLayer
02:42.173  render           | Engine: EEVEE
02:42.223  render           | Fra: 389 | Rendering 1 / 16 samples
02:42.249  render           | Fra: 389 | Rendering 16 / 16 samples
02:42.502  render           | Video append frame 389
02:42.502  render           | Time: 00:00.32 (Saving: 00:00.01)
02:42.502  render           | Rendering frame 390
02:42.502  render           | Executing sequencer
02:42.502  render           | Rendering frame 390
02:42.503  render           | Start rendering: KHATIB / Software launch, ViewLayer
02:42.503  render           | Engine: EEVEE
02:42.554  render           | Fra: 390 | Rendering 1 / 16 samples
02:42.578  render           | Fra: 390 | Rendering 16 / 16 samples
02:42.837  render           | Video append frame 390
02:42.837  render           | Time: 00:00.33 (Saving: 00:00.01)
02:42.837  render           | Rendering frame 391
02:42.837  render           | Executing sequencer
02:42.837  render           | Rendering frame 391
02:42.837  render           | Start rendering: KHATIB / Software launch, ViewLayer
02:42.837  render           | Engine: EEVEE
02:42.890  render           | Fra: 391 | Rendering 1 / 16 samples
02:42.917  render           | Fra: 391 | Rendering 16 / 16 samples
02:43.171  render           | Video append frame 391
02:43.171  render           | Time: 00:00.33 (Saving: 00:00.01)
02:43.171  render           | Rendering frame 392
02:43.172  render           | Executing sequencer
02:43.172  render           | Rendering frame 392
02:43.172  render           | Start rendering: KHATIB / Software launch, ViewLayer
02:43.172  render           | Engine: EEVEE
02:43.225  render           | Fra: 392 | Rendering 1 / 16 samples
02:43.251  render           | Fra: 392 | Rendering 16 / 16 samples
02:43.504  render           | Video append frame 392
02:43.504  render           | Time: 00:00.33 (Saving: 00:00.01)
02:43.504  render           | Rendering frame 393
02:43.504  render           | Executing sequencer
02:43.504  render           | Rendering frame 393
02:43.505  render           | Start rendering: KHATIB / Software launch, ViewLayer
02:43.505  render           | Engine: EEVEE
02:43.558  render           | Fra: 393 | Rendering 1 / 16 samples
02:43.585  render           | Fra: 393 | Rendering 16 / 16 samples
02:43.850  render           | Video append frame 393
02:43.850  render           | Time: 00:00.34 (Saving: 00:00.01)
02:43.850  render           | Rendering frame 394
02:43.851  render           | Executing sequencer
02:43.851  render           | Rendering frame 394
02:43.851  render           | Start rendering: KHATIB / Software launch, ViewLayer
02:43.851  render           | Engine: EEVEE
02:43.904  render           | Fra: 394 | Rendering 1 / 16 samples
02:43.928  render           | Fra: 394 | Rendering 16 / 16 samples
02:44.176  render           | Video append frame 394
02:44.176  render           | Time: 00:00.32 (Saving: 00:00.01)
02:44.176  render           | Rendering frame 395
02:44.176  render           | Executing sequencer
02:44.176  render           | Rendering frame 395
02:44.177  render           | Start rendering: KHATIB / Software launch, ViewLayer
02:44.177  render           | Engine: EEVEE
02:44.227  render           | Fra: 395 | Rendering 1 / 16 samples
02:44.252  render           | Fra: 395 | Rendering 16 / 16 samples
02:44.511  render           | Video append frame 395
02:44.511  render           | Time: 00:00.33 (Saving: 00:00.01)
02:44.511  render           | Rendering frame 396
02:44.511  render           | Executing sequencer
02:44.511  render           | Rendering frame 396
02:44.511  render           | Start rendering: KHATIB / Software launch, ViewLayer
02:44.511  render           | Engine: EEVEE
02:44.560  render           | Fra: 396 | Rendering 1 / 16 samples
02:44.584  render           | Fra: 396 | Rendering 16 / 16 samples
02:44.849  render           | Video append frame 396
02:44.849  render           | Time: 00:00.33 (Saving: 00:00.01)
02:44.849  render           | Rendering frame 397
02:44.849  render           | Executing sequencer
02:44.849  render           | Rendering frame 397
02:44.850  render           | Start rendering: KHATIB / Software launch, ViewLayer
02:44.850  render           | Engine: EEVEE
02:44.908  render           | Fra: 397 | Rendering 1 / 16 samples
02:44.933  render           | Fra: 397 | Rendering 16 / 16 samples
02:45.193  render           | Video append frame 397
02:45.193  render           | Time: 00:00.34 (Saving: 00:00.01)
02:45.193  render           | Rendering frame 398
02:45.193  render           | Executing sequencer
02:45.193  render           | Rendering frame 398
02:45.193  render           | Start rendering: KHATIB / Software launch, ViewLayer
02:45.193  render           | Engine: EEVEE
02:45.243  render           | Fra: 398 | Rendering 1 / 16 samples
02:45.267  render           | Fra: 398 | Rendering 16 / 16 samples
02:45.551  render           | Video append frame 398
02:45.551  render           | Time: 00:00.35 (Saving: 00:00.01)
02:45.551  render           | Rendering frame 399
02:45.551  render           | Executing sequencer
02:45.551  render           | Rendering frame 399
02:45.552  render           | Start rendering: KHATIB / Software launch, ViewLayer
02:45.552  render           | Engine: EEVEE
02:45.601  render           | Fra: 399 | Rendering 1 / 16 samples
02:45.627  render           | Fra: 399 | Rendering 16 / 16 samples
02:45.914  render           | Video append frame 399
02:45.914  render           | Time: 00:00.36 (Saving: 00:00.01)
02:45.914  render           | Rendering frame 400
02:45.914  render           | Executing sequencer
02:45.914  render           | Rendering frame 400
02:45.915  render           | Start rendering: KHATIB / Software launch, ViewLayer
02:45.915  render           | Engine: EEVEE
02:45.969  render           | Fra: 400 | Rendering 1 / 16 samples
02:45.994  render           | Fra: 400 | Rendering 16 / 16 samples
02:46.270  render           | Video append frame 400
02:46.270  render           | Time: 00:00.35 (Saving: 00:00.01)
02:46.270  render           | Rendering frame 401
02:46.270  render           | Executing sequencer
02:46.270  render           | Rendering frame 401
02:46.271  render           | Start rendering: KHATIB / Software launch, ViewLayer
02:46.271  render           | Engine: EEVEE
02:46.322  render           | Fra: 401 | Rendering 1 / 16 samples
02:46.346  render           | Fra: 401 | Rendering 16 / 16 samples
02:46.618  render           | Video append frame 401
02:46.618  render           | Time: 00:00.34 (Saving: 00:00.01)
02:46.618  render           | Rendering frame 402
02:46.619  render           | Executing sequencer
02:46.624  render           | Rendering frame 402
02:46.624  render           | Start rendering: KHATIB / Software launch, ViewLayer
02:46.624  render           | Engine: EEVEE
02:46.673  render           | Fra: 402 | Rendering 1 / 16 samples
02:46.701  render           | Fra: 402 | Rendering 16 / 16 samples
02:46.982  render           | Video append frame 402
02:46.982  render           | Time: 00:00.36 (Saving: 00:00.01)
02:46.982  render           | Rendering frame 403
02:46.982  render           | Executing sequencer
02:46.987  render           | Rendering frame 403
02:46.987  render           | Start rendering: KHATIB / Software launch, ViewLayer
02:46.987  render           | Engine: EEVEE
02:47.041  render           | Fra: 403 | Rendering 1 / 16 samples
02:47.065  render           | Fra: 403 | Rendering 16 / 16 samples
02:47.368  render           | Video append frame 403
02:47.368  render           | Time: 00:00.38 (Saving: 00:00.01)
02:47.368  render           | Rendering frame 404
02:47.368  render           | Executing sequencer
02:47.375  render           | Rendering frame 404
02:47.376  render           | Start rendering: KHATIB / Software launch, ViewLayer
02:47.376  render           | Engine: EEVEE
02:47.438  render           | Fra: 404 | Rendering 1 / 16 samples
02:47.465  render           | Fra: 404 | Rendering 16 / 16 samples
02:47.774  render           | Video append frame 404
02:47.774  render           | Time: 00:00.40 (Saving: 00:00.01)
02:47.774  render           | Rendering frame 405
02:47.774  render           | Executing sequencer
02:47.776  render           | Rendering frame 405
02:47.777  render           | Start rendering: KHATIB / Software launch, ViewLayer
02:47.777  render           | Engine: EEVEE
02:47.828  render           | Fra: 405 | Rendering 1 / 16 samples
02:47.853  render           | Fra: 405 | Rendering 16 / 16 samples
02:48.133  render           | Video append frame 405
02:48.133  render           | Time: 00:00.35 (Saving: 00:00.01)
02:48.133  render           | Rendering frame 406
02:48.133  render           | Executing sequencer
02:48.139  render           | Rendering frame 406
02:48.139  render           | Start rendering: KHATIB / Software launch, ViewLayer
02:48.139  render           | Engine: EEVEE
02:48.202  render           | Fra: 406 | Rendering 1 / 16 samples
02:48.231  render           | Fra: 406 | Rendering 16 / 16 samples
02:48.665  render           | Video append frame 406
02:48.665  render           | Time: 00:00.53 (Saving: 00:00.03)
02:48.665  render           | Rendering frame 407
02:48.666  render           | Executing sequencer
02:48.672  render           | Rendering frame 407
02:48.673  render           | Start rendering: KHATIB / Software launch, ViewLayer
02:48.673  render           | Engine: EEVEE
02:48.743  render           | Fra: 407 | Rendering 1 / 16 samples
02:48.772  render           | Fra: 407 | Rendering 16 / 16 samples
02:49.192  render           | Video append frame 407
02:49.193  render           | Time: 00:00.52 (Saving: 00:00.02)
02:49.193  render           | Rendering frame 408
02:49.194  render           | Executing sequencer
02:49.199  render           | Rendering frame 408
02:49.199  render           | Start rendering: KHATIB / Software launch, ViewLayer
02:49.199  render           | Engine: EEVEE
02:49.264  render           | Fra: 408 | Rendering 1 / 16 samples
02:49.291  render           | Fra: 408 | Rendering 16 / 16 samples
02:49.689  render           | Video append frame 408
02:49.689  render           | Time: 00:00.49 (Saving: 00:00.01)
02:49.689  render           | Rendering frame 409
02:49.689  render           | Executing sequencer
02:49.691  render           | Rendering frame 409
02:49.691  render           | Start rendering: KHATIB / Software launch, ViewLayer
02:49.691  render           | Engine: EEVEE
02:49.750  render           | Fra: 409 | Rendering 1 / 16 samples
02:49.776  render           | Fra: 409 | Rendering 16 / 16 samples
02:50.067  render           | Video append frame 409
02:50.067  render           | Time: 00:00.37 (Saving: 00:00.01)
02:50.067  render           | Rendering frame 410
02:50.067  render           | Executing sequencer
02:50.068  render           | Rendering frame 410
02:50.069  render           | Start rendering: KHATIB / Software launch, ViewLayer
02:50.069  render           | Engine: EEVEE
02:50.122  render           | Fra: 410 | Rendering 1 / 16 samples
02:50.146  render           | Fra: 410 | Rendering 16 / 16 samples
02:50.451  render           | Video append frame 410
02:50.451  render           | Time: 00:00.38 (Saving: 00:00.01)
02:50.451  render           | Rendering frame 411
02:50.451  render           | Executing sequencer
02:50.452  render           | Rendering frame 411
02:50.452  render           | Start rendering: KHATIB / Software launch, ViewLayer
02:50.452  render           | Engine: EEVEE
02:50.505  render           | Fra: 411 | Rendering 1 / 16 samples
02:50.529  render           | Fra: 411 | Rendering 16 / 16 samples
02:50.857  render           | Video append frame 411
02:50.857  render           | Time: 00:00.40 (Saving: 00:00.02)
02:50.857  render           | Rendering frame 412
02:50.857  render           | Executing sequencer
02:50.858  render           | Rendering frame 412
02:50.858  render           | Start rendering: KHATIB / Software launch, ViewLayer
02:50.858  render           | Engine: EEVEE
02:50.915  render           | Fra: 412 | Rendering 1 / 16 samples
02:50.940  render           | Fra: 412 | Rendering 16 / 16 samples
02:51.251  render           | Video append frame 412
02:51.251  render           | Time: 00:00.39 (Saving: 00:00.01)
02:51.251  render           | Rendering frame 413
02:51.251  render           | Executing sequencer
02:51.252  render           | Rendering frame 413
02:51.252  render           | Start rendering: KHATIB / Software launch, ViewLayer
02:51.252  render           | Engine: EEVEE
02:51.318  render           | Fra: 413 | Rendering 1 / 16 samples
02:51.345  render           | Fra: 413 | Rendering 16 / 16 samples
02:51.677  render           | Video append frame 413
02:51.677  render           | Time: 00:00.42 (Saving: 00:00.02)
02:51.677  render           | Rendering frame 414
02:51.678  render           | Executing sequencer
02:51.685  render           | Rendering frame 414
02:51.685  render           | Start rendering: KHATIB / Software launch, ViewLayer
02:51.685  render           | Engine: EEVEE
02:51.753  render           | Fra: 414 | Rendering 1 / 16 samples
02:51.777  render           | Fra: 414 | Rendering 16 / 16 samples
02:52.125  render           | Video append frame 414
02:52.125  render           | Time: 00:00.44 (Saving: 00:00.02)
02:52.125  render           | Rendering frame 415
02:52.126  render           | Executing sequencer
02:52.133  render           | Rendering frame 415
02:52.133  render           | Start rendering: KHATIB / Software launch, ViewLayer
02:52.133  render           | Engine: EEVEE
02:52.193  render           | Fra: 415 | Rendering 1 / 16 samples
02:52.220  render           | Fra: 415 | Rendering 16 / 16 samples
02:52.575  render           | Video append frame 415
02:52.575  render           | Time: 00:00.44 (Saving: 00:00.02)
02:52.575  render           | Rendering frame 416
02:52.576  render           | Executing sequencer
02:52.583  render           | Rendering frame 416
02:52.583  render           | Start rendering: KHATIB / Software launch, ViewLayer
02:52.583  render           | Engine: EEVEE
02:52.648  render           | Fra: 416 | Rendering 1 / 16 samples
02:52.677  render           | Fra: 416 | Rendering 16 / 16 samples
02:52.985  render           | Video append frame 416
02:52.985  render           | Time: 00:00.40 (Saving: 00:00.01)
02:52.985  render           | Rendering frame 417
02:52.986  render           | Executing sequencer
02:52.988  render           | Rendering frame 417
02:52.988  render           | Start rendering: KHATIB / Software launch, ViewLayer
02:52.988  render           | Engine: EEVEE
02:53.045  render           | Fra: 417 | Rendering 1 / 16 samples
02:53.072  render           | Fra: 417 | Rendering 16 / 16 samples
02:53.421  render           | Video append frame 417
02:53.421  render           | Time: 00:00.43 (Saving: 00:00.02)
02:53.421  render           | Rendering frame 418
02:53.421  render           | Executing sequencer
02:53.422  render           | Rendering frame 418
02:53.423  render           | Start rendering: KHATIB / Software launch, ViewLayer
02:53.423  render           | Engine: EEVEE
02:53.493  render           | Fra: 418 | Rendering 1 / 16 samples
02:53.519  render           | Fra: 418 | Rendering 16 / 16 samples
02:53.831  render           | Video append frame 418
02:53.831  render           | Time: 00:00.40 (Saving: 00:00.01)
02:53.831  render           | Rendering frame 419
02:53.832  render           | Executing sequencer
02:53.834  render           | Rendering frame 419
02:53.834  render           | Start rendering: KHATIB / Software launch, ViewLayer
02:53.834  render           | Engine: EEVEE
02:53.895  render           | Fra: 419 | Rendering 1 / 16 samples
02:53.923  render           | Fra: 419 | Rendering 16 / 16 samples
02:54.231  render           | Video append frame 419
02:54.231  render           | Time: 00:00.39 (Saving: 00:00.01)
02:54.231  render           | Rendering frame 420
02:54.232  render           | Executing sequencer
02:54.233  render           | Rendering frame 420
02:54.233  render           | Start rendering: KHATIB / Software launch, ViewLayer
02:54.233  render           | Engine: EEVEE
02:54.292  render           | Fra: 420 | Rendering 1 / 16 samples
02:54.319  render           | Fra: 420 | Rendering 16 / 16 samples
02:54.646  render           | Video append frame 420
02:54.646  render           | Time: 00:00.41 (Saving: 00:00.02)
02:54.646  render           | Rendering frame 421
02:54.646  render           | Executing sequencer
02:54.743  render           | Rendering frame 421
02:54.743  render           | Start rendering: KHATIB / Software launch, ViewLayer
02:54.743  render           | Engine: EEVEE
02:54.799  render           | Fra: 421 | Rendering 1 / 16 samples
02:54.829  render           | Fra: 421 | Rendering 16 / 16 samples
02:55.113  render           | Video append frame 421
02:55.113  render           | Time: 00:00.46 (Saving: 00:00.01)
02:55.113  render           | Rendering frame 422
02:55.114  render           | Executing sequencer
02:55.115  render           | Rendering frame 422
02:55.115  render           | Start rendering: KHATIB / Software launch, ViewLayer
02:55.115  render           | Engine: EEVEE
02:55.176  render           | Fra: 422 | Rendering 1 / 16 samples
02:55.202  render           | Fra: 422 | Rendering 16 / 16 samples
02:55.467  render           | Video append frame 422
02:55.467  render           | Time: 00:00.35 (Saving: 00:00.01)
02:55.467  render           | Rendering frame 423
02:55.467  render           | Executing sequencer
02:55.468  render           | Rendering frame 423
02:55.468  render           | Start rendering: KHATIB / Software launch, ViewLayer
02:55.468  render           | Engine: EEVEE
02:55.522  render           | Fra: 423 | Rendering 1 / 16 samples
02:55.549  render           | Fra: 423 | Rendering 16 / 16 samples
02:55.813  render           | Video append frame 423
02:55.813  render           | Time: 00:00.34 (Saving: 00:00.01)
02:55.813  render           | Rendering frame 424
02:55.813  render           | Executing sequencer
02:55.814  render           | Rendering frame 424
02:55.815  render           | Start rendering: KHATIB / Software launch, ViewLayer
02:55.815  render           | Engine: EEVEE
02:55.872  render           | Fra: 424 | Rendering 1 / 16 samples
02:55.900  render           | Fra: 424 | Rendering 16 / 16 samples
02:56.173  render           | Video append frame 424
02:56.173  render           | Time: 00:00.35 (Saving: 00:00.01)
02:56.173  render           | Rendering frame 425
02:56.173  render           | Executing sequencer
02:56.175  render           | Rendering frame 425
02:56.175  render           | Start rendering: KHATIB / Software launch, ViewLayer
02:56.175  render           | Engine: EEVEE
02:56.243  render           | Fra: 425 | Rendering 1 / 16 samples
02:56.269  render           | Fra: 425 | Rendering 16 / 16 samples
02:56.577  render           | Video append frame 425
02:56.577  render           | Time: 00:00.40 (Saving: 00:00.01)
02:56.577  render           | Rendering frame 426
02:56.578  render           | Executing sequencer
02:56.579  render           | Rendering frame 426
02:56.579  render           | Start rendering: KHATIB / Software launch, ViewLayer
02:56.579  render           | Engine: EEVEE
02:56.642  render           | Fra: 426 | Rendering 1 / 16 samples
02:56.668  render           | Fra: 426 | Rendering 16 / 16 samples
02:56.960  render           | Video append frame 426
02:56.960  render           | Time: 00:00.38 (Saving: 00:00.01)
02:56.960  render           | Rendering frame 427
02:56.960  render           | Executing sequencer
02:56.961  render           | Rendering frame 427
02:56.962  render           | Start rendering: KHATIB / Software launch, ViewLayer
02:56.962  render           | Engine: EEVEE
02:57.015  render           | Fra: 427 | Rendering 1 / 16 samples
02:57.041  render           | Fra: 427 | Rendering 16 / 16 samples
02:57.324  render           | Video append frame 427
02:57.324  render           | Time: 00:00.36 (Saving: 00:00.01)
02:57.324  render           | Rendering frame 428
02:57.325  render           | Executing sequencer
02:57.326  render           | Rendering frame 428
02:57.326  render           | Start rendering: KHATIB / Software launch, ViewLayer
02:57.326  render           | Engine: EEVEE
02:57.376  render           | Fra: 428 | Rendering 1 / 16 samples
02:57.400  render           | Fra: 428 | Rendering 16 / 16 samples
02:57.694  render           | Video append frame 428
02:57.694  render           | Time: 00:00.36 (Saving: 00:00.01)
02:57.694  render           | Rendering frame 429
02:57.694  render           | Executing sequencer
02:57.696  render           | Rendering frame 429
02:57.696  render           | Start rendering: KHATIB / Software launch, ViewLayer
02:57.696  render           | Engine: EEVEE
02:57.748  render           | Fra: 429 | Rendering 1 / 16 samples
02:57.774  render           | Fra: 429 | Rendering 16 / 16 samples
02:58.068  render           | Video append frame 429
02:58.068  render           | Time: 00:00.37 (Saving: 00:00.01)
02:58.068  render           | Rendering frame 430
02:58.068  render           | Executing sequencer
02:58.070  render           | Rendering frame 430
02:58.070  render           | Start rendering: KHATIB / Software launch, ViewLayer
02:58.070  render           | Engine: EEVEE
02:58.121  render           | Fra: 430 | Rendering 1 / 16 samples
02:58.145  render           | Fra: 430 | Rendering 16 / 16 samples
02:58.443  render           | Video append frame 430
02:58.443  render           | Time: 00:00.37 (Saving: 00:00.01)
02:58.443  render           | Rendering frame 431
02:58.444  render           | Executing sequencer
02:58.445  render           | Rendering frame 431
02:58.446  render           | Start rendering: KHATIB / Software launch, ViewLayer
02:58.446  render           | Engine: EEVEE
02:58.499  render           | Fra: 431 | Rendering 1 / 16 samples
02:58.525  render           | Fra: 431 | Rendering 16 / 16 samples
02:58.820  render           | Video append frame 431
02:58.820  render           | Time: 00:00.37 (Saving: 00:00.01)
02:58.820  render           | Rendering frame 432
02:58.820  render           | Executing sequencer
02:58.821  render           | Rendering frame 432
02:58.821  render           | Start rendering: KHATIB / Software launch, ViewLayer
02:58.821  render           | Engine: EEVEE
02:58.874  render           | Fra: 432 | Rendering 1 / 16 samples
02:58.899  render           | Fra: 432 | Rendering 16 / 16 samples
02:59.200  render           | Video append frame 432
02:59.200  render           | Time: 00:00.38 (Saving: 00:00.01)
02:59.200  render           | Rendering frame 433
02:59.201  render           | Executing sequencer
02:59.202  render           | Rendering frame 433
02:59.203  render           | Start rendering: KHATIB / Software launch, ViewLayer
02:59.203  render           | Engine: EEVEE
02:59.255  render           | Fra: 433 | Rendering 1 / 16 samples
02:59.282  render           | Fra: 433 | Rendering 16 / 16 samples
02:59.584  render           | Video append frame 433
02:59.586  render           | Time: 00:00.38 (Saving: 00:00.01)
02:59.586  render           | Rendering frame 434
02:59.589  render           | Executing sequencer
02:59.591  render           | Rendering frame 434
02:59.591  render           | Start rendering: KHATIB / Software launch, ViewLayer
02:59.591  render           | Engine: EEVEE
02:59.648  render           | Fra: 434 | Rendering 1 / 16 samples
02:59.675  render           | Fra: 434 | Rendering 16 / 16 samples
02:59.969  render           | Video append frame 434
02:59.969  render           | Time: 00:00.38 (Saving: 00:00.01)
02:59.969  render           | Rendering frame 435
02:59.969  render           | Executing sequencer
02:59.970  render           | Rendering frame 435
02:59.971  render           | Start rendering: KHATIB / Software launch, ViewLayer
02:59.971  render           | Engine: EEVEE
03:00.024  render           | Fra: 435 | Rendering 1 / 16 samples
03:00.050  render           | Fra: 435 | Rendering 16 / 16 samples
03:00.357  render           | Video append frame 435
03:00.357  render           | Time: 00:00.38 (Saving: 00:00.01)
03:00.358  render           | Rendering frame 436
03:00.358  render           | Executing sequencer
03:00.359  render           | Rendering frame 436
03:00.359  render           | Start rendering: KHATIB / Software launch, ViewLayer
03:00.359  render           | Engine: EEVEE
03:00.413  render           | Fra: 436 | Rendering 1 / 16 samples
03:00.438  render           | Fra: 436 | Rendering 16 / 16 samples
03:00.743  render           | Video append frame 436
03:00.744  render           | Time: 00:00.38 (Saving: 00:00.01)
03:00.744  render           | Rendering frame 437
03:00.744  render           | Executing sequencer
03:00.745  render           | Rendering frame 437
03:00.745  render           | Start rendering: KHATIB / Software launch, ViewLayer
03:00.745  render           | Engine: EEVEE
03:00.801  render           | Fra: 437 | Rendering 1 / 16 samples
03:00.827  render           | Fra: 437 | Rendering 16 / 16 samples
03:01.137  render           | Video append frame 437
03:01.137  render           | Time: 00:00.39 (Saving: 00:00.01)
03:01.137  render           | Rendering frame 438
03:01.137  render           | Executing sequencer
03:01.138  render           | Rendering frame 438
03:01.138  render           | Start rendering: KHATIB / Software launch, ViewLayer
03:01.138  render           | Engine: EEVEE
03:01.197  render           | Fra: 438 | Rendering 1 / 16 samples
03:01.221  render           | Fra: 438 | Rendering 16 / 16 samples
03:01.516  render           | Video append frame 438
03:01.516  render           | Time: 00:00.37 (Saving: 00:00.01)
03:01.516  render           | Rendering frame 439
03:01.516  render           | Executing sequencer
03:01.517  render           | Rendering frame 439
03:01.517  render           | Start rendering: KHATIB / Software launch, ViewLayer
03:01.517  render           | Engine: EEVEE
03:01.568  render           | Fra: 439 | Rendering 1 / 16 samples
03:01.593  render           | Fra: 439 | Rendering 16 / 16 samples
03:01.886  render           | Video append frame 439
03:01.886  render           | Time: 00:00.36 (Saving: 00:00.01)
03:01.886  render           | Rendering frame 440
03:01.886  render           | Executing sequencer
03:01.888  render           | Rendering frame 440
03:01.889  render           | Start rendering: KHATIB / Software launch, ViewLayer
03:01.890  render           | Engine: EEVEE
03:01.944  render           | Fra: 440 | Rendering 1 / 16 samples
03:01.968  render           | Fra: 440 | Rendering 16 / 16 samples
03:02.269  render           | Video append frame 440
03:02.269  render           | Time: 00:00.38 (Saving: 00:00.01)
03:02.269  render           | Rendering frame 441
03:02.269  render           | Executing sequencer
03:02.270  render           | Rendering frame 441
03:02.270  render           | Start rendering: KHATIB / Software launch, ViewLayer
03:02.270  render           | Engine: EEVEE
03:02.324  render           | Fra: 441 | Rendering 1 / 16 samples
03:02.351  render           | Fra: 441 | Rendering 16 / 16 samples
03:02.654  render           | Video append frame 441
03:02.655  render           | Time: 00:00.38 (Saving: 00:00.01)
03:02.655  render           | Rendering frame 442
03:02.655  render           | Executing sequencer
03:02.657  render           | Rendering frame 442
03:02.657  render           | Start rendering: KHATIB / Software launch, ViewLayer
03:02.657  render           | Engine: EEVEE
03:02.714  render           | Fra: 442 | Rendering 1 / 16 samples
03:02.741  render           | Fra: 442 | Rendering 16 / 16 samples
03:03.049  render           | Video append frame 442
03:03.049  render           | Time: 00:00.39 (Saving: 00:00.01)
03:03.049  render           | Rendering frame 443
03:03.050  render           | Executing sequencer
03:03.050  render           | Rendering frame 443
03:03.051  render           | Start rendering: KHATIB / Software launch, ViewLayer
03:03.051  render           | Engine: EEVEE
03:03.109  render           | Fra: 443 | Rendering 1 / 16 samples
03:03.135  render           | Fra: 443 | Rendering 16 / 16 samples
03:03.489  render           | Video append frame 443
03:03.489  render           | Time: 00:00.43 (Saving: 00:00.04)
03:03.489  render           | Rendering frame 444
03:03.489  render           | Executing sequencer
03:03.491  render           | Rendering frame 444
03:03.491  render           | Start rendering: KHATIB / Software launch, ViewLayer
03:03.491  render           | Engine: EEVEE
03:03.566  render           | Fra: 444 | Rendering 1 / 16 samples
03:03.595  render           | Fra: 444 | Rendering 16 / 16 samples
03:03.925  render           | Video append frame 444
03:03.925  render           | Time: 00:00.43 (Saving: 00:00.01)
03:03.925  render           | Rendering frame 445
03:03.925  render           | Executing sequencer
03:03.927  render           | Rendering frame 445
03:03.927  render           | Start rendering: KHATIB / Software launch, ViewLayer
03:03.927  render           | Engine: EEVEE
03:03.995  render           | Fra: 445 | Rendering 1 / 16 samples
03:04.024  render           | Fra: 445 | Rendering 16 / 16 samples
03:04.342  render           | Video append frame 445
03:04.342  render           | Time: 00:00.41 (Saving: 00:00.01)
03:04.342  render           | Rendering frame 446
03:04.343  render           | Executing sequencer
03:04.344  render           | Rendering frame 446
03:04.345  render           | Start rendering: KHATIB / Software launch, ViewLayer
03:04.345  render           | Engine: EEVEE
03:04.424  render           | Fra: 446 | Rendering 1 / 16 samples
03:04.453  render           | Fra: 446 | Rendering 16 / 16 samples
03:04.769  render           | Video append frame 446
03:04.769  render           | Time: 00:00.42 (Saving: 00:00.01)
03:04.769  render           | Rendering frame 447
03:04.769  render           | Executing sequencer
03:04.771  render           | Rendering frame 447
03:04.771  render           | Start rendering: KHATIB / Software launch, ViewLayer
03:04.771  render           | Engine: EEVEE
03:04.851  render           | Fra: 447 | Rendering 1 / 16 samples
03:04.878  render           | Fra: 447 | Rendering 16 / 16 samples
03:05.228  render           | Video append frame 447
03:05.228  render           | Time: 00:00.45 (Saving: 00:00.02)
03:05.228  render           | Rendering frame 448
03:05.229  render           | Executing sequencer
03:05.230  render           | Rendering frame 448
03:05.230  render           | Start rendering: KHATIB / Software launch, ViewLayer
03:05.230  render           | Engine: EEVEE
03:05.302  render           | Fra: 448 | Rendering 1 / 16 samples
03:05.331  render           | Fra: 448 | Rendering 16 / 16 samples
03:05.655  render           | Video append frame 448
03:05.655  render           | Time: 00:00.42 (Saving: 00:00.01)
03:05.655  render           | Rendering frame 449
03:05.655  render           | Executing sequencer
03:05.656  render           | Rendering frame 449
03:05.657  render           | Start rendering: KHATIB / Software launch, ViewLayer
03:05.657  render           | Engine: EEVEE
03:05.708  render           | Fra: 449 | Rendering 1 / 16 samples
03:05.735  render           | Fra: 449 | Rendering 16 / 16 samples
03:06.045  render           | Video append frame 449
03:06.046  render           | Time: 00:00.39 (Saving: 00:00.02)
03:06.046  render           | Rendering frame 450
03:06.046  render           | Executing sequencer
03:06.047  render           | Rendering frame 450
03:06.047  render           | Start rendering: KHATIB / Software launch, ViewLayer
03:06.047  render           | Engine: EEVEE
03:06.114  render           | Fra: 450 | Rendering 1 / 16 samples
03:06.140  render           | Fra: 450 | Rendering 16 / 16 samples
03:06.451  render           | Video append frame 450
03:06.451  render           | Time: 00:00.40 (Saving: 00:00.01)
03:06.451  render           | Rendering frame 451
03:06.451  render           | Executing sequencer
03:06.452  render           | Rendering frame 451
03:06.453  render           | Start rendering: KHATIB / Software launch, ViewLayer
03:06.453  render           | Engine: EEVEE
03:06.511  render           | Fra: 451 | Rendering 1 / 16 samples
03:06.536  render           | Fra: 451 | Rendering 16 / 16 samples
03:06.832  render           | Video append frame 451
03:06.832  render           | Time: 00:00.38 (Saving: 00:00.01)
03:06.832  render           | Rendering frame 452
03:06.833  render           | Executing sequencer
03:06.834  render           | Rendering frame 452
03:06.834  render           | Start rendering: KHATIB / Software launch, ViewLayer
03:06.834  render           | Engine: EEVEE
03:06.887  render           | Fra: 452 | Rendering 1 / 16 samples
03:06.911  render           | Fra: 452 | Rendering 16 / 16 samples
03:07.208  render           | Video append frame 452
03:07.209  render           | Time: 00:00.37 (Saving: 00:00.01)
03:07.209  render           | Rendering frame 453
03:07.209  render           | Executing sequencer
03:07.210  render           | Rendering frame 453
03:07.210  render           | Start rendering: KHATIB / Software launch, ViewLayer
03:07.210  render           | Engine: EEVEE
03:07.263  render           | Fra: 453 | Rendering 1 / 16 samples
03:07.290  render           | Fra: 453 | Rendering 16 / 16 samples
03:07.591  render           | Video append frame 453
03:07.591  render           | Time: 00:00.38 (Saving: 00:00.01)
03:07.591  render           | Rendering frame 454
03:07.591  render           | Executing sequencer
03:07.629  render           | Rendering frame 454
03:07.630  render           | Start rendering: KHATIB / Software launch, ViewLayer
03:07.630  render           | Engine: EEVEE
03:07.682  render           | Fra: 454 | Rendering 1 / 16 samples
03:07.708  render           | Fra: 454 | Rendering 16 / 16 samples
03:08.005  render           | Video append frame 454
03:08.006  render           | Time: 00:00.41 (Saving: 00:00.01)
03:08.006  render           | Rendering frame 455
03:08.006  render           | Executing sequencer
03:08.007  render           | Rendering frame 455
03:08.008  render           | Start rendering: KHATIB / Software launch, ViewLayer
03:08.008  render           | Engine: EEVEE
03:08.064  render           | Fra: 455 | Rendering 1 / 16 samples
03:08.088  render           | Fra: 455 | Rendering 16 / 16 samples
03:08.357  render           | Video append frame 455
03:08.357  render           | Time: 00:00.35 (Saving: 00:00.01)
03:08.357  render           | Rendering frame 456
03:08.357  render           | Executing sequencer
03:08.358  render           | Rendering frame 456
03:08.358  render           | Start rendering: KHATIB / Software launch, ViewLayer
03:08.358  render           | Engine: EEVEE
03:08.409  render           | Fra: 456 | Rendering 1 / 16 samples
03:08.433  render           | Fra: 456 | Rendering 16 / 16 samples
03:08.706  render           | Video append frame 456
03:08.706  render           | Time: 00:00.34 (Saving: 00:00.01)
03:08.706  render           | Rendering frame 457
03:08.706  render           | Executing sequencer
03:08.707  render           | Rendering frame 457
03:08.708  render           | Start rendering: KHATIB / Software launch, ViewLayer
03:08.708  render           | Engine: EEVEE
03:08.762  render           | Fra: 457 | Rendering 1 / 16 samples
03:08.786  render           | Fra: 457 | Rendering 16 / 16 samples
03:09.054  render           | Video append frame 457
03:09.054  render           | Time: 00:00.34 (Saving: 00:00.01)
03:09.054  render           | Rendering frame 458
03:09.055  render           | Executing sequencer
03:09.055  render           | Rendering frame 458
03:09.056  render           | Start rendering: KHATIB / Software launch, ViewLayer
03:09.056  render           | Engine: EEVEE
03:09.107  render           | Fra: 458 | Rendering 1 / 16 samples
03:09.133  render           | Fra: 458 | Rendering 16 / 16 samples
03:09.409  render           | Video append frame 458
03:09.409  render           | Time: 00:00.35 (Saving: 00:00.01)
03:09.409  render           | Rendering frame 459
03:09.409  render           | Executing sequencer
03:09.410  render           | Rendering frame 459
03:09.411  render           | Start rendering: KHATIB / Software launch, ViewLayer
03:09.411  render           | Engine: EEVEE
03:09.464  render           | Fra: 459 | Rendering 1 / 16 samples
03:09.489  render           | Fra: 459 | Rendering 16 / 16 samples
03:09.777  render           | Video append frame 459
03:09.777  render           | Time: 00:00.36 (Saving: 00:00.01)
03:09.777  render           | Rendering frame 460
03:09.778  render           | Executing sequencer
03:09.780  render           | Rendering frame 460
03:09.780  render           | Start rendering: KHATIB / Software launch, ViewLayer
03:09.780  render           | Engine: EEVEE
03:09.833  render           | Fra: 460 | Rendering 1 / 16 samples
03:09.857  render           | Fra: 460 | Rendering 16 / 16 samples
03:10.134  render           | Video append frame 460
03:10.134  render           | Time: 00:00.35 (Saving: 00:00.01)
03:10.134  render           | Rendering frame 461
03:10.134  render           | Executing sequencer
03:10.135  render           | Rendering frame 461
03:10.136  render           | Start rendering: KHATIB / Software launch, ViewLayer
03:10.136  render           | Engine: EEVEE
03:10.184  render           | Fra: 461 | Rendering 1 / 16 samples
03:10.208  render           | Fra: 461 | Rendering 16 / 16 samples
03:10.485  render           | Video append frame 461
03:10.485  render           | Time: 00:00.35 (Saving: 00:00.01)
03:10.485  render           | Rendering frame 462
03:10.485  render           | Executing sequencer
03:10.487  render           | Rendering frame 462
03:10.487  render           | Start rendering: KHATIB / Software launch, ViewLayer
03:10.487  render           | Engine: EEVEE
03:10.541  render           | Fra: 462 | Rendering 1 / 16 samples
03:10.566  render           | Fra: 462 | Rendering 16 / 16 samples
03:10.840  render           | Video append frame 462
03:10.840  render           | Time: 00:00.35 (Saving: 00:00.01)
03:10.840  render           | Rendering frame 463
03:10.841  render           | Executing sequencer
03:10.842  render           | Rendering frame 463
03:10.842  render           | Start rendering: KHATIB / Software launch, ViewLayer
03:10.842  render           | Engine: EEVEE
03:10.896  render           | Fra: 463 | Rendering 1 / 16 samples
03:10.921  render           | Fra: 463 | Rendering 16 / 16 samples
03:11.237  render           | Video append frame 463
03:11.237  render           | Time: 00:00.39 (Saving: 00:00.02)
03:11.237  render           | Rendering frame 464
03:11.238  render           | Executing sequencer
03:11.238  render           | Rendering frame 464
03:11.239  render           | Start rendering: KHATIB / Software launch, ViewLayer
03:11.239  render           | Engine: EEVEE
03:11.297  render           | Fra: 464 | Rendering 1 / 16 samples
03:11.325  render           | Fra: 464 | Rendering 16 / 16 samples
03:11.630  render           | Video append frame 464
03:11.630  render           | Time: 00:00.39 (Saving: 00:00.01)
03:11.630  render           | Rendering frame 465
03:11.630  render           | Executing sequencer
03:11.632  render           | Rendering frame 465
03:11.632  render           | Start rendering: KHATIB / Software launch, ViewLayer
03:11.632  render           | Engine: EEVEE
03:11.698  render           | Fra: 465 | Rendering 1 / 16 samples
03:11.723  render           | Fra: 465 | Rendering 16 / 16 samples
03:12.022  render           | Video append frame 465
03:12.022  render           | Time: 00:00.39 (Saving: 00:00.01)
03:12.022  render           | Rendering frame 466
03:12.023  render           | Executing sequencer
03:12.024  render           | Rendering frame 466
03:12.024  render           | Start rendering: KHATIB / Software launch, ViewLayer
03:12.024  render           | Engine: EEVEE
03:12.078  render           | Fra: 466 | Rendering 1 / 16 samples
03:12.103  render           | Fra: 466 | Rendering 16 / 16 samples
03:12.397  render           | Video append frame 466
03:12.397  render           | Time: 00:00.37 (Saving: 00:00.01)
03:12.397  render           | Rendering frame 467
03:12.398  render           | Executing sequencer
03:12.399  render           | Rendering frame 467
03:12.399  render           | Start rendering: KHATIB / Software launch, ViewLayer
03:12.399  render           | Engine: EEVEE
03:12.450  render           | Fra: 467 | Rendering 1 / 16 samples
03:12.475  render           | Fra: 467 | Rendering 16 / 16 samples
03:12.772  render           | Video append frame 467
03:12.773  render           | Time: 00:00.37 (Saving: 00:00.01)
03:12.773  render           | Rendering frame 468
03:12.773  render           | Executing sequencer
03:12.775  render           | Rendering frame 468
03:12.775  render           | Start rendering: KHATIB / Software launch, ViewLayer
03:12.775  render           | Engine: EEVEE
03:12.858  render           | Fra: 468 | Rendering 1 / 16 samples
03:12.888  render           | Fra: 468 | Rendering 16 / 16 samples
03:13.203  render           | Video append frame 468
03:13.205  render           | Time: 00:00.43 (Saving: 00:00.01)
03:13.205  render           | Rendering frame 469
03:13.210  render           | Executing sequencer
03:13.213  render           | Rendering frame 469
03:13.213  render           | Start rendering: KHATIB / Software launch, ViewLayer
03:13.213  render           | Engine: EEVEE
03:13.266  render           | Fra: 469 | Rendering 1 / 16 samples
03:13.291  render           | Fra: 469 | Rendering 16 / 16 samples
03:13.589  render           | Video append frame 469
03:13.589  render           | Time: 00:00.37 (Saving: 00:00.01)
03:13.589  render           | Rendering frame 470
03:13.589  render           | Executing sequencer
03:13.590  render           | Rendering frame 470
03:13.590  render           | Start rendering: KHATIB / Software launch, ViewLayer
03:13.590  render           | Engine: EEVEE
03:13.641  render           | Fra: 470 | Rendering 1 / 16 samples
03:13.667  render           | Fra: 470 | Rendering 16 / 16 samples
03:13.964  render           | Video append frame 470
03:13.964  render           | Time: 00:00.37 (Saving: 00:00.01)
03:13.964  render           | Rendering frame 471
03:13.964  render           | Executing sequencer
03:13.965  render           | Rendering frame 471
03:13.966  render           | Start rendering: KHATIB / Software launch, ViewLayer
03:13.966  render           | Engine: EEVEE
03:14.017  render           | Fra: 471 | Rendering 1 / 16 samples
03:14.042  render           | Fra: 471 | Rendering 16 / 16 samples
03:14.343  render           | Video append frame 471
03:14.343  render           | Time: 00:00.37 (Saving: 00:00.01)
03:14.343  render           | Rendering frame 472
03:14.343  render           | Executing sequencer
03:14.344  render           | Rendering frame 472
03:14.344  render           | Start rendering: KHATIB / Software launch, ViewLayer
03:14.344  render           | Engine: EEVEE
03:14.394  render           | Fra: 472 | Rendering 1 / 16 samples
03:14.419  render           | Fra: 472 | Rendering 16 / 16 samples
03:14.716  render           | Video append frame 472
03:14.716  render           | Time: 00:00.37 (Saving: 00:00.01)
03:14.716  render           | Rendering frame 473
03:14.716  render           | Executing sequencer
03:14.717  render           | Rendering frame 473
03:14.717  render           | Start rendering: KHATIB / Software launch, ViewLayer
03:14.717  render           | Engine: EEVEE
03:14.774  render           | Fra: 473 | Rendering 1 / 16 samples
03:14.798  render           | Fra: 473 | Rendering 16 / 16 samples
03:15.103  render           | Video append frame 473
03:15.104  render           | Time: 00:00.38 (Saving: 00:00.01)
03:15.104  render           | Rendering frame 474
03:15.104  render           | Executing sequencer
03:15.106  render           | Rendering frame 474
03:15.107  render           | Start rendering: KHATIB / Software launch, ViewLayer
03:15.107  render           | Engine: EEVEE
03:15.161  render           | Fra: 474 | Rendering 1 / 16 samples
03:15.187  render           | Fra: 474 | Rendering 16 / 16 samples
03:15.505  render           | Video append frame 474
03:15.505  render           | Time: 00:00.40 (Saving: 00:00.01)
03:15.505  render           | Rendering frame 475
03:15.506  render           | Executing sequencer
03:15.507  render           | Rendering frame 475
03:15.507  render           | Start rendering: KHATIB / Software launch, ViewLayer
03:15.507  render           | Engine: EEVEE
03:15.561  render           | Fra: 475 | Rendering 1 / 16 samples
03:15.587  render           | Fra: 475 | Rendering 16 / 16 samples
03:15.887  render           | Video append frame 475
03:15.888  render           | Time: 00:00.38 (Saving: 00:00.01)
03:15.888  render           | Rendering frame 476
03:15.889  render           | Executing sequencer
03:15.890  render           | Rendering frame 476
03:15.891  render           | Start rendering: KHATIB / Software launch, ViewLayer
03:15.891  render           | Engine: EEVEE
03:15.943  render           | Fra: 476 | Rendering 1 / 16 samples
03:15.968  render           | Fra: 476 | Rendering 16 / 16 samples
03:16.265  render           | Video append frame 476
03:16.265  render           | Time: 00:00.37 (Saving: 00:00.01)
03:16.265  render           | Rendering frame 477
03:16.266  render           | Executing sequencer
03:16.267  render           | Rendering frame 477
03:16.267  render           | Start rendering: KHATIB / Software launch, ViewLayer
03:16.267  render           | Engine: EEVEE
03:16.343  render           | Fra: 477 | Rendering 1 / 16 samples
03:16.369  render           | Fra: 477 | Rendering 16 / 16 samples
03:16.659  render           | Video append frame 477
03:16.659  render           | Time: 00:00.39 (Saving: 00:00.01)
03:16.659  render           | Rendering frame 478
03:16.659  render           | Executing sequencer
03:16.660  render           | Rendering frame 478
03:16.660  render           | Start rendering: KHATIB / Software launch, ViewLayer
03:16.660  render           | Engine: EEVEE
03:16.716  render           | Fra: 478 | Rendering 1 / 16 samples
03:16.741  render           | Fra: 478 | Rendering 16 / 16 samples
03:17.035  render           | Video append frame 478
03:17.035  render           | Time: 00:00.37 (Saving: 00:00.01)
03:17.035  render           | Rendering frame 479
03:17.035  render           | Executing sequencer
03:17.036  render           | Rendering frame 479
03:17.036  render           | Start rendering: KHATIB / Software launch, ViewLayer
03:17.036  render           | Engine: EEVEE
03:17.084  render           | Fra: 479 | Rendering 1 / 16 samples
03:17.108  render           | Fra: 479 | Rendering 16 / 16 samples
03:17.416  render           | Video append frame 479
03:17.416  render           | Time: 00:00.38 (Saving: 00:00.01)
03:17.416  render           | Rendering frame 480
03:17.416  render           | Executing sequencer
03:17.417  render           | Rendering frame 480
03:17.418  render           | Start rendering: KHATIB / Software launch, ViewLayer
03:17.418  render           | Engine: EEVEE
03:17.472  render           | Fra: 480 | Rendering 1 / 16 samples
03:17.498  render           | Fra: 480 | Rendering 16 / 16 samples
03:17.787  render           | Video append frame 480
03:17.787  render           | Time: 00:00.37 (Saving: 00:00.01)
03:17.787  render           | Rendering frame 481
03:17.787  render           | Executing sequencer
03:17.788  render           | Rendering frame 481
03:17.788  render           | Start rendering: KHATIB / Software launch, ViewLayer
03:17.788  render           | Engine: EEVEE
03:17.838  render           | Fra: 481 | Rendering 1 / 16 samples
03:17.863  render           | Fra: 481 | Rendering 16 / 16 samples
03:18.146  render           | Video append frame 481
03:18.146  render           | Time: 00:00.35 (Saving: 00:00.01)
03:18.146  render           | Rendering frame 482
03:18.146  render           | Executing sequencer
03:18.147  render           | Rendering frame 482
03:18.147  render           | Start rendering: KHATIB / Software launch, ViewLayer
03:18.147  render           | Engine: EEVEE
03:18.198  render           | Fra: 482 | Rendering 1 / 16 samples
03:18.224  render           | Fra: 482 | Rendering 16 / 16 samples
03:18.513  render           | Video append frame 482
03:18.513  render           | Time: 00:00.36 (Saving: 00:00.01)
03:18.513  render           | Rendering frame 483
03:18.514  render           | Executing sequencer
03:18.515  render           | Rendering frame 483
03:18.515  render           | Start rendering: KHATIB / Software launch, ViewLayer
03:18.515  render           | Engine: EEVEE
03:18.562  render           | Fra: 483 | Rendering 1 / 16 samples
03:18.587  render           | Fra: 483 | Rendering 16 / 16 samples
03:18.912  render           | Video append frame 483
03:18.912  render           | Time: 00:00.39 (Saving: 00:00.01)
03:18.913  render           | Rendering frame 484
03:18.913  render           | Executing sequencer
03:18.915  render           | Rendering frame 484
03:18.915  render           | Start rendering: KHATIB / Software launch, ViewLayer
03:18.916  render           | Engine: EEVEE
03:18.976  render           | Fra: 484 | Rendering 1 / 16 samples
03:19.002  render           | Fra: 484 | Rendering 16 / 16 samples
03:19.314  render           | Video append frame 484
03:19.314  render           | Time: 00:00.40 (Saving: 00:00.01)
03:19.314  render           | Rendering frame 485
03:19.315  render           | Executing sequencer
03:19.316  render           | Rendering frame 485
03:19.316  render           | Start rendering: KHATIB / Software launch, ViewLayer
03:19.316  render           | Engine: EEVEE
03:19.367  render           | Fra: 485 | Rendering 1 / 16 samples
03:19.391  render           | Fra: 485 | Rendering 16 / 16 samples
03:19.692  render           | Video append frame 485
03:19.692  render           | Time: 00:00.37 (Saving: 00:00.01)
03:19.692  render           | Rendering frame 486
03:19.693  render           | Executing sequencer
03:19.694  render           | Rendering frame 486
03:19.694  render           | Start rendering: KHATIB / Software launch, ViewLayer
03:19.694  render           | Engine: EEVEE
03:19.747  render           | Fra: 486 | Rendering 1 / 16 samples
03:19.773  render           | Fra: 486 | Rendering 16 / 16 samples
03:20.080  render           | Video append frame 486
03:20.080  render           | Time: 00:00.38 (Saving: 00:00.01)
03:20.080  render           | Rendering frame 487
03:20.080  render           | Executing sequencer
03:20.120  render           | Rendering frame 487
03:20.121  render           | Start rendering: KHATIB / Software launch, ViewLayer
03:20.121  render           | Engine: EEVEE
03:20.170  render           | Fra: 487 | Rendering 1 / 16 samples
03:20.195  render           | Fra: 487 | Rendering 16 / 16 samples
03:20.477  render           | Video append frame 487
03:20.477  render           | Time: 00:00.39 (Saving: 00:00.01)
03:20.477  render           | Rendering frame 488
03:20.477  render           | Executing sequencer
03:20.478  render           | Rendering frame 488
03:20.478  render           | Start rendering: KHATIB / Software launch, ViewLayer
03:20.478  render           | Engine: EEVEE
03:20.527  render           | Fra: 488 | Rendering 1 / 16 samples
03:20.551  render           | Fra: 488 | Rendering 16 / 16 samples
03:20.816  render           | Video append frame 488
03:20.816  render           | Time: 00:00.33 (Saving: 00:00.01)
03:20.816  render           | Rendering frame 489
03:20.816  render           | Executing sequencer
03:20.817  render           | Rendering frame 489
03:20.817  render           | Start rendering: KHATIB / Software launch, ViewLayer
03:20.817  render           | Engine: EEVEE
03:20.865  render           | Fra: 489 | Rendering 1 / 16 samples
03:20.889  render           | Fra: 489 | Rendering 16 / 16 samples
03:21.150  render           | Video append frame 489
03:21.150  render           | Time: 00:00.33 (Saving: 00:00.01)
03:21.150  render           | Rendering frame 490
03:21.151  render           | Executing sequencer
03:21.152  render           | Rendering frame 490
03:21.152  render           | Start rendering: KHATIB / Software launch, ViewLayer
03:21.152  render           | Engine: EEVEE
03:21.199  render           | Fra: 490 | Rendering 1 / 16 samples
03:21.224  render           | Fra: 490 | Rendering 16 / 16 samples
03:21.483  render           | Video append frame 490
03:21.483  render           | Time: 00:00.33 (Saving: 00:00.01)
03:21.483  render           | Rendering frame 491
03:21.483  render           | Executing sequencer
03:21.484  render           | Rendering frame 491
03:21.485  render           | Start rendering: KHATIB / Software launch, ViewLayer
03:21.485  render           | Engine: EEVEE
03:21.534  render           | Fra: 491 | Rendering 1 / 16 samples
03:21.558  render           | Fra: 491 | Rendering 16 / 16 samples
03:21.828  render           | Video append frame 491
03:21.828  render           | Time: 00:00.34 (Saving: 00:00.01)
03:21.828  render           | Rendering frame 492
03:21.828  render           | Executing sequencer
03:21.829  render           | Rendering frame 492
03:21.829  render           | Start rendering: KHATIB / Software launch, ViewLayer
03:21.829  render           | Engine: EEVEE
03:21.882  render           | Fra: 492 | Rendering 1 / 16 samples
03:21.907  render           | Fra: 492 | Rendering 16 / 16 samples
03:22.196  render           | Video append frame 492
03:22.196  render           | Time: 00:00.36 (Saving: 00:00.01)
03:22.196  render           | Rendering frame 493
03:22.197  render           | Executing sequencer
03:22.198  render           | Rendering frame 493
03:22.198  render           | Start rendering: KHATIB / Software launch, ViewLayer
03:22.198  render           | Engine: EEVEE
03:22.257  render           | Fra: 493 | Rendering 1 / 16 samples
03:22.281  render           | Fra: 493 | Rendering 16 / 16 samples
03:22.582  render           | Video append frame 493
03:22.582  render           | Time: 00:00.38 (Saving: 00:00.01)
03:22.582  render           | Rendering frame 494
03:22.582  render           | Executing sequencer
03:22.583  render           | Rendering frame 494
03:22.583  render           | Start rendering: KHATIB / Software launch, ViewLayer
03:22.583  render           | Engine: EEVEE
03:22.630  render           | Fra: 494 | Rendering 1 / 16 samples
03:22.656  render           | Fra: 494 | Rendering 16 / 16 samples
03:22.953  render           | Video append frame 494
03:22.953  render           | Time: 00:00.37 (Saving: 00:00.01)
03:22.953  render           | Rendering frame 495
03:22.953  render           | Executing sequencer
03:22.954  render           | Rendering frame 495
03:22.954  render           | Start rendering: KHATIB / Software launch, ViewLayer
03:22.954  render           | Engine: EEVEE
03:23.005  render           | Fra: 495 | Rendering 1 / 16 samples
03:23.031  render           | Fra: 495 | Rendering 16 / 16 samples
03:23.327  render           | Video append frame 495
03:23.327  render           | Time: 00:00.37 (Saving: 00:00.01)
03:23.327  render           | Rendering frame 496
03:23.328  render           | Executing sequencer
03:23.329  render           | Rendering frame 496
03:23.329  render           | Start rendering: KHATIB / Software launch, ViewLayer
03:23.329  render           | Engine: EEVEE
03:23.383  render           | Fra: 496 | Rendering 1 / 16 samples
03:23.407  render           | Fra: 496 | Rendering 16 / 16 samples
03:23.712  render           | Video append frame 496
03:23.712  render           | Time: 00:00.38 (Saving: 00:00.01)
03:23.712  render           | Rendering frame 497
03:23.713  render           | Executing sequencer
03:23.714  render           | Rendering frame 497
03:23.714  render           | Start rendering: KHATIB / Software launch, ViewLayer
03:23.714  render           | Engine: EEVEE
03:23.771  render           | Fra: 497 | Rendering 1 / 16 samples
03:23.808  render           | Fra: 497 | Rendering 16 / 16 samples
03:24.199  render           | Video append frame 497
03:24.199  render           | Time: 00:00.48 (Saving: 00:00.02)
03:24.199  render           | Rendering frame 498
03:24.200  render           | Executing sequencer
03:24.202  render           | Rendering frame 498
03:24.203  render           | Start rendering: KHATIB / Software launch, ViewLayer
03:24.203  render           | Engine: EEVEE
03:24.299  render           | Fra: 498 | Rendering 1 / 16 samples
03:24.333  render           | Fra: 498 | Rendering 16 / 16 samples
03:24.677  render           | Video append frame 498
03:24.677  render           | Time: 00:00.47 (Saving: 00:00.02)
03:24.677  render           | Rendering frame 499
03:24.678  render           | Executing sequencer
03:24.682  render           | Rendering frame 499
03:24.685  render           | Start rendering: KHATIB / Software launch, ViewLayer
03:24.686  render           | Engine: EEVEE
03:24.763  render           | Fra: 499 | Rendering 1 / 16 samples
03:24.795  render           | Fra: 499 | Rendering 16 / 16 samples
03:25.146  render           | Video append frame 499
03:25.146  render           | Time: 00:00.46 (Saving: 00:00.01)
03:25.146  render           | Rendering frame 500
03:25.146  render           | Executing sequencer
03:25.148  render           | Rendering frame 500
03:25.148  render           | Start rendering: KHATIB / Software launch, ViewLayer
03:25.148  render           | Engine: EEVEE
03:25.208  render           | Fra: 500 | Rendering 1 / 16 samples
03:25.236  render           | Fra: 500 | Rendering 16 / 16 samples
03:25.546  render           | Video append frame 500
03:25.546  render           | Time: 00:00.39 (Saving: 00:00.01)
03:25.546  render           | Rendering frame 501
03:25.546  render           | Executing sequencer
03:25.547  render           | Rendering frame 501
03:25.547  render           | Start rendering: KHATIB / Software launch, ViewLayer
03:25.547  render           | Engine: EEVEE
03:25.601  render           | Fra: 501 | Rendering 1 / 16 samples
03:25.626  render           | Fra: 501 | Rendering 16 / 16 samples
03:25.977  render           | Video append frame 501
03:25.977  render           | Time: 00:00.43 (Saving: 00:00.02)
03:25.977  render           | Rendering frame 502
03:25.977  render           | Executing sequencer
03:25.978  render           | Rendering frame 502
03:25.979  render           | Start rendering: KHATIB / Software launch, ViewLayer
03:25.979  render           | Engine: EEVEE
03:26.040  render           | Fra: 502 | Rendering 1 / 16 samples
03:26.067  render           | Fra: 502 | Rendering 16 / 16 samples
03:26.377  render           | Video append frame 502
03:26.377  render           | Time: 00:00.39 (Saving: 00:00.01)
03:26.377  render           | Rendering frame 503
03:26.377  render           | Executing sequencer
03:26.378  render           | Rendering frame 503
03:26.378  render           | Start rendering: KHATIB / Software launch, ViewLayer
03:26.378  render           | Engine: EEVEE
03:26.433  render           | Fra: 503 | Rendering 1 / 16 samples
03:26.458  render           | Fra: 503 | Rendering 16 / 16 samples
03:26.784  render           | Video append frame 503
03:26.784  render           | Time: 00:00.40 (Saving: 00:00.01)
03:26.784  render           | Rendering frame 504
03:26.785  render           | Executing sequencer
03:26.785  render           | Rendering frame 504
03:26.786  render           | Start rendering: KHATIB / Software launch, ViewLayer
03:26.786  render           | Engine: EEVEE
03:26.839  render           | Fra: 504 | Rendering 1 / 16 samples
03:26.863  render           | Fra: 504 | Rendering 16 / 16 samples
03:27.154  render           | Video append frame 504
03:27.154  render           | Time: 00:00.36 (Saving: 00:00.01)
03:27.154  render           | Rendering frame 505
03:27.154  render           | Executing sequencer
03:27.154  render           | Rendering frame 505
03:27.154  render           | Start rendering: KHATIB / Software launch, ViewLayer
03:27.154  render           | Engine: EEVEE
03:27.208  render           | Fra: 505 | Rendering 1 / 16 samples
03:27.235  render           | Fra: 505 | Rendering 16 / 16 samples
03:27.566  render           | Video append frame 505
03:27.566  render           | Time: 00:00.41 (Saving: 00:00.01)
03:27.566  render           | Rendering frame 506
03:27.567  render           | Executing sequencer
03:27.567  render           | Rendering frame 506
03:27.567  render           | Start rendering: KHATIB / Software launch, ViewLayer
03:27.567  render           | Engine: EEVEE
03:27.619  render           | Fra: 506 | Rendering 1 / 16 samples
03:27.642  render           | Fra: 506 | Rendering 16 / 16 samples
03:27.945  render           | Video append frame 506
03:27.945  render           | Time: 00:00.37 (Saving: 00:00.01)
03:27.945  render           | Rendering frame 507
03:27.945  render           | Executing sequencer
03:27.945  render           | Rendering frame 507
03:27.946  render           | Start rendering: KHATIB / Software launch, ViewLayer
03:27.946  render           | Engine: EEVEE
03:28.003  render           | Fra: 507 | Rendering 1 / 16 samples
03:28.028  render           | Fra: 507 | Rendering 16 / 16 samples
03:28.316  render           | Video append frame 507
03:28.316  render           | Time: 00:00.37 (Saving: 00:00.01)
03:28.316  render           | Rendering frame 508
03:28.317  render           | Executing sequencer
03:28.317  render           | Rendering frame 508
03:28.317  render           | Start rendering: KHATIB / Software launch, ViewLayer
03:28.317  render           | Engine: EEVEE
03:28.366  render           | Fra: 508 | Rendering 1 / 16 samples
03:28.391  render           | Fra: 508 | Rendering 16 / 16 samples
03:28.671  render           | Video append frame 508
03:28.671  render           | Time: 00:00.35 (Saving: 00:00.01)
03:28.671  render           | Rendering frame 509
03:28.671  render           | Executing sequencer
03:28.671  render           | Rendering frame 509
03:28.672  render           | Start rendering: KHATIB / Software launch, ViewLayer
03:28.672  render           | Engine: EEVEE
03:28.720  render           | Fra: 509 | Rendering 1 / 16 samples
03:28.746  render           | Fra: 509 | Rendering 16 / 16 samples
03:29.044  render           | Video append frame 509
03:29.044  render           | Time: 00:00.37 (Saving: 00:00.02)
03:29.044  render           | Rendering frame 510
03:29.044  render           | Executing sequencer
03:29.044  render           | Rendering frame 510
03:29.044  render           | Start rendering: KHATIB / Software launch, ViewLayer
03:29.044  render           | Engine: EEVEE
03:29.095  render           | Fra: 510 | Rendering 1 / 16 samples
03:29.120  render           | Fra: 510 | Rendering 16 / 16 samples
03:29.404  render           | Video append frame 510
03:29.404  render           | Time: 00:00.35 (Saving: 00:00.01)
03:29.404  render           | Rendering frame 511
03:29.404  render           | Executing sequencer
03:29.404  render           | Rendering frame 511
03:29.405  render           | Start rendering: KHATIB / Software launch, ViewLayer
03:29.405  render           | Engine: EEVEE
03:29.459  render           | Fra: 511 | Rendering 1 / 16 samples
03:29.484  render           | Fra: 511 | Rendering 16 / 16 samples
03:29.847  render           | Video append frame 511
03:29.847  render           | Time: 00:00.44 (Saving: 00:00.02)
03:29.847  render           | Rendering frame 512
03:29.847  render           | Executing sequencer
03:29.847  render           | Rendering frame 512
03:29.848  render           | Start rendering: KHATIB / Software launch, ViewLayer
03:29.848  render           | Engine: EEVEE
03:29.913  render           | Fra: 512 | Rendering 1 / 16 samples
03:29.941  render           | Fra: 512 | Rendering 16 / 16 samples
03:30.240  render           | Video append frame 512
03:30.240  render           | Time: 00:00.39 (Saving: 00:00.01)
03:30.240  render           | Rendering frame 513
03:30.241  render           | Executing sequencer
03:30.241  render           | Rendering frame 513
03:30.241  render           | Start rendering: KHATIB / Software launch, ViewLayer
03:30.241  render           | Engine: EEVEE
03:30.301  render           | Fra: 513 | Rendering 1 / 16 samples
03:30.328  render           | Fra: 513 | Rendering 16 / 16 samples
03:30.624  render           | Video append frame 513
03:30.624  render           | Time: 00:00.38 (Saving: 00:00.01)
03:30.624  render           | Rendering frame 514
03:30.625  render           | Executing sequencer
03:30.625  render           | Rendering frame 514
03:30.625  render           | Start rendering: KHATIB / Software launch, ViewLayer
03:30.625  render           | Engine: EEVEE
03:30.680  render           | Fra: 514 | Rendering 1 / 16 samples
03:30.705  render           | Fra: 514 | Rendering 16 / 16 samples
03:30.997  render           | Video append frame 514
03:30.997  render           | Time: 00:00.37 (Saving: 00:00.01)
03:30.997  render           | Rendering frame 515
03:30.997  render           | Executing sequencer
03:30.997  render           | Rendering frame 515
03:30.997  render           | Start rendering: KHATIB / Software launch, ViewLayer
03:30.997  render           | Engine: EEVEE
03:31.058  render           | Fra: 515 | Rendering 1 / 16 samples
03:31.085  render           | Fra: 515 | Rendering 16 / 16 samples
03:31.378  render           | Video append frame 515
03:31.378  render           | Time: 00:00.38 (Saving: 00:00.01)
03:31.378  render           | Rendering frame 516
03:31.379  render           | Executing sequencer
03:31.379  render           | Rendering frame 516
03:31.379  render           | Start rendering: KHATIB / Software launch, ViewLayer
03:31.379  render           | Engine: EEVEE
03:31.436  render           | Fra: 516 | Rendering 1 / 16 samples
03:31.462  render           | Fra: 516 | Rendering 16 / 16 samples
03:31.762  render           | Video append frame 516
03:31.762  render           | Time: 00:00.38 (Saving: 00:00.01)
03:31.762  render           | Rendering frame 517
03:31.762  render           | Executing sequencer
03:31.762  render           | Rendering frame 517
03:31.762  render           | Start rendering: KHATIB / Software launch, ViewLayer
03:31.762  render           | Engine: EEVEE
03:31.819  render           | Fra: 517 | Rendering 1 / 16 samples
03:31.845  render           | Fra: 517 | Rendering 16 / 16 samples
03:32.138  render           | Video append frame 517
03:32.138  render           | Time: 00:00.37 (Saving: 00:00.01)
03:32.138  render           | Rendering frame 518
03:32.138  render           | Executing sequencer
03:32.138  render           | Rendering frame 518
03:32.138  render           | Start rendering: KHATIB / Software launch, ViewLayer
03:32.138  render           | Engine: EEVEE
03:32.202  render           | Fra: 518 | Rendering 1 / 16 samples
03:32.233  render           | Fra: 518 | Rendering 16 / 16 samples
03:32.547  render           | Video append frame 518
03:32.547  render           | Time: 00:00.40 (Saving: 00:00.02)
03:32.547  render           | Rendering frame 519
03:32.547  render           | Executing sequencer
03:32.547  render           | Rendering frame 519
03:32.547  render           | Start rendering: KHATIB / Software launch, ViewLayer
03:32.548  render           | Engine: EEVEE
03:32.601  render           | Fra: 519 | Rendering 1 / 16 samples
03:32.627  render           | Fra: 519 | Rendering 16 / 16 samples
03:32.920  render           | Video append frame 519
03:32.920  render           | Time: 00:00.37 (Saving: 00:00.01)
03:32.920  render           | Rendering frame 520
03:32.920  render           | Executing sequencer
03:32.920  render           | Rendering frame 520
03:32.920  render           | Start rendering: KHATIB / Software launch, ViewLayer
03:32.920  render           | Engine: EEVEE
03:32.976  render           | Fra: 520 | Rendering 1 / 16 samples
03:33.004  render           | Fra: 520 | Rendering 16 / 16 samples
03:33.301  render           | Video append frame 520
03:33.301  render           | Time: 00:00.38 (Saving: 00:00.01)
03:33.301  render           | Rendering frame 521
03:33.302  render           | Executing sequencer
03:33.302  render           | Rendering frame 521
03:33.302  render           | Start rendering: KHATIB / Software launch, ViewLayer
03:33.302  render           | Engine: EEVEE
03:33.355  render           | Fra: 521 | Rendering 1 / 16 samples
03:33.382  render           | Fra: 521 | Rendering 16 / 16 samples
03:33.721  render           | Video append frame 521
03:33.722  render           | Time: 00:00.42 (Saving: 00:00.02)
03:33.722  render           | Rendering frame 522
03:33.723  render           | Executing sequencer
03:33.723  render           | Rendering frame 522
03:33.723  render           | Start rendering: KHATIB / Software launch, ViewLayer
03:33.723  render           | Engine: EEVEE
03:33.782  render           | Fra: 522 | Rendering 1 / 16 samples
03:33.808  render           | Fra: 522 | Rendering 16 / 16 samples
03:34.139  render           | Video append frame 522
03:34.139  render           | Time: 00:00.41 (Saving: 00:00.01)
03:34.139  render           | Rendering frame 523
03:34.139  render           | Executing sequencer
03:34.139  render           | Rendering frame 523
03:34.139  render           | Start rendering: KHATIB / Software launch, ViewLayer
03:34.139  render           | Engine: EEVEE
03:34.199  render           | Fra: 523 | Rendering 1 / 16 samples
03:34.227  render           | Fra: 523 | Rendering 16 / 16 samples
03:34.540  render           | Video append frame 523
03:34.540  render           | Time: 00:00.40 (Saving: 00:00.01)
03:34.540  render           | Rendering frame 524
03:34.542  render           | Executing sequencer
03:34.542  render           | Rendering frame 524
03:34.543  render           | Start rendering: KHATIB / Software launch, ViewLayer
03:34.543  render           | Engine: EEVEE
03:34.604  render           | Fra: 524 | Rendering 1 / 16 samples
03:34.631  render           | Fra: 524 | Rendering 16 / 16 samples
03:34.935  render           | Video append frame 524
03:34.935  render           | Time: 00:00.39 (Saving: 00:00.01)
03:34.935  render           | Rendering frame 525
03:34.935  render           | Executing sequencer
03:34.940  render           | Rendering frame 525
03:34.941  render           | Start rendering: KHATIB / Software launch, ViewLayer
03:34.941  render           | Engine: EEVEE
03:34.996  render           | Fra: 525 | Rendering 1 / 16 samples
03:35.025  render           | Fra: 525 | Rendering 16 / 16 samples
03:35.333  render           | Video append frame 525
03:35.334  render           | Time: 00:00.39 (Saving: 00:00.02)
03:35.334  render           | Rendering frame 526
03:35.334  render           | Executing sequencer
03:35.340  render           | Rendering frame 526
03:35.341  render           | Start rendering: KHATIB / Software launch, ViewLayer
03:35.341  render           | Engine: EEVEE
03:35.403  render           | Fra: 526 | Rendering 1 / 16 samples
03:35.429  render           | Fra: 526 | Rendering 16 / 16 samples
03:35.731  render           | Video append frame 526
03:35.731  render           | Time: 00:00.39 (Saving: 00:00.01)
03:35.731  render           | Rendering frame 527
03:35.731  render           | Executing sequencer
03:35.736  render           | Rendering frame 527
03:35.736  render           | Start rendering: KHATIB / Software launch, ViewLayer
03:35.736  render           | Engine: EEVEE
03:35.799  render           | Fra: 527 | Rendering 1 / 16 samples
03:35.829  render           | Fra: 527 | Rendering 16 / 16 samples
03:36.141  render           | Video append frame 527
03:36.141  render           | Time: 00:00.40 (Saving: 00:00.02)
03:36.141  render           | Rendering frame 528
03:36.141  render           | Executing sequencer
03:36.142  render           | Rendering frame 528
03:36.142  render           | Start rendering: KHATIB / Software launch, ViewLayer
03:36.142  render           | Engine: EEVEE
03:36.204  render           | Fra: 528 | Rendering 1 / 16 samples
03:36.231  render           | Fra: 528 | Rendering 16 / 16 samples
03:36.565  render           | Video append frame 528
03:36.565  render           | Time: 00:00.42 (Saving: 00:00.01)
03:36.565  render           | Rendering frame 529
03:36.566  render           | Executing sequencer
03:36.566  render           | Rendering frame 529
03:36.567  render           | Start rendering: KHATIB / Software launch, ViewLayer
03:36.567  render           | Engine: EEVEE
03:36.620  render           | Fra: 529 | Rendering 1 / 16 samples
03:36.649  render           | Fra: 529 | Rendering 16 / 16 samples
03:36.989  render           | Video append frame 529
03:36.989  render           | Time: 00:00.42 (Saving: 00:00.01)
03:36.989  render           | Rendering frame 530
03:36.990  render           | Executing sequencer
03:36.990  render           | Rendering frame 530
03:36.990  render           | Start rendering: KHATIB / Software launch, ViewLayer
03:36.990  render           | Engine: EEVEE
03:37.073  render           | Fra: 530 | Rendering 1 / 16 samples
03:37.101  render           | Fra: 530 | Rendering 16 / 16 samples
03:37.443  render           | Video append frame 530
03:37.443  render           | Time: 00:00.45 (Saving: 00:00.02)
03:37.443  render           | Rendering frame 531
03:37.444  render           | Executing sequencer
03:37.444  render           | Rendering frame 531
03:37.444  render           | Start rendering: KHATIB / Software launch, ViewLayer
03:37.444  render           | Engine: EEVEE
03:37.515  render           | Fra: 531 | Rendering 1 / 16 samples
03:37.544  render           | Fra: 531 | Rendering 16 / 16 samples
03:37.874  render           | Video append frame 531
03:37.874  render           | Time: 00:00.43 (Saving: 00:00.01)
03:37.874  render           | Rendering frame 532
03:37.874  render           | Executing sequencer
03:37.880  render           | Rendering frame 532
03:37.880  render           | Start rendering: KHATIB / Software launch, ViewLayer
03:37.880  render           | Engine: EEVEE
03:37.956  render           | Fra: 532 | Rendering 1 / 16 samples
03:37.986  render           | Fra: 532 | Rendering 16 / 16 samples
03:38.303  render           | Video append frame 532
03:38.304  render           | Time: 00:00.42 (Saving: 00:00.02)
03:38.306  render           | Rendering frame 533
03:38.307  render           | Executing sequencer
03:38.314  render           | Rendering frame 533
03:38.314  render           | Start rendering: KHATIB / Software launch, ViewLayer
03:38.314  render           | Engine: EEVEE
03:38.372  render           | Fra: 533 | Rendering 1 / 16 samples
03:38.401  render           | Fra: 533 | Rendering 16 / 16 samples
03:38.698  render           | Video append frame 533
03:38.698  render           | Time: 00:00.39 (Saving: 00:00.01)
03:38.698  render           | Rendering frame 534
03:38.699  render           | Executing sequencer
03:38.703  render           | Rendering frame 534
03:38.703  render           | Start rendering: KHATIB / Software launch, ViewLayer
03:38.703  render           | Engine: EEVEE
03:38.758  render           | Fra: 534 | Rendering 1 / 16 samples
03:38.783  render           | Fra: 534 | Rendering 16 / 16 samples
03:39.078  render           | Video append frame 534
03:39.078  render           | Time: 00:00.37 (Saving: 00:00.01)
03:39.078  render           | Rendering frame 535
03:39.078  render           | Executing sequencer
03:39.083  render           | Rendering frame 535
03:39.083  render           | Start rendering: KHATIB / Software launch, ViewLayer
03:39.083  render           | Engine: EEVEE
03:39.144  render           | Fra: 535 | Rendering 1 / 16 samples
03:39.169  render           | Fra: 535 | Rendering 16 / 16 samples
03:39.473  render           | Video append frame 535
03:39.477  render           | Time: 00:00.39 (Saving: 00:00.02)
03:39.478  render           | Rendering frame 536
03:39.479  render           | Executing sequencer
03:39.481  render           | Rendering frame 536
03:39.481  render           | Start rendering: KHATIB / Software launch, ViewLayer
03:39.482  render           | Engine: EEVEE
03:39.547  render           | Fra: 536 | Rendering 1 / 16 samples
03:39.572  render           | Fra: 536 | Rendering 16 / 16 samples
03:39.876  render           | Video append frame 536
03:39.876  render           | Time: 00:00.39 (Saving: 00:00.02)
03:39.876  render           | Rendering frame 537
03:39.877  render           | Executing sequencer
03:39.877  render           | Rendering frame 537
03:39.878  render           | Start rendering: KHATIB / Software launch, ViewLayer
03:39.878  render           | Engine: EEVEE
03:39.928  render           | Fra: 537 | Rendering 1 / 16 samples
03:39.953  render           | Fra: 537 | Rendering 16 / 16 samples
03:40.261  render           | Video append frame 537
03:40.261  render           | Time: 00:00.38 (Saving: 00:00.01)
03:40.261  render           | Rendering frame 538
03:40.261  render           | Executing sequencer
03:40.262  render           | Rendering frame 538
03:40.262  render           | Start rendering: KHATIB / Software launch, ViewLayer
03:40.262  render           | Engine: EEVEE
03:40.316  render           | Fra: 538 | Rendering 1 / 16 samples
03:40.341  render           | Fra: 538 | Rendering 16 / 16 samples
03:40.653  render           | Video append frame 538
03:40.653  render           | Time: 00:00.39 (Saving: 00:00.02)
03:40.653  render           | Rendering frame 539
03:40.653  render           | Executing sequencer
03:40.654  render           | Rendering frame 539
03:40.654  render           | Start rendering: KHATIB / Software launch, ViewLayer
03:40.654  render           | Engine: EEVEE
03:40.707  render           | Fra: 539 | Rendering 1 / 16 samples
03:40.733  render           | Fra: 539 | Rendering 16 / 16 samples
03:41.035  render           | Video append frame 539
03:41.035  render           | Time: 00:00.38 (Saving: 00:00.01)
03:41.035  render           | Rendering frame 540
03:41.035  render           | Executing sequencer
03:41.076  render           | Rendering frame 540
03:41.077  render           | Start rendering: KHATIB / Software launch, ViewLayer
03:41.077  render           | Engine: EEVEE
03:41.129  render           | Fra: 540 | Rendering 1 / 16 samples
03:41.158  render           | Fra: 540 | Rendering 16 / 16 samples
03:41.439  render           | Video append frame 540
03:41.439  render           | Time: 00:00.40 (Saving: 00:00.01)
03:41.439  render           | Rendering frame 541
03:41.439  render           | Executing sequencer
03:41.440  render           | Rendering frame 541
03:41.440  render           | Start rendering: KHATIB / Software launch, ViewLayer
03:41.440  render           | Engine: EEVEE
03:41.492  render           | Fra: 541 | Rendering 1 / 16 samples
03:41.516  render           | Fra: 541 | Rendering 16 / 16 samples
03:41.805  render           | Video append frame 541
03:41.805  render           | Time: 00:00.36 (Saving: 00:00.01)
03:41.805  render           | Rendering frame 542
03:41.806  render           | Executing sequencer
03:41.806  render           | Rendering frame 542
03:41.807  render           | Start rendering: KHATIB / Software launch, ViewLayer
03:41.807  render           | Engine: EEVEE
03:41.856  render           | Fra: 542 | Rendering 1 / 16 samples
03:41.880  render           | Fra: 542 | Rendering 16 / 16 samples
03:42.161  render           | Video append frame 542
03:42.161  render           | Time: 00:00.35 (Saving: 00:00.01)
03:42.161  render           | Rendering frame 543
03:42.161  render           | Executing sequencer
03:42.162  render           | Rendering frame 543
03:42.162  render           | Start rendering: KHATIB / Software launch, ViewLayer
03:42.162  render           | Engine: EEVEE
03:42.212  render           | Fra: 543 | Rendering 1 / 16 samples
03:42.237  render           | Fra: 543 | Rendering 16 / 16 samples
03:42.514  render           | Video append frame 543
03:42.514  render           | Time: 00:00.35 (Saving: 00:00.01)
03:42.514  render           | Rendering frame 544
03:42.514  render           | Executing sequencer
03:42.515  render           | Rendering frame 544
03:42.515  render           | Start rendering: KHATIB / Software launch, ViewLayer
03:42.515  render           | Engine: EEVEE
03:42.566  render           | Fra: 544 | Rendering 1 / 16 samples
03:42.591  render           | Fra: 544 | Rendering 16 / 16 samples
03:42.891  render           | Video append frame 544
03:42.891  render           | Time: 00:00.37 (Saving: 00:00.01)
03:42.891  render           | Rendering frame 545
03:42.892  render           | Executing sequencer
03:42.893  render           | Rendering frame 545
03:42.893  render           | Start rendering: KHATIB / Software launch, ViewLayer
03:42.893  render           | Engine: EEVEE
03:42.944  render           | Fra: 545 | Rendering 1 / 16 samples
03:42.969  render           | Fra: 545 | Rendering 16 / 16 samples
03:43.264  render           | Video append frame 545
03:43.264  render           | Time: 00:00.37 (Saving: 00:00.01)
03:43.264  render           | Rendering frame 546
03:43.264  render           | Executing sequencer
03:43.265  render           | Rendering frame 546
03:43.266  render           | Start rendering: KHATIB / Software launch, ViewLayer
03:43.266  render           | Engine: EEVEE
03:43.314  render           | Fra: 546 | Rendering 1 / 16 samples
03:43.338  render           | Fra: 546 | Rendering 16 / 16 samples
03:43.640  render           | Video append frame 546
03:43.640  render           | Time: 00:00.37 (Saving: 00:00.01)
03:43.640  render           | Rendering frame 547
03:43.641  render           | Executing sequencer
03:43.642  render           | Rendering frame 547
03:43.642  render           | Start rendering: KHATIB / Software launch, ViewLayer
03:43.642  render           | Engine: EEVEE
03:43.694  render           | Fra: 547 | Rendering 1 / 16 samples
03:43.719  render           | Fra: 547 | Rendering 16 / 16 samples
03:44.020  render           | Video append frame 547
03:44.020  render           | Time: 00:00.37 (Saving: 00:00.01)
03:44.020  render           | Rendering frame 548
03:44.021  render           | Executing sequencer
03:44.021  render           | Rendering frame 548
03:44.022  render           | Start rendering: KHATIB / Software launch, ViewLayer
03:44.022  render           | Engine: EEVEE
03:44.071  render           | Fra: 548 | Rendering 1 / 16 samples
03:44.097  render           | Fra: 548 | Rendering 16 / 16 samples
03:44.412  render           | Video append frame 548
03:44.412  render           | Time: 00:00.39 (Saving: 00:00.01)
03:44.412  render           | Rendering frame 549
03:44.413  render           | Executing sequencer
03:44.414  render           | Rendering frame 549
03:44.414  render           | Start rendering: KHATIB / Software launch, ViewLayer
03:44.414  render           | Engine: EEVEE
03:44.466  render           | Fra: 549 | Rendering 1 / 16 samples
03:44.492  render           | Fra: 549 | Rendering 16 / 16 samples
03:44.831  render           | Video append frame 549
03:44.831  render           | Time: 00:00.41 (Saving: 00:00.01)
03:44.831  render           | Rendering frame 550
03:44.831  render           | Executing sequencer
03:44.832  render           | Rendering frame 550
03:44.832  render           | Start rendering: KHATIB / Software launch, ViewLayer
03:44.832  render           | Engine: EEVEE
03:44.898  render           | Fra: 550 | Rendering 1 / 16 samples
03:44.924  render           | Fra: 550 | Rendering 16 / 16 samples
03:45.239  render           | Video append frame 550
03:45.240  render           | Time: 00:00.40 (Saving: 00:00.01)
03:45.240  render           | Rendering frame 551
03:45.240  render           | Executing sequencer
03:45.241  render           | Rendering frame 551
03:45.241  render           | Start rendering: KHATIB / Software launch, ViewLayer
03:45.241  render           | Engine: EEVEE
03:45.295  render           | Fra: 551 | Rendering 1 / 16 samples
03:45.321  render           | Fra: 551 | Rendering 16 / 16 samples
03:45.648  render           | Video append frame 551
03:45.648  render           | Time: 00:00.40 (Saving: 00:00.02)
03:45.648  render           | Rendering frame 552
03:45.648  render           | Executing sequencer
03:45.649  render           | Rendering frame 552
03:45.650  render           | Start rendering: KHATIB / Software launch, ViewLayer
03:45.650  render           | Engine: EEVEE
03:45.704  render           | Fra: 552 | Rendering 1 / 16 samples
03:45.728  render           | Fra: 552 | Rendering 16 / 16 samples
03:46.042  render           | Video append frame 552
03:46.042  render           | Time: 00:00.39 (Saving: 00:00.01)
03:46.042  render           | Rendering frame 553
03:46.042  render           | Executing sequencer
03:46.043  render           | Rendering frame 553
03:46.044  render           | Start rendering: KHATIB / Software launch, ViewLayer
03:46.044  render           | Engine: EEVEE
03:46.096  render           | Fra: 553 | Rendering 1 / 16 samples
03:46.122  render           | Fra: 553 | Rendering 16 / 16 samples
03:46.435  render           | Video append frame 553
03:46.435  render           | Time: 00:00.39 (Saving: 00:00.01)
03:46.435  render           | Rendering frame 554
03:46.435  render           | Executing sequencer
03:46.436  render           | Rendering frame 554
03:46.436  render           | Start rendering: KHATIB / Software launch, ViewLayer
03:46.436  render           | Engine: EEVEE
03:46.494  render           | Fra: 554 | Rendering 1 / 16 samples
03:46.521  render           | Fra: 554 | Rendering 16 / 16 samples
03:46.840  render           | Video append frame 554
03:46.840  render           | Time: 00:00.40 (Saving: 00:00.02)
03:46.840  render           | Rendering frame 555
03:46.841  render           | Executing sequencer
03:46.842  render           | Rendering frame 555
03:46.842  render           | Start rendering: KHATIB / Software launch, ViewLayer
03:46.842  render           | Engine: EEVEE
03:46.905  render           | Fra: 555 | Rendering 1 / 16 samples
03:46.931  render           | Fra: 555 | Rendering 16 / 16 samples
03:47.252  render           | Video append frame 555
03:47.252  render           | Time: 00:00.41 (Saving: 00:00.02)
03:47.252  render           | Rendering frame 556
03:47.253  render           | Executing sequencer
03:47.253  render           | Rendering frame 556
03:47.254  render           | Start rendering: KHATIB / Software launch, ViewLayer
03:47.254  render           | Engine: EEVEE
03:47.312  render           | Fra: 556 | Rendering 1 / 16 samples
03:47.340  render           | Fra: 556 | Rendering 16 / 16 samples
03:47.672  render           | Video append frame 556
03:47.672  render           | Time: 00:00.41 (Saving: 00:00.01)
03:47.672  render           | Rendering frame 557
03:47.673  render           | Executing sequencer
03:47.675  render           | Rendering frame 557
03:47.675  render           | Start rendering: KHATIB / Software launch, ViewLayer
03:47.675  render           | Engine: EEVEE
03:47.730  render           | Fra: 557 | Rendering 1 / 16 samples
03:47.757  render           | Fra: 557 | Rendering 16 / 16 samples
03:48.088  render           | Video append frame 557
03:48.089  render           | Time: 00:00.41 (Saving: 00:00.02)
03:48.089  render           | Rendering frame 558
03:48.090  render           | Executing sequencer
03:48.090  render           | Rendering frame 558
03:48.091  render           | Start rendering: KHATIB / Software launch, ViewLayer
03:48.091  render           | Engine: EEVEE
03:48.150  render           | Fra: 558 | Rendering 1 / 16 samples
03:48.178  render           | Fra: 558 | Rendering 16 / 16 samples
03:48.491  render           | Video append frame 558
03:48.491  render           | Time: 00:00.40 (Saving: 00:00.01)
03:48.491  render           | Rendering frame 559
03:48.492  render           | Executing sequencer
03:48.493  render           | Rendering frame 559
03:48.493  render           | Start rendering: KHATIB / Software launch, ViewLayer
03:48.493  render           | Engine: EEVEE
03:48.546  render           | Fra: 559 | Rendering 1 / 16 samples
03:48.574  render           | Fra: 559 | Rendering 16 / 16 samples
03:48.876  render           | Video append frame 559
03:48.876  render           | Time: 00:00.38 (Saving: 00:00.01)
03:48.876  render           | Rendering frame 560
03:48.876  render           | Executing sequencer
03:48.877  render           | Rendering frame 560
03:48.877  render           | Start rendering: KHATIB / Software launch, ViewLayer
03:48.877  render           | Engine: EEVEE
03:48.934  render           | Fra: 560 | Rendering 1 / 16 samples
03:48.960  render           | Fra: 560 | Rendering 16 / 16 samples
03:49.254  render           | Video append frame 560
03:49.254  render           | Time: 00:00.37 (Saving: 00:00.01)
03:49.254  render           | Rendering frame 561
03:49.255  render           | Executing sequencer
03:49.255  render           | Rendering frame 561
03:49.255  render           | Start rendering: KHATIB / Software launch, ViewLayer
03:49.255  render           | Engine: EEVEE
03:49.307  render           | Fra: 561 | Rendering 1 / 16 samples
03:49.333  render           | Fra: 561 | Rendering 16 / 16 samples
03:49.630  render           | Video append frame 561
03:49.630  render           | Time: 00:00.37 (Saving: 00:00.01)
03:49.630  render           | Rendering frame 562
03:49.630  render           | Executing sequencer
03:49.631  render           | Rendering frame 562
03:49.631  render           | Start rendering: KHATIB / Software launch, ViewLayer
03:49.631  render           | Engine: EEVEE
03:49.682  render           | Fra: 562 | Rendering 1 / 16 samples
03:49.709  render           | Fra: 562 | Rendering 16 / 16 samples
03:50.009  render           | Video append frame 562
03:50.009  render           | Time: 00:00.37 (Saving: 00:00.01)
03:50.009  render           | Rendering frame 563
03:50.009  render           | Executing sequencer
03:50.010  render           | Rendering frame 563
03:50.010  render           | Start rendering: KHATIB / Software launch, ViewLayer
03:50.010  render           | Engine: EEVEE
03:50.062  render           | Fra: 563 | Rendering 1 / 16 samples
03:50.087  render           | Fra: 563 | Rendering 16 / 16 samples
03:50.385  render           | Video append frame 563
03:50.385  render           | Time: 00:00.37 (Saving: 00:00.01)
03:50.385  render           | Rendering frame 564
03:50.385  render           | Executing sequencer
03:50.386  render           | Rendering frame 564
03:50.386  render           | Start rendering: KHATIB / Software launch, ViewLayer
03:50.386  render           | Engine: EEVEE
03:50.438  render           | Fra: 564 | Rendering 1 / 16 samples
03:50.466  render           | Fra: 564 | Rendering 16 / 16 samples
03:50.767  render           | Video append frame 564
03:50.767  render           | Time: 00:00.38 (Saving: 00:00.01)
03:50.767  render           | Rendering frame 565
03:50.767  render           | Executing sequencer
03:50.768  render           | Rendering frame 565
03:50.768  render           | Start rendering: KHATIB / Software launch, ViewLayer
03:50.768  render           | Engine: EEVEE
03:50.819  render           | Fra: 565 | Rendering 1 / 16 samples
03:50.844  render           | Fra: 565 | Rendering 16 / 16 samples
03:51.141  render           | Video append frame 565
03:51.141  render           | Time: 00:00.37 (Saving: 00:00.01)
03:51.141  render           | Rendering frame 566
03:51.141  render           | Executing sequencer
03:51.142  render           | Rendering frame 566
03:51.142  render           | Start rendering: KHATIB / Software launch, ViewLayer
03:51.142  render           | Engine: EEVEE
03:51.194  render           | Fra: 566 | Rendering 1 / 16 samples
03:51.218  render           | Fra: 566 | Rendering 16 / 16 samples
03:51.518  render           | Video append frame 566
03:51.518  render           | Time: 00:00.37 (Saving: 00:00.01)
03:51.519  render           | Rendering frame 567
03:51.520  render           | Executing sequencer
03:51.522  render           | Rendering frame 567
03:51.522  render           | Start rendering: KHATIB / Software launch, ViewLayer
03:51.522  render           | Engine: EEVEE
03:51.576  render           | Fra: 567 | Rendering 1 / 16 samples
03:51.602  render           | Fra: 567 | Rendering 16 / 16 samples
03:51.905  render           | Video append frame 567
03:51.905  render           | Time: 00:00.38 (Saving: 00:00.01)
03:51.905  render           | Rendering frame 568
03:51.906  render           | Executing sequencer
03:51.907  render           | Rendering frame 568
03:51.907  render           | Start rendering: KHATIB / Software launch, ViewLayer
03:51.907  render           | Engine: EEVEE
03:51.959  render           | Fra: 568 | Rendering 1 / 16 samples
03:51.985  render           | Fra: 568 | Rendering 16 / 16 samples
03:52.294  render           | Video append frame 568
03:52.294  render           | Time: 00:00.38 (Saving: 00:00.01)
03:52.295  render           | Rendering frame 569
03:52.295  render           | Executing sequencer
03:52.295  render           | Rendering frame 569
03:52.296  render           | Start rendering: KHATIB / Software launch, ViewLayer
03:52.296  render           | Engine: EEVEE
03:52.350  render           | Fra: 569 | Rendering 1 / 16 samples
03:52.375  render           | Fra: 569 | Rendering 16 / 16 samples
03:52.693  render           | Video append frame 569
03:52.693  render           | Time: 00:00.39 (Saving: 00:00.01)
03:52.693  render           | Rendering frame 570
03:52.693  render           | Executing sequencer
03:52.694  render           | Rendering frame 570
03:52.694  render           | Start rendering: KHATIB / Software launch, ViewLayer
03:52.694  render           | Engine: EEVEE
03:52.754  render           | Fra: 570 | Rendering 1 / 16 samples
03:52.778  render           | Fra: 570 | Rendering 16 / 16 samples
03:53.077  render           | Video append frame 570
03:53.077  render           | Time: 00:00.38 (Saving: 00:00.01)
03:53.077  render           | Rendering frame 571
03:53.077  render           | Executing sequencer
03:53.078  render           | Rendering frame 571
03:53.078  render           | Start rendering: KHATIB / Software launch, ViewLayer
03:53.078  render           | Engine: EEVEE
03:53.131  render           | Fra: 571 | Rendering 1 / 16 samples
03:53.155  render           | Fra: 571 | Rendering 16 / 16 samples
03:53.459  render           | Video append frame 571
03:53.459  render           | Time: 00:00.38 (Saving: 00:00.01)
03:53.459  render           | Rendering frame 572
03:53.459  render           | Executing sequencer
03:53.460  render           | Rendering frame 572
03:53.460  render           | Start rendering: KHATIB / Software launch, ViewLayer
03:53.460  render           | Engine: EEVEE
03:53.516  render           | Fra: 572 | Rendering 1 / 16 samples
03:53.542  render           | Fra: 572 | Rendering 16 / 16 samples
03:53.845  render           | Video append frame 572
03:53.845  render           | Time: 00:00.38 (Saving: 00:00.01)
03:53.845  render           | Rendering frame 573
03:53.845  render           | Executing sequencer
03:53.847  render           | Rendering frame 573
03:53.847  render           | Start rendering: KHATIB / Software launch, ViewLayer
03:53.847  render           | Engine: EEVEE
03:53.898  render           | Fra: 573 | Rendering 1 / 16 samples
03:53.923  render           | Fra: 573 | Rendering 16 / 16 samples
03:54.226  render           | Video append frame 573
03:54.226  render           | Time: 00:00.38 (Saving: 00:00.01)
03:54.226  render           | Rendering frame 574
03:54.227  render           | Executing sequencer
03:54.228  render           | Rendering frame 574
03:54.228  render           | Start rendering: KHATIB / Software launch, ViewLayer
03:54.228  render           | Engine: EEVEE
03:54.280  render           | Fra: 574 | Rendering 1 / 16 samples
03:54.305  render           | Fra: 574 | Rendering 16 / 16 samples
03:54.607  render           | Video append frame 574
03:54.607  render           | Time: 00:00.38 (Saving: 00:00.01)
03:54.607  render           | Rendering frame 575
03:54.608  render           | Executing sequencer
03:54.609  render           | Rendering frame 575
03:54.610  render           | Start rendering: KHATIB / Software launch, ViewLayer
03:54.610  render           | Engine: EEVEE
03:54.681  render           | Fra: 575 | Rendering 1 / 16 samples
03:54.710  render           | Fra: 575 | Rendering 16 / 16 samples
03:55.038  render           | Video append frame 575
03:55.038  render           | Time: 00:00.42 (Saving: 00:00.02)
03:55.038  render           | Rendering frame 576
03:55.039  render           | Executing sequencer
03:55.039  render           | Rendering frame 576
03:55.040  render           | Start rendering: KHATIB / Software launch, ViewLayer
03:55.040  render           | Engine: EEVEE
03:55.093  render           | Fra: 576 | Rendering 1 / 16 samples
03:55.119  render           | Fra: 576 | Rendering 16 / 16 samples
03:55.433  render           | Video append frame 576
03:55.433  render           | Time: 00:00.39 (Saving: 00:00.01)
03:55.433  render           | Rendering frame 577
03:55.433  render           | Executing sequencer
03:55.434  render           | Rendering frame 577
03:55.435  render           | Start rendering: KHATIB / Software launch, ViewLayer
03:55.435  render           | Engine: EEVEE
03:55.490  render           | Fra: 577 | Rendering 1 / 16 samples
03:55.516  render           | Fra: 577 | Rendering 16 / 16 samples
03:55.835  render           | Video append frame 577
03:55.835  render           | Time: 00:00.40 (Saving: 00:00.02)
03:55.835  render           | Rendering frame 578
03:55.835  render           | Executing sequencer
03:55.835  render           | Rendering frame 578
03:55.836  render           | Start rendering: KHATIB / Software launch, ViewLayer
03:55.836  render           | Engine: EEVEE
03:55.890  render           | Fra: 578 | Rendering 1 / 16 samples
03:55.916  render           | Fra: 578 | Rendering 16 / 16 samples
03:56.233  render           | Video append frame 578
03:56.233  render           | Time: 00:00.39 (Saving: 00:00.03)
03:56.233  render           | Rendering frame 579
03:56.233  render           | Executing sequencer
03:56.234  render           | Rendering frame 579
03:56.234  render           | Start rendering: KHATIB / Software launch, ViewLayer
03:56.234  render           | Engine: EEVEE
03:56.290  render           | Fra: 579 | Rendering 1 / 16 samples
03:56.315  render           | Fra: 579 | Rendering 16 / 16 samples
03:56.632  render           | Video append frame 579
03:56.632  render           | Time: 00:00.39 (Saving: 00:00.01)
03:56.632  render           | Rendering frame 580
03:56.632  render           | Executing sequencer
03:56.633  render           | Rendering frame 580
03:56.633  render           | Start rendering: KHATIB / Software launch, ViewLayer
03:56.633  render           | Engine: EEVEE
03:56.690  render           | Fra: 580 | Rendering 1 / 16 samples
03:56.715  render           | Fra: 580 | Rendering 16 / 16 samples
03:57.029  render           | Video append frame 580
03:57.029  render           | Time: 00:00.39 (Saving: 00:00.01)
03:57.029  render           | Rendering frame 581
03:57.029  render           | Executing sequencer
03:57.030  render           | Rendering frame 581
03:57.030  render           | Start rendering: KHATIB / Software launch, ViewLayer
03:57.030  render           | Engine: EEVEE
03:57.083  render           | Fra: 581 | Rendering 1 / 16 samples
03:57.111  render           | Fra: 581 | Rendering 16 / 16 samples
03:57.413  render           | Video append frame 581
03:57.413  render           | Time: 00:00.38 (Saving: 00:00.01)
03:57.413  render           | Rendering frame 582
03:57.413  render           | Executing sequencer
03:57.414  render           | Rendering frame 582
03:57.415  render           | Start rendering: KHATIB / Software launch, ViewLayer
03:57.415  render           | Engine: EEVEE
03:57.466  render           | Fra: 582 | Rendering 1 / 16 samples
03:57.490  render           | Fra: 582 | Rendering 16 / 16 samples
03:57.791  render           | Video append frame 582
03:57.791  render           | Time: 00:00.37 (Saving: 00:00.01)
03:57.791  render           | Rendering frame 583
03:57.791  render           | Executing sequencer
03:57.792  render           | Rendering frame 583
03:57.793  render           | Start rendering: KHATIB / Software launch, ViewLayer
03:57.793  render           | Engine: EEVEE
03:57.851  render           | Fra: 583 | Rendering 1 / 16 samples
03:57.878  render           | Fra: 583 | Rendering 16 / 16 samples
03:58.218  render           | Video append frame 583
03:58.218  render           | Time: 00:00.42 (Saving: 00:00.02)
03:58.219  render           | Rendering frame 584
03:58.219  render           | Executing sequencer
03:58.268  render           | Rendering frame 584
03:58.268  render           | Start rendering: KHATIB / Software launch, ViewLayer
03:58.268  render           | Engine: EEVEE
03:58.328  render           | Fra: 584 | Rendering 1 / 16 samples
03:58.355  render           | Fra: 584 | Rendering 16 / 16 samples
03:58.654  render           | Video append frame 584
03:58.654  render           | Time: 00:00.43 (Saving: 00:00.01)
03:58.654  render           | Rendering frame 585
03:58.654  render           | Executing sequencer
03:58.655  render           | Rendering frame 585
03:58.656  render           | Start rendering: KHATIB / Software launch, ViewLayer
03:58.656  render           | Engine: EEVEE
03:58.705  render           | Fra: 585 | Rendering 1 / 16 samples
03:58.731  render           | Fra: 585 | Rendering 16 / 16 samples
03:59.012  render           | Video append frame 585
03:59.012  render           | Time: 00:00.35 (Saving: 00:00.01)
03:59.012  render           | Rendering frame 586
03:59.012  render           | Executing sequencer
03:59.013  render           | Rendering frame 586
03:59.014  render           | Start rendering: KHATIB / Software launch, ViewLayer
03:59.014  render           | Engine: EEVEE
03:59.063  render           | Fra: 586 | Rendering 1 / 16 samples
03:59.089  render           | Fra: 586 | Rendering 16 / 16 samples
03:59.371  render           | Video append frame 586
03:59.371  render           | Time: 00:00.35 (Saving: 00:00.01)
03:59.371  render           | Rendering frame 587
03:59.371  render           | Executing sequencer
03:59.372  render           | Rendering frame 587
03:59.372  render           | Start rendering: KHATIB / Software launch, ViewLayer
03:59.372  render           | Engine: EEVEE
03:59.424  render           | Fra: 587 | Rendering 1 / 16 samples
03:59.450  render           | Fra: 587 | Rendering 16 / 16 samples
03:59.729  render           | Video append frame 587
03:59.729  render           | Time: 00:00.35 (Saving: 00:00.01)
03:59.729  render           | Rendering frame 588
03:59.729  render           | Executing sequencer
03:59.730  render           | Rendering frame 588
03:59.730  render           | Start rendering: KHATIB / Software launch, ViewLayer
03:59.730  render           | Engine: EEVEE
03:59.778  render           | Fra: 588 | Rendering 1 / 16 samples
03:59.804  render           | Fra: 588 | Rendering 16 / 16 samples
04:00.109  render           | Video append frame 588
04:00.111  render           | Time: 00:00.38 (Saving: 00:00.02)
04:00.112  render           | Rendering frame 589
04:00.112  render           | Executing sequencer
04:00.116  render           | Rendering frame 589
04:00.116  render           | Start rendering: KHATIB / Software launch, ViewLayer
04:00.116  render           | Engine: EEVEE
04:00.169  render           | Fra: 589 | Rendering 1 / 16 samples
04:00.196  render           | Fra: 589 | Rendering 16 / 16 samples
04:00.505  render           | Video append frame 589
04:00.505  render           | Time: 00:00.39 (Saving: 00:00.01)
04:00.505  render           | Rendering frame 590
04:00.505  render           | Executing sequencer
04:00.506  render           | Rendering frame 590
04:00.506  render           | Start rendering: KHATIB / Software launch, ViewLayer
04:00.506  render           | Engine: EEVEE
04:00.562  render           | Fra: 590 | Rendering 1 / 16 samples
04:00.588  render           | Fra: 590 | Rendering 16 / 16 samples
04:00.890  render           | Video append frame 590
04:00.890  render           | Time: 00:00.38 (Saving: 00:00.01)
04:00.890  render           | Rendering frame 591
04:00.890  render           | Executing sequencer
04:00.891  render           | Rendering frame 591
04:00.891  render           | Start rendering: KHATIB / Software launch, ViewLayer
04:00.891  render           | Engine: EEVEE
04:00.940  render           | Fra: 591 | Rendering 1 / 16 samples
04:00.965  render           | Fra: 591 | Rendering 16 / 16 samples
04:01.274  render           | Video append frame 591
04:01.274  render           | Time: 00:00.38 (Saving: 00:00.01)
04:01.274  render           | Rendering frame 592
04:01.274  render           | Executing sequencer
04:01.275  render           | Rendering frame 592
04:01.275  render           | Start rendering: KHATIB / Software launch, ViewLayer
04:01.275  render           | Engine: EEVEE
04:01.328  render           | Fra: 592 | Rendering 1 / 16 samples
04:01.353  render           | Fra: 592 | Rendering 16 / 16 samples
04:01.655  render           | Video append frame 592
04:01.655  render           | Time: 00:00.38 (Saving: 00:00.01)
04:01.655  render           | Rendering frame 593
04:01.655  render           | Executing sequencer
04:01.656  render           | Rendering frame 593
04:01.656  render           | Start rendering: KHATIB / Software launch, ViewLayer
04:01.656  render           | Engine: EEVEE
04:01.707  render           | Fra: 593 | Rendering 1 / 16 samples
04:01.733  render           | Fra: 593 | Rendering 16 / 16 samples
04:02.041  render           | Video append frame 593
04:02.041  render           | Time: 00:00.38 (Saving: 00:00.01)
04:02.041  render           | Rendering frame 594
04:02.042  render           | Executing sequencer
04:02.042  render           | Rendering frame 594
04:02.042  render           | Start rendering: KHATIB / Software launch, ViewLayer
04:02.042  render           | Engine: EEVEE
04:02.093  render           | Fra: 594 | Rendering 1 / 16 samples
04:02.119  render           | Fra: 594 | Rendering 16 / 16 samples
04:02.415  render           | Video append frame 594
04:02.415  render           | Time: 00:00.37 (Saving: 00:00.01)
04:02.415  render           | Rendering frame 595
04:02.415  render           | Executing sequencer
04:02.416  render           | Rendering frame 595
04:02.417  render           | Start rendering: KHATIB / Software launch, ViewLayer
04:02.417  render           | Engine: EEVEE
04:02.471  render           | Fra: 595 | Rendering 1 / 16 samples
04:02.497  render           | Fra: 595 | Rendering 16 / 16 samples
04:02.802  render           | Video append frame 595
04:02.802  render           | Time: 00:00.38 (Saving: 00:00.01)
04:02.802  render           | Rendering frame 596
04:02.802  render           | Executing sequencer
04:02.803  render           | Rendering frame 596
04:02.803  render           | Start rendering: KHATIB / Software launch, ViewLayer
04:02.803  render           | Engine: EEVEE
04:02.854  render           | Fra: 596 | Rendering 1 / 16 samples
04:02.878  render           | Fra: 596 | Rendering 16 / 16 samples
04:03.194  render           | Video append frame 596
04:03.194  render           | Time: 00:00.39 (Saving: 00:00.01)
04:03.194  render           | Rendering frame 597
04:03.194  render           | Executing sequencer
04:03.195  render           | Rendering frame 597
04:03.198  render           | Start rendering: KHATIB / Software launch, ViewLayer
04:03.198  render           | Engine: EEVEE
04:03.250  render           | Fra: 597 | Rendering 1 / 16 samples
04:03.277  render           | Fra: 597 | Rendering 16 / 16 samples
04:03.589  render           | Video append frame 597
04:03.589  render           | Time: 00:00.39 (Saving: 00:00.01)
04:03.589  render           | Rendering frame 598
04:03.589  render           | Executing sequencer
04:03.590  render           | Rendering frame 598
04:03.590  render           | Start rendering: KHATIB / Software launch, ViewLayer
04:03.590  render           | Engine: EEVEE
04:03.647  render           | Fra: 598 | Rendering 1 / 16 samples
04:03.674  render           | Fra: 598 | Rendering 16 / 16 samples
04:04.019  render           | Video append frame 598
04:04.020  render           | Time: 00:00.43 (Saving: 00:00.01)
04:04.020  render           | Rendering frame 599
04:04.021  render           | Executing sequencer
04:04.022  render           | Rendering frame 599
04:04.022  render           | Start rendering: KHATIB / Software launch, ViewLayer
04:04.022  render           | Engine: EEVEE
04:04.093  render           | Fra: 599 | Rendering 1 / 16 samples
04:04.121  render           | Fra: 599 | Rendering 16 / 16 samples
04:04.451  render           | Video append frame 599
04:04.452  render           | Time: 00:00.43 (Saving: 00:00.01)
04:04.452  render           | Rendering frame 600
04:04.452  render           | Executing sequencer
04:04.453  render           | Rendering frame 600
04:04.453  render           | Start rendering: KHATIB / Software launch, ViewLayer
04:04.453  render           | Engine: EEVEE
04:04.504  render           | Fra: 600 | Rendering 1 / 16 samples
04:04.530  render           | Fra: 600 | Rendering 16 / 16 samples
04:04.825  render           | Video append frame 600
04:04.825  render           | Time: 00:00.37 (Saving: 00:00.01)
04:04.825  render           | Rendering frame 601
04:04.826  render           | Executing sequencer
04:04.826  render           | Rendering frame 601
04:04.827  render           | Start rendering: KHATIB / Software launch, ViewLayer
04:04.827  render           | Engine: EEVEE
04:04.881  render           | Fra: 601 | Rendering 1 / 16 samples
04:04.908  render           | Fra: 601 | Rendering 16 / 16 samples
04:05.221  render           | Video append frame 601
04:05.222  render           | Time: 00:00.39 (Saving: 00:00.02)
04:05.222  render           | Rendering frame 602
04:05.222  render           | Executing sequencer
04:05.223  render           | Rendering frame 602
04:05.223  render           | Start rendering: KHATIB / Software launch, ViewLayer
04:05.223  render           | Engine: EEVEE
04:05.278  render           | Fra: 602 | Rendering 1 / 16 samples
04:05.304  render           | Fra: 602 | Rendering 16 / 16 samples
04:05.613  render           | Video append frame 602
04:05.613  render           | Time: 00:00.39 (Saving: 00:00.01)
04:05.613  render           | Rendering frame 603
04:05.613  render           | Executing sequencer
04:05.614  render           | Rendering frame 603
04:05.615  render           | Start rendering: KHATIB / Software launch, ViewLayer
04:05.615  render           | Engine: EEVEE
04:05.668  render           | Fra: 603 | Rendering 1 / 16 samples
04:05.694  render           | Fra: 603 | Rendering 16 / 16 samples
04:06.000  render           | Video append frame 603
04:06.000  render           | Time: 00:00.38 (Saving: 00:00.01)
04:06.000  render           | Rendering frame 604
04:06.001  render           | Executing sequencer
04:06.002  render           | Rendering frame 604
04:06.002  render           | Start rendering: KHATIB / Software launch, ViewLayer
04:06.002  render           | Engine: EEVEE
04:06.058  render           | Fra: 604 | Rendering 1 / 16 samples
04:06.082  render           | Fra: 604 | Rendering 16 / 16 samples
04:06.389  render           | Video append frame 604
04:06.389  render           | Time: 00:00.38 (Saving: 00:00.01)
04:06.389  render           | Rendering frame 605
04:06.390  render           | Executing sequencer
04:06.391  render           | Rendering frame 605
04:06.391  render           | Start rendering: KHATIB / Software launch, ViewLayer
04:06.391  render           | Engine: EEVEE
04:06.449  render           | Fra: 605 | Rendering 1 / 16 samples
04:06.475  render           | Fra: 605 | Rendering 16 / 16 samples
04:06.788  render           | Video append frame 605
04:06.788  render           | Time: 00:00.39 (Saving: 00:00.02)
04:06.788  render           | Rendering frame 606
04:06.788  render           | Executing sequencer
04:06.789  render           | Rendering frame 606
04:06.789  render           | Start rendering: KHATIB / Software launch, ViewLayer
04:06.790  render           | Engine: EEVEE
04:06.841  render           | Fra: 606 | Rendering 1 / 16 samples
04:06.870  render           | Fra: 606 | Rendering 16 / 16 samples
04:07.199  render           | Video append frame 606
04:07.199  render           | Time: 00:00.41 (Saving: 00:00.02)
04:07.199  render           | Rendering frame 607
04:07.200  render           | Executing sequencer
04:07.201  render           | Rendering frame 607
04:07.202  render           | Start rendering: KHATIB / Software launch, ViewLayer
04:07.202  render           | Engine: EEVEE
04:07.258  render           | Fra: 607 | Rendering 1 / 16 samples
04:07.284  render           | Fra: 607 | Rendering 16 / 16 samples
04:07.591  render           | Video append frame 607
04:07.591  render           | Time: 00:00.39 (Saving: 00:00.01)
04:07.591  render           | Rendering frame 608
04:07.591  render           | Executing sequencer
04:07.593  render           | Rendering frame 608
04:07.593  render           | Start rendering: KHATIB / Software launch, ViewLayer
04:07.593  render           | Engine: EEVEE
04:07.648  render           | Fra: 608 | Rendering 1 / 16 samples
04:07.677  render           | Fra: 608 | Rendering 16 / 16 samples
04:07.977  render           | Video append frame 608
04:07.977  render           | Time: 00:00.38 (Saving: 00:00.01)
04:07.977  render           | Rendering frame 609
04:07.978  render           | Executing sequencer
04:07.978  render           | Rendering frame 609
04:07.979  render           | Start rendering: KHATIB / Software launch, ViewLayer
04:07.979  render           | Engine: EEVEE
04:08.037  render           | Fra: 609 | Rendering 1 / 16 samples
04:08.062  render           | Fra: 609 | Rendering 16 / 16 samples
04:08.371  render           | Video append frame 609
04:08.371  render           | Time: 00:00.39 (Saving: 00:00.01)
04:08.371  render           | Rendering frame 610
04:08.372  render           | Executing sequencer
04:08.372  render           | Rendering frame 610
04:08.373  render           | Start rendering: KHATIB / Software launch, ViewLayer
04:08.373  render           | Engine: EEVEE
04:08.422  render           | Fra: 610 | Rendering 1 / 16 samples
04:08.447  render           | Fra: 610 | Rendering 16 / 16 samples
04:08.752  render           | Video append frame 610
04:08.753  render           | Time: 00:00.38 (Saving: 00:00.01)
04:08.753  render           | Rendering frame 611
04:08.753  render           | Executing sequencer
04:08.754  render           | Rendering frame 611
04:08.754  render           | Start rendering: KHATIB / Software launch, ViewLayer
04:08.755  render           | Engine: EEVEE
04:08.806  render           | Fra: 611 | Rendering 1 / 16 samples
04:08.833  render           | Fra: 611 | Rendering 16 / 16 samples
04:09.149  render           | Video append frame 611
04:09.150  render           | Time: 00:00.39 (Saving: 00:00.01)
04:09.150  render           | Rendering frame 612
04:09.150  render           | Executing sequencer
04:09.152  render           | Rendering frame 612
04:09.153  render           | Start rendering: KHATIB / Software launch, ViewLayer
04:09.153  render           | Engine: EEVEE
04:09.203  render           | Fra: 612 | Rendering 1 / 16 samples
04:09.227  render           | Fra: 612 | Rendering 16 / 16 samples
04:09.556  render           | Video append frame 612
04:09.556  render           | Time: 00:00.40 (Saving: 00:00.02)
04:09.556  render           | Rendering frame 613
04:09.556  render           | Executing sequencer
04:09.557  render           | Rendering frame 613
04:09.558  render           | Start rendering: KHATIB / Software launch, ViewLayer
04:09.558  render           | Engine: EEVEE
04:09.618  render           | Fra: 613 | Rendering 1 / 16 samples
04:09.643  render           | Fra: 613 | Rendering 16 / 16 samples
04:09.954  render           | Video append frame 613
04:09.955  render           | Time: 00:00.39 (Saving: 00:00.01)
04:09.955  render           | Rendering frame 614
04:09.955  render           | Executing sequencer
04:09.965  render           | Rendering frame 614
04:09.966  render           | Start rendering: KHATIB / Software launch, ViewLayer
04:09.966  render           | Engine: EEVEE
04:10.014  render           | Fra: 614 | Rendering 1 / 16 samples
04:10.038  render           | Fra: 614 | Rendering 16 / 16 samples
04:10.350  render           | Video append frame 614
04:10.350  render           | Time: 00:00.39 (Saving: 00:00.01)
04:10.350  render           | Rendering frame 615
04:10.350  render           | Executing sequencer
04:10.351  render           | Rendering frame 615
04:10.351  render           | Start rendering: KHATIB / Software launch, ViewLayer
04:10.351  render           | Engine: EEVEE
04:10.405  render           | Fra: 615 | Rendering 1 / 16 samples
04:10.432  render           | Fra: 615 | Rendering 16 / 16 samples
04:10.743  render           | Video append frame 615
04:10.743  render           | Time: 00:00.39 (Saving: 00:00.01)
04:10.743  render           | Rendering frame 616
04:10.743  render           | Executing sequencer
04:10.744  render           | Rendering frame 616
04:10.745  render           | Start rendering: KHATIB / Software launch, ViewLayer
04:10.746  render           | Engine: EEVEE
04:10.797  render           | Fra: 616 | Rendering 1 / 16 samples
04:10.823  render           | Fra: 616 | Rendering 16 / 16 samples
04:11.126  render           | Video append frame 616
04:11.126  render           | Time: 00:00.38 (Saving: 00:00.01)
04:11.126  render           | Rendering frame 617
04:11.127  render           | Executing sequencer
04:11.127  render           | Rendering frame 617
04:11.128  render           | Start rendering: KHATIB / Software launch, ViewLayer
04:11.128  render           | Engine: EEVEE
04:11.177  render           | Fra: 617 | Rendering 1 / 16 samples
04:11.201  render           | Fra: 617 | Rendering 16 / 16 samples
04:11.512  render           | Video append frame 617
04:11.512  render           | Time: 00:00.38 (Saving: 00:00.01)
04:11.512  render           | Rendering frame 618
04:11.513  render           | Executing sequencer
04:11.513  render           | Rendering frame 618
04:11.514  render           | Start rendering: KHATIB / Software launch, ViewLayer
04:11.514  render           | Engine: EEVEE
04:11.565  render           | Fra: 618 | Rendering 1 / 16 samples
04:11.590  render           | Fra: 618 | Rendering 16 / 16 samples
04:11.893  render           | Video append frame 618
04:11.893  render           | Time: 00:00.38 (Saving: 00:00.01)
04:11.893  render           | Rendering frame 619
04:11.894  render           | Executing sequencer
04:11.894  render           | Rendering frame 619
04:11.895  render           | Start rendering: KHATIB / Software launch, ViewLayer
04:11.895  render           | Engine: EEVEE
04:11.952  render           | Fra: 619 | Rendering 1 / 16 samples
04:11.979  render           | Fra: 619 | Rendering 16 / 16 samples
04:12.295  render           | Video append frame 619
04:12.295  render           | Time: 00:00.40 (Saving: 00:00.01)
04:12.295  render           | Rendering frame 620
04:12.296  render           | Executing sequencer
04:12.297  render           | Rendering frame 620
04:12.298  render           | Start rendering: KHATIB / Software launch, ViewLayer
04:12.298  render           | Engine: EEVEE
04:12.362  render           | Fra: 620 | Rendering 1 / 16 samples
04:12.387  render           | Fra: 620 | Rendering 16 / 16 samples
04:12.697  render           | Video append frame 620
04:12.697  render           | Time: 00:00.40 (Saving: 00:00.01)
04:12.697  render           | Rendering frame 621
04:12.698  render           | Executing sequencer
04:12.699  render           | Rendering frame 621
04:12.699  render           | Start rendering: KHATIB / Software launch, ViewLayer
04:12.699  render           | Engine: EEVEE
04:12.756  render           | Fra: 621 | Rendering 1 / 16 samples
04:12.782  render           | Fra: 621 | Rendering 16 / 16 samples
04:13.092  render           | Video append frame 621
04:13.092  render           | Time: 00:00.39 (Saving: 00:00.02)
04:13.092  render           | Rendering frame 622
04:13.093  render           | Executing sequencer
04:13.094  render           | Rendering frame 622
04:13.094  render           | Start rendering: KHATIB / Software launch, ViewLayer
04:13.094  render           | Engine: EEVEE
04:13.147  render           | Fra: 622 | Rendering 1 / 16 samples
04:13.173  render           | Fra: 622 | Rendering 16 / 16 samples
04:13.484  render           | Video append frame 622
04:13.484  render           | Time: 00:00.39 (Saving: 00:00.01)
04:13.484  render           | Rendering frame 623
04:13.484  render           | Executing sequencer
04:13.486  render           | Rendering frame 623
04:13.486  render           | Start rendering: KHATIB / Software launch, ViewLayer
04:13.486  render           | Engine: EEVEE
04:13.548  render           | Fra: 623 | Rendering 1 / 16 samples
04:13.575  render           | Fra: 623 | Rendering 16 / 16 samples
04:13.885  render           | Video append frame 623
04:13.885  render           | Time: 00:00.40 (Saving: 00:00.01)
04:13.885  render           | Rendering frame 624
04:13.885  render           | Executing sequencer
04:13.886  render           | Rendering frame 624
04:13.886  render           | Start rendering: KHATIB / Software launch, ViewLayer
04:13.886  render           | Engine: EEVEE
04:13.940  render           | Fra: 624 | Rendering 1 / 16 samples
04:13.965  render           | Fra: 624 | Rendering 16 / 16 samples
04:14.290  render           | Video append frame 624
04:14.290  render           | Time: 00:00.40 (Saving: 00:00.02)
04:14.290  render           | Rendering frame 625
04:14.290  render           | Executing sequencer
04:14.290  render           | Rendering frame 625
04:14.291  render           | Start rendering: KHATIB / Software launch, ViewLayer
04:14.291  render           | Engine: EEVEE
04:14.348  render           | Fra: 625 | Rendering 1 / 16 samples
04:14.371  render           | Fra: 625 | Rendering 16 / 16 samples
04:14.680  render           | Video append frame 625
04:14.680  render           | Time: 00:00.38 (Saving: 00:00.01)
04:14.680  render           | Rendering frame 626
04:14.680  render           | Executing sequencer
04:14.680  render           | Rendering frame 626
04:14.681  render           | Start rendering: KHATIB / Software launch, ViewLayer
04:14.681  render           | Engine: EEVEE
04:14.749  render           | Fra: 626 | Rendering 1 / 16 samples
04:14.775  render           | Fra: 626 | Rendering 16 / 16 samples
04:15.127  render           | Video append frame 626
04:15.127  render           | Time: 00:00.44 (Saving: 00:00.02)
04:15.127  render           | Rendering frame 627
04:15.127  render           | Executing sequencer
04:15.128  render           | Rendering frame 627
04:15.128  render           | Start rendering: KHATIB / Software launch, ViewLayer
04:15.128  render           | Engine: EEVEE
04:15.187  render           | Fra: 627 | Rendering 1 / 16 samples
04:15.215  render           | Fra: 627 | Rendering 16 / 16 samples
04:15.512  render           | Video append frame 627
04:15.513  render           | Time: 00:00.38 (Saving: 00:00.01)
04:15.513  render           | Rendering frame 628
04:15.513  render           | Executing sequencer
04:15.560  render           | Rendering frame 628
04:15.560  render           | Start rendering: KHATIB / Software launch, ViewLayer
04:15.560  render           | Engine: EEVEE
04:15.612  render           | Fra: 628 | Rendering 1 / 16 samples
04:15.635  render           | Fra: 628 | Rendering 16 / 16 samples
04:15.935  render           | Video append frame 628
04:15.936  render           | Time: 00:00.42 (Saving: 00:00.01)
04:15.936  render           | Rendering frame 629
04:15.936  render           | Executing sequencer
04:15.936  render           | Rendering frame 629
04:15.936  render           | Start rendering: KHATIB / Software launch, ViewLayer
04:15.936  render           | Engine: EEVEE
04:15.989  render           | Fra: 629 | Rendering 1 / 16 samples
04:16.016  render           | Fra: 629 | Rendering 16 / 16 samples
04:16.303  render           | Video append frame 629
04:16.303  render           | Time: 00:00.36 (Saving: 00:00.02)
04:16.303  render           | Rendering frame 630
04:16.304  render           | Executing sequencer
04:16.304  render           | Rendering frame 630
04:16.304  render           | Start rendering: KHATIB / Software launch, ViewLayer
04:16.304  render           | Engine: EEVEE
04:16.354  render           | Fra: 630 | Rendering 1 / 16 samples
04:16.381  render           | Fra: 630 | Rendering 16 / 16 samples
04:16.669  render           | Video append frame 630
04:16.669  render           | Time: 00:00.36 (Saving: 00:00.01)
04:16.669  render           | Rendering frame 631
04:16.670  render           | Executing sequencer
04:16.670  render           | Rendering frame 631
04:16.670  render           | Start rendering: KHATIB / Software launch, ViewLayer
04:16.670  render           | Engine: EEVEE
04:16.722  render           | Fra: 631 | Rendering 1 / 16 samples
04:16.750  render           | Fra: 631 | Rendering 16 / 16 samples
04:17.083  render           | Video append frame 631
04:17.083  render           | Time: 00:00.41 (Saving: 00:00.01)
04:17.083  render           | Rendering frame 632
04:17.084  render           | Executing sequencer
04:17.084  render           | Rendering frame 632
04:17.085  render           | Start rendering: KHATIB / Software launch, ViewLayer
04:17.085  render           | Engine: EEVEE
04:17.150  render           | Fra: 632 | Rendering 1 / 16 samples
04:17.176  render           | Fra: 632 | Rendering 16 / 16 samples
04:17.466  render           | Video append frame 632
04:17.466  render           | Time: 00:00.38 (Saving: 00:00.01)
04:17.466  render           | Rendering frame 633
04:17.466  render           | Executing sequencer
04:17.466  render           | Rendering frame 633
04:17.466  render           | Start rendering: KHATIB / Software launch, ViewLayer
04:17.466  render           | Engine: EEVEE
04:17.522  render           | Fra: 633 | Rendering 1 / 16 samples
04:17.549  render           | Fra: 633 | Rendering 16 / 16 samples
04:17.839  render           | Video append frame 633
04:17.839  render           | Time: 00:00.37 (Saving: 00:00.01)
04:17.839  render           | Rendering frame 634
04:17.840  render           | Executing sequencer
04:17.840  render           | Rendering frame 634
04:17.841  render           | Start rendering: KHATIB / Software launch, ViewLayer
04:17.841  render           | Engine: EEVEE
04:17.896  render           | Fra: 634 | Rendering 1 / 16 samples
04:17.921  render           | Fra: 634 | Rendering 16 / 16 samples
04:18.212  render           | Video append frame 634
04:18.212  render           | Time: 00:00.37 (Saving: 00:00.01)
04:18.212  render           | Rendering frame 635
04:18.212  render           | Executing sequencer
04:18.212  render           | Rendering frame 635
04:18.212  render           | Start rendering: KHATIB / Software launch, ViewLayer
04:18.212  render           | Engine: EEVEE
04:18.268  render           | Fra: 635 | Rendering 1 / 16 samples
04:18.295  render           | Fra: 635 | Rendering 16 / 16 samples
04:18.598  render           | Video append frame 635
04:18.598  render           | Time: 00:00.38 (Saving: 00:00.01)
04:18.598  render           | Rendering frame 636
04:18.599  render           | Executing sequencer
04:18.599  render           | Rendering frame 636
04:18.599  render           | Start rendering: KHATIB / Software launch, ViewLayer
04:18.599  render           | Engine: EEVEE
04:18.659  render           | Fra: 636 | Rendering 1 / 16 samples
04:18.686  render           | Fra: 636 | Rendering 16 / 16 samples
04:18.971  render           | Video append frame 636
04:18.971  render           | Time: 00:00.37 (Saving: 00:00.01)
04:18.971  render           | Rendering frame 637
04:18.971  render           | Executing sequencer
04:18.971  render           | Rendering frame 637
04:18.971  render           | Start rendering: KHATIB / Software launch, ViewLayer
04:18.971  render           | Engine: EEVEE
04:19.021  render           | Fra: 637 | Rendering 1 / 16 samples
04:19.047  render           | Fra: 637 | Rendering 16 / 16 samples
04:19.330  render           | Video append frame 637
04:19.330  render           | Time: 00:00.35 (Saving: 00:00.01)
04:19.330  render           | Rendering frame 638
04:19.330  render           | Executing sequencer
04:19.330  render           | Rendering frame 638
04:19.330  render           | Start rendering: KHATIB / Software launch, ViewLayer
04:19.330  render           | Engine: EEVEE
04:19.382  render           | Fra: 638 | Rendering 1 / 16 samples
04:19.405  render           | Fra: 638 | Rendering 16 / 16 samples
04:19.704  render           | Video append frame 638
04:19.704  render           | Time: 00:00.37 (Saving: 00:00.02)
04:19.704  render           | Rendering frame 639
04:19.705  render           | Executing sequencer
04:19.705  render           | Rendering frame 639
04:19.705  render           | Start rendering: KHATIB / Software launch, ViewLayer
04:19.705  render           | Engine: EEVEE
04:19.760  render           | Fra: 639 | Rendering 1 / 16 samples
04:19.785  render           | Fra: 639 | Rendering 16 / 16 samples
04:20.069  render           | Video append frame 639
04:20.069  render           | Time: 00:00.36 (Saving: 00:00.01)
04:20.069  render           | Rendering frame 640
04:20.069  render           | Executing sequencer
04:20.069  render           | Rendering frame 640
04:20.070  render           | Start rendering: KHATIB / Software launch, ViewLayer
04:20.070  render           | Engine: EEVEE
04:20.118  render           | Fra: 640 | Rendering 1 / 16 samples
04:20.145  render           | Fra: 640 | Rendering 16 / 16 samples
04:20.436  render           | Video append frame 640
04:20.436  render           | Time: 00:00.36 (Saving: 00:00.01)
04:20.436  render           | Rendering frame 641
04:20.436  render           | Executing sequencer
04:20.436  render           | Rendering frame 641
04:20.436  render           | Start rendering: KHATIB / Software launch, ViewLayer
04:20.436  render           | Engine: EEVEE
04:20.485  render           | Fra: 641 | Rendering 1 / 16 samples
04:20.508  render           | Fra: 641 | Rendering 16 / 16 samples
04:20.819  render           | Video append frame 641
04:20.819  render           | Time: 00:00.38 (Saving: 00:00.01)
04:20.819  render           | Rendering frame 642
04:20.820  render           | Executing sequencer
04:20.820  render           | Rendering frame 642
04:20.820  render           | Start rendering: KHATIB / Software launch, ViewLayer
04:20.820  render           | Engine: EEVEE
04:20.870  render           | Fra: 642 | Rendering 1 / 16 samples
04:20.893  render           | Fra: 642 | Rendering 16 / 16 samples
04:21.197  render           | Video append frame 642
04:21.197  render           | Time: 00:00.37 (Saving: 00:00.01)
04:21.197  render           | Rendering frame 643
04:21.197  render           | Executing sequencer
04:21.197  render           | Rendering frame 643
04:21.198  render           | Start rendering: KHATIB / Software launch, ViewLayer
04:21.198  render           | Engine: EEVEE
04:21.247  render           | Fra: 643 | Rendering 1 / 16 samples
04:21.274  render           | Fra: 643 | Rendering 16 / 16 samples
04:21.558  render           | Video append frame 643
04:21.558  render           | Time: 00:00.36 (Saving: 00:00.01)
04:21.558  render           | Rendering frame 644
04:21.558  render           | Executing sequencer
04:21.558  render           | Rendering frame 644
04:21.559  render           | Start rendering: KHATIB / Software launch, ViewLayer
04:21.559  render           | Engine: EEVEE
04:21.610  render           | Fra: 644 | Rendering 1 / 16 samples
04:21.636  render           | Fra: 644 | Rendering 16 / 16 samples
04:21.969  render           | Video append frame 644
04:21.969  render           | Time: 00:00.41 (Saving: 00:00.03)
04:21.969  render           | Rendering frame 645
04:21.969  render           | Executing sequencer
04:21.974  render           | Rendering frame 645
04:21.974  render           | Start rendering: KHATIB / Software launch, ViewLayer
04:21.974  render           | Engine: EEVEE
04:22.048  render           | Fra: 645 | Rendering 1 / 16 samples
04:22.073  render           | Fra: 645 | Rendering 16 / 16 samples
04:22.370  render           | Video append frame 645
04:22.370  render           | Time: 00:00.40 (Saving: 00:00.01)
04:22.370  render           | Rendering frame 646
04:22.370  render           | Executing sequencer
04:22.374  render           | Rendering frame 646
04:22.375  render           | Start rendering: KHATIB / Software launch, ViewLayer
04:22.375  render           | Engine: EEVEE
04:22.426  render           | Fra: 646 | Rendering 1 / 16 samples
04:22.454  render           | Fra: 646 | Rendering 16 / 16 samples
04:22.818  render           | Video append frame 646
04:22.818  render           | Time: 00:00.44 (Saving: 00:00.01)
04:22.818  render           | Rendering frame 647
04:22.819  render           | Executing sequencer
04:22.823  render           | Rendering frame 647
04:22.824  render           | Start rendering: KHATIB / Software launch, ViewLayer
04:22.824  render           | Engine: EEVEE
04:22.881  render           | Fra: 647 | Rendering 1 / 16 samples
04:22.906  render           | Fra: 647 | Rendering 16 / 16 samples
04:23.212  render           | Video append frame 647
04:23.212  render           | Time: 00:00.39 (Saving: 00:00.01)
04:23.212  render           | Rendering frame 648
04:23.212  render           | Executing sequencer
04:23.212  render           | Rendering frame 648
04:23.212  render           | Start rendering: KHATIB / Software launch, ViewLayer
04:23.212  render           | Engine: EEVEE
04:23.266  render           | Fra: 648 | Rendering 1 / 16 samples
04:23.291  render           | Fra: 648 | Rendering 16 / 16 samples
04:23.609  render           | Video append frame 648
04:23.609  render           | Time: 00:00.39 (Saving: 00:00.02)
04:23.609  render           | Rendering frame 649
04:23.609  render           | Executing sequencer
04:23.610  render           | Rendering frame 649
04:23.610  render           | Start rendering: KHATIB / Software launch, ViewLayer
04:23.610  render           | Engine: EEVEE
04:23.671  render           | Fra: 649 | Rendering 1 / 16 samples
04:23.697  render           | Fra: 649 | Rendering 16 / 16 samples
04:24.010  render           | Video append frame 649
04:24.010  render           | Time: 00:00.40 (Saving: 00:00.01)
04:24.010  render           | Rendering frame 650
04:24.010  render           | Executing sequencer
04:24.010  render           | Rendering frame 650
04:24.010  render           | Start rendering: KHATIB / Software launch, ViewLayer
04:24.010  render           | Engine: EEVEE
04:24.070  render           | Fra: 650 | Rendering 1 / 16 samples
04:24.094  render           | Fra: 650 | Rendering 16 / 16 samples
04:24.395  render           | Video append frame 650
04:24.395  render           | Time: 00:00.38 (Saving: 00:00.01)
04:24.395  render           | Rendering frame 651
04:24.395  render           | Executing sequencer
04:24.400  render           | Rendering frame 651
04:24.401  render           | Start rendering: KHATIB / Software launch, ViewLayer
04:24.401  render           | Engine: EEVEE
04:24.457  render           | Fra: 651 | Rendering 1 / 16 samples
04:24.482  render           | Fra: 651 | Rendering 16 / 16 samples
04:24.776  render           | Video append frame 651
04:24.776  render           | Time: 00:00.38 (Saving: 00:00.01)
04:24.776  render           | Rendering frame 652
04:24.776  render           | Executing sequencer
04:24.781  render           | Rendering frame 652
04:24.782  render           | Start rendering: KHATIB / Software launch, ViewLayer
04:24.782  render           | Engine: EEVEE
04:24.833  render           | Fra: 652 | Rendering 1 / 16 samples
04:24.858  render           | Fra: 652 | Rendering 16 / 16 samples
04:25.156  render           | Video append frame 652
04:25.156  render           | Time: 00:00.37 (Saving: 00:00.01)
04:25.156  render           | Rendering frame 653
04:25.156  render           | Executing sequencer
04:25.162  render           | Rendering frame 653
04:25.162  render           | Start rendering: KHATIB / Software launch, ViewLayer
04:25.162  render           | Engine: EEVEE
04:25.231  render           | Fra: 653 | Rendering 1 / 16 samples
04:25.259  render           | Fra: 653 | Rendering 16 / 16 samples
04:25.551  render           | Video append frame 653
04:25.552  render           | Time: 00:00.39 (Saving: 00:00.01)
04:25.552  render           | Rendering frame 654
04:25.553  render           | Executing sequencer
04:25.555  render           | Rendering frame 654
04:25.555  render           | Start rendering: KHATIB / Software launch, ViewLayer
04:25.555  render           | Engine: EEVEE
04:25.612  render           | Fra: 654 | Rendering 1 / 16 samples
04:25.637  render           | Fra: 654 | Rendering 16 / 16 samples
04:25.935  render           | Video append frame 654
04:25.935  render           | Time: 00:00.38 (Saving: 00:00.02)
04:25.935  render           | Rendering frame 655
04:25.936  render           | Executing sequencer
04:25.937  render           | Rendering frame 655
04:25.939  render           | Start rendering: KHATIB / Software launch, ViewLayer
04:25.939  render           | Engine: EEVEE
04:26.002  render           | Fra: 655 | Rendering 1 / 16 samples
04:26.027  render           | Fra: 655 | Rendering 16 / 16 samples
04:26.409  render           | Video append frame 655
04:26.410  render           | Time: 00:00.47 (Saving: 00:00.04)
04:26.410  render           | Rendering frame 656
04:26.410  render           | Executing sequencer
04:26.412  render           | Rendering frame 656
04:26.412  render           | Start rendering: KHATIB / Software launch, ViewLayer
04:26.413  render           | Engine: EEVEE
04:26.505  render           | Fra: 656 | Rendering 1 / 16 samples
04:26.533  render           | Fra: 656 | Rendering 16 / 16 samples
04:26.867  render           | Video append frame 656
04:26.867  render           | Time: 00:00.45 (Saving: 00:00.02)
04:26.867  render           | Rendering frame 657
04:26.868  render           | Executing sequencer
04:26.869  render           | Rendering frame 657
04:26.870  render           | Start rendering: KHATIB / Software launch, ViewLayer
04:26.870  render           | Engine: EEVEE
04:26.944  render           | Fra: 657 | Rendering 1 / 16 samples
04:26.973  render           | Fra: 657 | Rendering 16 / 16 samples
04:27.330  render           | Video append frame 657
04:27.330  render           | Time: 00:00.46 (Saving: 00:00.02)
04:27.330  render           | Rendering frame 658
04:27.330  render           | Executing sequencer
04:27.331  render           | Rendering frame 658
04:27.331  render           | Start rendering: KHATIB / Software launch, ViewLayer
04:27.331  render           | Engine: EEVEE
04:27.393  render           | Fra: 658 | Rendering 1 / 16 samples
04:27.419  render           | Fra: 658 | Rendering 16 / 16 samples
04:27.907  render           | Video append frame 658
04:27.907  render           | Time: 00:00.57 (Saving: 00:00.13)
04:27.907  render           | Rendering frame 659
04:27.908  render           | Executing sequencer
04:27.909  render           | Rendering frame 659
04:27.909  render           | Start rendering: KHATIB / Software launch, ViewLayer
04:27.909  render           | Engine: EEVEE
04:27.996  render           | Fra: 659 | Rendering 1 / 16 samples
04:28.023  render           | Fra: 659 | Rendering 16 / 16 samples
04:28.561  render           | Video append frame 659
04:28.561  render           | Time: 00:00.65 (Saving: 00:00.03)
04:28.561  render           | Rendering frame 660
04:28.562  render           | Executing sequencer
04:28.563  render           | Rendering frame 660
04:28.563  render           | Start rendering: KHATIB / Software launch, ViewLayer
04:28.563  render           | Engine: EEVEE
04:28.640  render           | Fra: 660 | Rendering 1 / 16 samples
04:28.668  render           | Fra: 660 | Rendering 16 / 16 samples
04:29.082  render           | Video append frame 660
04:29.082  render           | Time: 00:00.52 (Saving: 00:00.04)
04:29.082  render           | Rendering frame 661
04:29.083  render           | Executing sequencer
04:29.084  render           | Rendering frame 661
04:29.084  render           | Start rendering: KHATIB / Software launch, ViewLayer
04:29.084  render           | Engine: EEVEE
04:29.157  render           | Fra: 661 | Rendering 1 / 16 samples
04:29.184  render           | Fra: 661 | Rendering 16 / 16 samples
04:29.821  render           | Video append frame 661
04:29.821  render           | Time: 00:00.73 (Saving: 00:00.03)
04:29.821  render           | Rendering frame 662
04:29.822  render           | Executing sequencer
04:29.824  render           | Rendering frame 662
04:29.824  render           | Start rendering: KHATIB / Software launch, ViewLayer
04:29.824  render           | Engine: EEVEE
04:29.932  render           | Fra: 662 | Rendering 1 / 16 samples
04:29.959  render           | Fra: 662 | Rendering 16 / 16 samples
04:30.422  render           | Video append frame 662
04:30.422  render           | Time: 00:00.59 (Saving: 00:00.03)
04:30.422  render           | Rendering frame 663
04:30.423  render           | Executing sequencer
04:30.424  render           | Rendering frame 663
04:30.425  render           | Start rendering: KHATIB / Software launch, ViewLayer
04:30.425  render           | Engine: EEVEE
04:30.504  render           | Fra: 663 | Rendering 1 / 16 samples
04:30.533  render           | Fra: 663 | Rendering 16 / 16 samples
04:30.869  render           | Video append frame 663
04:30.869  render           | Time: 00:00.44 (Saving: 00:00.01)
04:30.869  render           | Rendering frame 664
04:30.869  render           | Executing sequencer
04:30.871  render           | Rendering frame 664
04:30.871  render           | Start rendering: KHATIB / Software launch, ViewLayer
04:30.871  render           | Engine: EEVEE
04:30.942  render           | Fra: 664 | Rendering 1 / 16 samples
04:30.969  render           | Fra: 664 | Rendering 16 / 16 samples
04:31.285  render           | Video append frame 664
04:31.285  render           | Time: 00:00.41 (Saving: 00:00.02)
04:31.285  render           | Rendering frame 665
04:31.285  render           | Executing sequencer
04:31.286  render           | Rendering frame 665
04:31.286  render           | Start rendering: KHATIB / Software launch, ViewLayer
04:31.286  render           | Engine: EEVEE
04:31.354  render           | Fra: 665 | Rendering 1 / 16 samples
04:31.384  render           | Fra: 665 | Rendering 16 / 16 samples
04:31.684  render           | Video append frame 665
04:31.684  render           | Time: 00:00.39 (Saving: 00:00.01)
04:31.684  render           | Rendering frame 666
04:31.684  render           | Executing sequencer
04:31.692  render           | Rendering frame 666
04:31.692  render           | Start rendering: KHATIB / Software launch, ViewLayer
04:31.692  render           | Engine: EEVEE
04:31.760  render           | Fra: 666 | Rendering 1 / 16 samples
04:31.785  render           | Fra: 666 | Rendering 16 / 16 samples
04:32.098  render           | Video append frame 666
04:32.098  render           | Time: 00:00.41 (Saving: 00:00.01)
04:32.098  render           | Rendering frame 667
04:32.098  render           | Executing sequencer
04:32.106  render           | Rendering frame 667
04:32.106  render           | Start rendering: KHATIB / Software launch, ViewLayer
04:32.106  render           | Engine: EEVEE
04:32.164  render           | Fra: 667 | Rendering 1 / 16 samples
04:32.193  render           | Fra: 667 | Rendering 16 / 16 samples
04:32.590  render           | Video append frame 667
04:32.590  render           | Time: 00:00.49 (Saving: 00:00.01)
04:32.591  render           | Rendering frame 668
04:32.591  render           | Executing sequencer
04:32.597  render           | Rendering frame 668
04:32.597  render           | Start rendering: KHATIB / Software launch, ViewLayer
04:32.597  render           | Engine: EEVEE
04:32.654  render           | Fra: 668 | Rendering 1 / 16 samples
04:32.680  render           | Fra: 668 | Rendering 16 / 16 samples
04:33.039  render           | Video append frame 668
04:33.039  render           | Time: 00:00.44 (Saving: 00:00.01)
04:33.039  render           | Rendering frame 669
04:33.040  render           | Executing sequencer
04:33.041  render           | Rendering frame 669
04:33.041  render           | Start rendering: KHATIB / Software launch, ViewLayer
04:33.041  render           | Engine: EEVEE
04:33.102  render           | Fra: 669 | Rendering 1 / 16 samples
04:33.127  render           | Fra: 669 | Rendering 16 / 16 samples
04:33.440  render           | Video append frame 669
04:33.440  render           | Time: 00:00.40 (Saving: 00:00.01)
04:33.440  render           | Rendering frame 670
04:33.440  render           | Executing sequencer
04:33.441  render           | Rendering frame 670
04:33.442  render           | Start rendering: KHATIB / Software launch, ViewLayer
04:33.442  render           | Engine: EEVEE
04:33.499  render           | Fra: 670 | Rendering 1 / 16 samples
04:33.525  render           | Fra: 670 | Rendering 16 / 16 samples
04:33.825  render           | Video append frame 670
04:33.825  render           | Time: 00:00.38 (Saving: 00:00.01)
04:33.825  render           | Rendering frame 671
04:33.825  render           | Executing sequencer
04:33.827  render           | Rendering frame 671
04:33.827  render           | Start rendering: KHATIB / Software launch, ViewLayer
04:33.827  render           | Engine: EEVEE
04:33.883  render           | Fra: 671 | Rendering 1 / 16 samples
04:33.911  render           | Fra: 671 | Rendering 16 / 16 samples
04:34.303  render           | Video append frame 671
04:34.303  render           | Time: 00:00.47 (Saving: 00:00.02)
04:34.303  render           | Rendering frame 672
04:34.304  render           | Executing sequencer
04:34.305  render           | Rendering frame 672
04:34.305  render           | Start rendering: KHATIB / Software launch, ViewLayer
04:34.305  render           | Engine: EEVEE
04:34.364  render           | Fra: 672 | Rendering 1 / 16 samples
04:34.389  render           | Fra: 672 | Rendering 16 / 16 samples
04:34.725  render           | Video append frame 672
04:34.725  render           | Time: 00:00.42 (Saving: 00:00.01)
04:34.725  render           | Rendering frame 673
04:34.727  render           | Executing sequencer
04:34.731  render           | Rendering frame 673
04:34.731  render           | Start rendering: KHATIB / Software launch, ViewLayer
04:34.731  render           | Engine: EEVEE
04:34.792  render           | Fra: 673 | Rendering 1 / 16 samples
04:34.820  render           | Fra: 673 | Rendering 16 / 16 samples
04:35.157  render           | Video append frame 673
04:35.158  render           | Time: 00:00.43 (Saving: 00:00.01)
04:35.158  render           | Rendering frame 674
04:35.158  render           | Executing sequencer
04:35.160  render           | Rendering frame 674
04:35.161  render           | Start rendering: KHATIB / Software launch, ViewLayer
04:35.161  render           | Engine: EEVEE
04:35.218  render           | Fra: 674 | Rendering 1 / 16 samples
04:35.242  render           | Fra: 674 | Rendering 16 / 16 samples
04:35.564  render           | Video append frame 674
04:35.564  render           | Time: 00:00.40 (Saving: 00:00.01)
04:35.565  render           | Rendering frame 675
04:35.565  render           | Executing sequencer
04:35.566  render           | Rendering frame 675
04:35.567  render           | Start rendering: KHATIB / Software launch, ViewLayer
04:35.567  render           | Engine: EEVEE
04:35.623  render           | Fra: 675 | Rendering 1 / 16 samples
04:35.648  render           | Fra: 675 | Rendering 16 / 16 samples
04:35.986  render           | Video append frame 675
04:35.986  render           | Time: 00:00.42 (Saving: 00:00.02)
04:35.986  render           | Rendering frame 676
04:35.986  render           | Executing sequencer
04:35.987  render           | Rendering frame 676
04:35.988  render           | Start rendering: KHATIB / Software launch, ViewLayer
04:35.988  render           | Engine: EEVEE
04:36.047  render           | Fra: 676 | Rendering 1 / 16 samples
04:36.075  render           | Fra: 676 | Rendering 16 / 16 samples
04:36.412  render           | Video append frame 676
04:36.412  render           | Time: 00:00.42 (Saving: 00:00.02)
04:36.412  render           | Rendering frame 677
04:36.413  render           | Executing sequencer
04:36.414  render           | Rendering frame 677
04:36.414  render           | Start rendering: KHATIB / Software launch, ViewLayer
04:36.414  render           | Engine: EEVEE
04:36.475  render           | Fra: 677 | Rendering 1 / 16 samples
04:36.503  render           | Fra: 677 | Rendering 16 / 16 samples
04:36.851  render           | Video append frame 677
04:36.851  render           | Time: 00:00.43 (Saving: 00:00.03)
04:36.851  render           | Rendering frame 678
04:36.851  render           | Executing sequencer
04:36.853  render           | Rendering frame 678
04:36.854  render           | Start rendering: KHATIB / Software launch, ViewLayer
04:36.854  render           | Engine: EEVEE
04:36.914  render           | Fra: 678 | Rendering 1 / 16 samples
04:36.939  render           | Fra: 678 | Rendering 16 / 16 samples
04:37.275  render           | Video append frame 678
04:37.275  render           | Time: 00:00.42 (Saving: 00:00.02)
04:37.275  render           | Rendering frame 679
04:37.276  render           | Executing sequencer
04:37.277  render           | Rendering frame 679
04:37.277  render           | Start rendering: KHATIB / Software launch, ViewLayer
04:37.277  render           | Engine: EEVEE
04:37.338  render           | Fra: 679 | Rendering 1 / 16 samples
04:37.365  render           | Fra: 679 | Rendering 16 / 16 samples
04:37.680  render           | Video append frame 679
04:37.680  render           | Time: 00:00.40 (Saving: 00:00.01)
04:37.680  render           | Rendering frame 680
04:37.680  render           | Executing sequencer
04:37.681  render           | Rendering frame 680
04:37.681  render           | Start rendering: KHATIB / Software launch, ViewLayer
04:37.681  render           | Engine: EEVEE
04:37.737  render           | Fra: 680 | Rendering 1 / 16 samples
04:37.764  render           | Fra: 680 | Rendering 16 / 16 samples
04:38.094  render           | Video append frame 680
04:38.094  render           | Time: 00:00.41 (Saving: 00:00.01)
04:38.094  render           | Rendering frame 681
04:38.095  render           | Executing sequencer
04:38.174  render           | Rendering frame 681
04:38.174  render           | Start rendering: KHATIB / Software launch, ViewLayer
04:38.174  render           | Engine: EEVEE
04:38.228  render           | Fra: 681 | Rendering 1 / 16 samples
04:38.255  render           | Fra: 681 | Rendering 16 / 16 samples
04:38.727  render           | Video append frame 681
04:38.727  render           | Time: 00:00.63 (Saving: 00:00.13)
04:38.727  render           | Rendering frame 682
04:38.727  render           | Executing sequencer
04:38.729  render           | Rendering frame 682
04:38.729  render           | Start rendering: KHATIB / Software launch, ViewLayer
04:38.729  render           | Engine: EEVEE
04:38.874  render           | Fra: 682 | Rendering 1 / 16 samples
04:38.903  render           | Fra: 682 | Rendering 16 / 16 samples
04:39.540  render           | Video append frame 682
04:39.540  render           | Time: 00:00.81 (Saving: 00:00.08)
04:39.540  render           | Rendering frame 683
04:39.541  render           | Executing sequencer
04:39.544  render           | Rendering frame 683
04:39.544  render           | Start rendering: KHATIB / Software launch, ViewLayer
04:39.544  render           | Engine: EEVEE
04:39.700  render           | Fra: 683 | Rendering 1 / 16 samples
04:39.729  render           | Fra: 683 | Rendering 16 / 16 samples
04:40.220  render           | Video append frame 683
04:40.220  render           | Time: 00:00.67 (Saving: 00:00.02)
04:40.220  render           | Rendering frame 684
04:40.221  render           | Executing sequencer
04:40.223  render           | Rendering frame 684
04:40.224  render           | Start rendering: KHATIB / Software launch, ViewLayer
04:40.224  render           | Engine: EEVEE
04:40.288  render           | Fra: 684 | Rendering 1 / 16 samples
04:40.312  render           | Fra: 684 | Rendering 16 / 16 samples
04:40.613  render           | Video append frame 684
04:40.613  render           | Time: 00:00.39 (Saving: 00:00.01)
04:40.613  render           | Rendering frame 685
04:40.614  render           | Executing sequencer
04:40.615  render           | Rendering frame 685
04:40.616  render           | Start rendering: KHATIB / Software launch, ViewLayer
04:40.616  render           | Engine: EEVEE
04:40.669  render           | Fra: 685 | Rendering 1 / 16 samples
04:40.693  render           | Fra: 685 | Rendering 16 / 16 samples
04:40.992  render           | Video append frame 685
04:40.992  render           | Time: 00:00.37 (Saving: 00:00.01)
04:40.992  render           | Rendering frame 686
04:40.992  render           | Executing sequencer
04:40.993  render           | Rendering frame 686
04:40.993  render           | Start rendering: KHATIB / Software launch, ViewLayer
04:40.994  render           | Engine: EEVEE
04:41.047  render           | Fra: 686 | Rendering 1 / 16 samples
04:41.072  render           | Fra: 686 | Rendering 16 / 16 samples
04:41.364  render           | Video append frame 686
04:41.364  render           | Time: 00:00.37 (Saving: 00:00.01)
04:41.364  render           | Rendering frame 687
04:41.364  render           | Executing sequencer
04:41.366  render           | Rendering frame 687
04:41.366  render           | Start rendering: KHATIB / Software launch, ViewLayer
04:41.366  render           | Engine: EEVEE
04:41.426  render           | Fra: 687 | Rendering 1 / 16 samples
04:41.451  render           | Fra: 687 | Rendering 16 / 16 samples
04:41.737  render           | Video append frame 687
04:41.737  render           | Time: 00:00.37 (Saving: 00:00.01)
04:41.737  render           | Rendering frame 688
04:41.738  render           | Executing sequencer
04:41.738  render           | Rendering frame 688
04:41.739  render           | Start rendering: KHATIB / Software launch, ViewLayer
04:41.739  render           | Engine: EEVEE
04:41.786  render           | Fra: 688 | Rendering 1 / 16 samples
04:41.810  render           | Fra: 688 | Rendering 16 / 16 samples
04:42.088  render           | Video append frame 688
04:42.088  render           | Time: 00:00.35 (Saving: 00:00.01)
04:42.088  render           | Rendering frame 689
04:42.088  render           | Executing sequencer
04:42.090  render           | Rendering frame 689
04:42.090  render           | Start rendering: KHATIB / Software launch, ViewLayer
04:42.090  render           | Engine: EEVEE
04:42.141  render           | Fra: 689 | Rendering 1 / 16 samples
04:42.166  render           | Fra: 689 | Rendering 16 / 16 samples
04:42.442  render           | Video append frame 689
04:42.442  render           | Time: 00:00.35 (Saving: 00:00.01)
04:42.442  render           | Rendering frame 690
04:42.442  render           | Executing sequencer
04:42.443  render           | Rendering frame 690
04:42.443  render           | Start rendering: KHATIB / Software launch, ViewLayer
04:42.443  render           | Engine: EEVEE
04:42.492  render           | Fra: 690 | Rendering 1 / 16 samples
04:42.516  render           | Fra: 690 | Rendering 16 / 16 samples
04:42.794  render           | Video append frame 690
04:42.794  render           | Time: 00:00.35 (Saving: 00:00.01)
04:42.794  render           | Rendering frame 691
04:42.795  render           | Executing sequencer
04:42.796  render           | Rendering frame 691
04:42.797  render           | Start rendering: KHATIB / Software launch, ViewLayer
04:42.797  render           | Engine: EEVEE
04:42.846  render           | Fra: 691 | Rendering 1 / 16 samples
04:42.870  render           | Fra: 691 | Rendering 16 / 16 samples
04:43.147  render           | Video append frame 691
04:43.147  render           | Time: 00:00.35 (Saving: 00:00.01)
04:43.147  render           | Rendering frame 692
04:43.147  render           | Executing sequencer
04:43.148  render           | Rendering frame 692
04:43.149  render           | Start rendering: KHATIB / Software launch, ViewLayer
04:43.149  render           | Engine: EEVEE
04:43.202  render           | Fra: 692 | Rendering 1 / 16 samples
04:43.227  render           | Fra: 692 | Rendering 16 / 16 samples
04:43.503  render           | Video append frame 692
04:43.504  render           | Time: 00:00.35 (Saving: 00:00.01)
04:43.504  render           | Rendering frame 693
04:43.504  render           | Executing sequencer
04:43.505  render           | Rendering frame 693
04:43.505  render           | Start rendering: KHATIB / Software launch, ViewLayer
04:43.506  render           | Engine: EEVEE
04:43.555  render           | Fra: 693 | Rendering 1 / 16 samples
04:43.579  render           | Fra: 693 | Rendering 16 / 16 samples
04:43.862  render           | Video append frame 693
04:43.862  render           | Time: 00:00.35 (Saving: 00:00.01)
04:43.862  render           | Rendering frame 694
04:43.862  render           | Executing sequencer
04:43.864  render           | Rendering frame 694
04:43.864  render           | Start rendering: KHATIB / Software launch, ViewLayer
04:43.864  render           | Engine: EEVEE
04:43.919  render           | Fra: 694 | Rendering 1 / 16 samples
04:43.943  render           | Fra: 694 | Rendering 16 / 16 samples
04:44.221  render           | Video append frame 694
04:44.221  render           | Time: 00:00.35 (Saving: 00:00.01)
04:44.221  render           | Rendering frame 695
04:44.221  render           | Executing sequencer
04:44.222  render           | Rendering frame 695
04:44.222  render           | Start rendering: KHATIB / Software launch, ViewLayer
04:44.222  render           | Engine: EEVEE
04:44.271  render           | Fra: 695 | Rendering 1 / 16 samples
04:44.296  render           | Fra: 695 | Rendering 16 / 16 samples
04:44.611  render           | Video append frame 695
04:44.611  render           | Time: 00:00.38 (Saving: 00:00.01)
04:44.611  render           | Rendering frame 696
04:44.612  render           | Executing sequencer
04:44.613  render           | Rendering frame 696
04:44.614  render           | Start rendering: KHATIB / Software launch, ViewLayer
04:44.614  render           | Engine: EEVEE
04:44.664  render           | Fra: 696 | Rendering 1 / 16 samples
04:44.688  render           | Fra: 696 | Rendering 16 / 16 samples
04:44.977  render           | Video append frame 696
04:44.977  render           | Time: 00:00.36 (Saving: 00:00.01)
04:44.977  render           | Rendering frame 697
04:44.977  render           | Executing sequencer
04:44.979  render           | Rendering frame 697
04:44.979  render           | Start rendering: KHATIB / Software launch, ViewLayer
04:44.979  render           | Engine: EEVEE
04:45.037  render           | Fra: 697 | Rendering 1 / 16 samples
04:45.061  render           | Fra: 697 | Rendering 16 / 16 samples
04:45.382  render           | Video append frame 697
04:45.382  render           | Time: 00:00.40 (Saving: 00:00.01)
04:45.382  render           | Rendering frame 698
04:45.382  render           | Executing sequencer
04:45.384  render           | Rendering frame 698
04:45.384  render           | Start rendering: KHATIB / Software launch, ViewLayer
04:45.384  render           | Engine: EEVEE
04:45.438  render           | Fra: 698 | Rendering 1 / 16 samples
04:45.463  render           | Fra: 698 | Rendering 16 / 16 samples
04:45.757  render           | Video append frame 698
04:45.757  render           | Time: 00:00.37 (Saving: 00:00.01)
04:45.757  render           | Rendering frame 699
04:45.757  render           | Executing sequencer
04:45.758  render           | Rendering frame 699
04:45.759  render           | Start rendering: KHATIB / Software launch, ViewLayer
04:45.759  render           | Engine: EEVEE
04:45.808  render           | Fra: 699 | Rendering 1 / 16 samples
04:45.832  render           | Fra: 699 | Rendering 16 / 16 samples
04:46.116  render           | Video append frame 699
04:46.116  render           | Time: 00:00.35 (Saving: 00:00.01)
04:46.116  render           | Rendering frame 700
04:46.117  render           | Executing sequencer
04:46.118  render           | Rendering frame 700
04:46.118  render           | Start rendering: KHATIB / Software launch, ViewLayer
04:46.118  render           | Engine: EEVEE
04:46.171  render           | Fra: 700 | Rendering 1 / 16 samples
04:46.196  render           | Fra: 700 | Rendering 16 / 16 samples
04:46.475  render           | Video append frame 700
04:46.475  render           | Time: 00:00.35 (Saving: 00:00.01)
04:46.475  render           | Rendering frame 701
04:46.476  render           | Executing sequencer
04:46.477  render           | Rendering frame 701
04:46.477  render           | Start rendering: KHATIB / Software launch, ViewLayer
04:46.477  render           | Engine: EEVEE
04:46.527  render           | Fra: 701 | Rendering 1 / 16 samples
04:46.550  render           | Fra: 701 | Rendering 16 / 16 samples
04:46.836  render           | Video append frame 701
04:46.836  render           | Time: 00:00.36 (Saving: 00:00.01)
04:46.836  render           | Rendering frame 702
04:46.837  render           | Executing sequencer
04:46.838  render           | Rendering frame 702
04:46.838  render           | Start rendering: KHATIB / Software launch, ViewLayer
04:46.838  render           | Engine: EEVEE
04:46.890  render           | Fra: 702 | Rendering 1 / 16 samples
04:46.916  render           | Fra: 702 | Rendering 16 / 16 samples
04:47.244  render           | Video append frame 702
04:47.245  render           | Time: 00:00.40 (Saving: 00:00.01)
04:47.245  render           | Rendering frame 703
04:47.245  render           | Executing sequencer
04:47.247  render           | Rendering frame 703
04:47.247  render           | Start rendering: KHATIB / Software launch, ViewLayer
04:47.247  render           | Engine: EEVEE
04:47.298  render           | Fra: 703 | Rendering 1 / 16 samples
04:47.323  render           | Fra: 703 | Rendering 16 / 16 samples
04:47.597  render           | Video append frame 703
04:47.597  render           | Time: 00:00.35 (Saving: 00:00.01)
04:47.597  render           | Rendering frame 704
04:47.598  render           | Executing sequencer
04:47.598  render           | Rendering frame 704
04:47.599  render           | Start rendering: KHATIB / Software launch, ViewLayer
04:47.599  render           | Engine: EEVEE
04:47.647  render           | Fra: 704 | Rendering 1 / 16 samples
04:47.670  render           | Fra: 704 | Rendering 16 / 16 samples
04:47.941  render           | Video append frame 704
04:47.941  render           | Time: 00:00.34 (Saving: 00:00.01)
04:47.941  render           | Rendering frame 705
04:47.942  render           | Executing sequencer
04:47.943  render           | Rendering frame 705
04:47.943  render           | Start rendering: KHATIB / Software launch, ViewLayer
04:47.943  render           | Engine: EEVEE
04:47.990  render           | Fra: 705 | Rendering 1 / 16 samples
04:48.013  render           | Fra: 705 | Rendering 16 / 16 samples
04:48.287  render           | Video append frame 705
04:48.287  render           | Time: 00:00.34 (Saving: 00:00.01)
04:48.287  render           | Rendering frame 706
04:48.287  render           | Executing sequencer
04:48.289  render           | Rendering frame 706
04:48.289  render           | Start rendering: KHATIB / Software launch, ViewLayer
04:48.289  render           | Engine: EEVEE
04:48.337  render           | Fra: 706 | Rendering 1 / 16 samples
04:48.361  render           | Fra: 706 | Rendering 16 / 16 samples
04:48.695  render           | Video append frame 706
04:48.695  render           | Time: 00:00.40 (Saving: 00:00.02)
04:48.695  render           | Rendering frame 707
04:48.696  render           | Executing sequencer
04:48.698  render           | Rendering frame 707
04:48.698  render           | Start rendering: KHATIB / Software launch, ViewLayer
04:48.698  render           | Engine: EEVEE
04:48.770  render           | Fra: 707 | Rendering 1 / 16 samples
04:48.796  render           | Fra: 707 | Rendering 16 / 16 samples
04:49.098  render           | Video append frame 707
04:49.099  render           | Time: 00:00.40 (Saving: 00:00.01)
04:49.099  render           | Rendering frame 708
04:49.099  render           | Executing sequencer
04:49.100  render           | Rendering frame 708
04:49.100  render           | Start rendering: KHATIB / Software launch, ViewLayer
04:49.100  render           | Engine: EEVEE
04:49.154  render           | Fra: 708 | Rendering 1 / 16 samples
04:49.178  render           | Fra: 708 | Rendering 16 / 16 samples
04:49.491  render           | Video append frame 708
04:49.491  render           | Time: 00:00.39 (Saving: 00:00.01)
04:49.491  render           | Rendering frame 709
04:49.492  render           | Executing sequencer
04:49.493  render           | Rendering frame 709
04:49.494  render           | Start rendering: KHATIB / Software launch, ViewLayer
04:49.494  render           | Engine: EEVEE
04:49.555  render           | Fra: 709 | Rendering 1 / 16 samples
04:49.579  render           | Fra: 709 | Rendering 16 / 16 samples
04:49.854  render           | Video append frame 709
04:49.854  render           | Time: 00:00.36 (Saving: 00:00.01)
04:49.854  render           | Rendering frame 710
04:49.854  render           | Executing sequencer
04:49.855  render           | Rendering frame 710
04:49.855  render           | Start rendering: KHATIB / Software launch, ViewLayer
04:49.855  render           | Engine: EEVEE
04:49.906  render           | Fra: 710 | Rendering 1 / 16 samples
04:49.930  render           | Fra: 710 | Rendering 16 / 16 samples
04:50.211  render           | Video append frame 710
04:50.212  render           | Time: 00:00.35 (Saving: 00:00.01)
04:50.212  render           | Rendering frame 711
04:50.212  render           | Executing sequencer
04:50.214  render           | Rendering frame 711
04:50.215  render           | Start rendering: KHATIB / Software launch, ViewLayer
04:50.215  render           | Engine: EEVEE
04:50.265  render           | Fra: 711 | Rendering 1 / 16 samples
04:50.289  render           | Fra: 711 | Rendering 16 / 16 samples
04:50.576  render           | Video append frame 711
04:50.576  render           | Time: 00:00.36 (Saving: 00:00.01)
04:50.576  render           | Rendering frame 712
04:50.576  render           | Executing sequencer
04:50.577  render           | Rendering frame 712
04:50.578  render           | Start rendering: KHATIB / Software launch, ViewLayer
04:50.578  render           | Engine: EEVEE
04:50.632  render           | Fra: 712 | Rendering 1 / 16 samples
04:50.656  render           | Fra: 712 | Rendering 16 / 16 samples
04:50.954  render           | Video append frame 712
04:50.954  render           | Time: 00:00.37 (Saving: 00:00.01)
04:50.954  render           | Rendering frame 713
04:50.954  render           | Executing sequencer
04:50.955  render           | Rendering frame 713
04:50.956  render           | Start rendering: KHATIB / Software launch, ViewLayer
04:50.956  render           | Engine: EEVEE
04:51.007  render           | Fra: 713 | Rendering 1 / 16 samples
04:51.029  render           | Fra: 713 | Rendering 16 / 16 samples
04:51.312  render           | Video append frame 713
04:51.312  render           | Time: 00:00.35 (Saving: 00:00.01)
04:51.312  render           | Rendering frame 714
04:51.312  render           | Executing sequencer
04:51.351  render           | Rendering frame 714
04:51.351  render           | Start rendering: KHATIB / Software launch, ViewLayer
04:51.351  render           | Engine: EEVEE
04:51.402  render           | Fra: 714 | Rendering 1 / 16 samples
04:51.426  render           | Fra: 714 | Rendering 16 / 16 samples
04:51.687  render           | Video append frame 714
04:51.687  render           | Time: 00:00.37 (Saving: 00:00.01)
04:51.687  render           | Rendering frame 715
04:51.687  render           | Executing sequencer
04:51.688  render           | Rendering frame 715
04:51.688  render           | Start rendering: KHATIB / Software launch, ViewLayer
04:51.688  render           | Engine: EEVEE
04:51.737  render           | Fra: 715 | Rendering 1 / 16 samples
04:51.764  render           | Fra: 715 | Rendering 16 / 16 samples
04:52.013  render           | Video append frame 715
04:52.013  render           | Time: 00:00.32 (Saving: 00:00.01)
04:52.013  render           | Rendering frame 716
04:52.013  render           | Executing sequencer
04:52.014  render           | Rendering frame 716
04:52.014  render           | Start rendering: KHATIB / Software launch, ViewLayer
04:52.014  render           | Engine: EEVEE
04:52.060  render           | Fra: 716 | Rendering 1 / 16 samples
04:52.083  render           | Fra: 716 | Rendering 16 / 16 samples
04:52.330  render           | Video append frame 716
04:52.330  render           | Time: 00:00.31 (Saving: 00:00.01)
04:52.330  render           | Rendering frame 717
04:52.330  render           | Executing sequencer
04:52.331  render           | Rendering frame 717
04:52.331  render           | Start rendering: KHATIB / Software launch, ViewLayer
04:52.331  render           | Engine: EEVEE
04:52.375  render           | Fra: 717 | Rendering 1 / 16 samples
04:52.397  render           | Fra: 717 | Rendering 16 / 16 samples
04:52.646  render           | Video append frame 717
04:52.646  render           | Time: 00:00.31 (Saving: 00:00.01)
04:52.646  render           | Rendering frame 718
04:52.646  render           | Executing sequencer
04:52.647  render           | Rendering frame 718
04:52.647  render           | Start rendering: KHATIB / Software launch, ViewLayer
04:52.647  render           | Engine: EEVEE
04:52.691  render           | Fra: 718 | Rendering 1 / 16 samples
04:52.714  render           | Fra: 718 | Rendering 16 / 16 samples
04:52.970  render           | Video append frame 718
04:52.970  render           | Time: 00:00.32 (Saving: 00:00.01)
04:52.970  render           | Rendering frame 719
04:52.970  render           | Executing sequencer
04:52.971  render           | Rendering frame 719
04:52.971  render           | Start rendering: KHATIB / Software launch, ViewLayer
04:52.971  render           | Engine: EEVEE
04:53.023  render           | Fra: 719 | Rendering 1 / 16 samples
04:53.047  render           | Fra: 719 | Rendering 16 / 16 samples
04:53.311  render           | Video append frame 719
04:53.311  render           | Time: 00:00.34 (Saving: 00:00.01)
04:53.311  render           | Rendering frame 720
04:53.311  render           | Executing sequencer
04:53.312  render           | Rendering frame 720
04:53.312  render           | Start rendering: KHATIB / Software launch, ViewLayer
04:53.312  render           | Engine: EEVEE
04:53.362  render           | Fra: 720 | Rendering 1 / 16 samples
04:53.386  render           | Fra: 720 | Rendering 16 / 16 samples
04:53.697  render           | Video append frame 720
04:53.697  render           | Time: 00:00.38 (Saving: 00:00.02)
04:53.697  render           | Rendering frame 721
04:53.697  render           | Executing sequencer
04:53.699  render           | Rendering frame 721
04:53.700  render           | Start rendering: KHATIB / Software launch, ViewLayer
04:53.700  render           | Engine: EEVEE
04:53.762  render           | Fra: 721 | Rendering 1 / 16 samples
04:53.787  render           | Fra: 721 | Rendering 16 / 16 samples
04:54.099  render           | Video append frame 721
04:54.099  render           | Time: 00:00.40 (Saving: 00:00.02)
04:54.099  render           | Rendering frame 722
04:54.100  render           | Executing sequencer
04:54.101  render           | Rendering frame 722
04:54.101  render           | Start rendering: KHATIB / Software launch, ViewLayer
04:54.101  render           | Engine: EEVEE
04:54.155  render           | Fra: 722 | Rendering 1 / 16 samples
04:54.183  render           | Fra: 722 | Rendering 16 / 16 samples
04:54.501  render           | Video append frame 722
04:54.501  render           | Time: 00:00.40 (Saving: 00:00.02)
04:54.501  render           | Rendering frame 723
04:54.501  render           | Executing sequencer
04:54.502  render           | Rendering frame 723
04:54.502  render           | Start rendering: KHATIB / Software launch, ViewLayer
04:54.502  render           | Engine: EEVEE
04:54.571  render           | Fra: 723 | Rendering 1 / 16 samples
04:54.601  render           | Fra: 723 | Rendering 16 / 16 samples
04:54.911  render           | Video append frame 723
04:54.911  render           | Time: 00:00.41 (Saving: 00:00.01)
04:54.911  render           | Rendering frame 724
04:54.912  render           | Executing sequencer
04:54.913  render           | Rendering frame 724
04:54.913  render           | Start rendering: KHATIB / Software launch, ViewLayer
04:54.913  render           | Engine: EEVEE
04:54.984  render           | Fra: 724 | Rendering 1 / 16 samples
04:55.011  render           | Fra: 724 | Rendering 16 / 16 samples
04:55.312  render           | Video append frame 724
04:55.312  render           | Time: 00:00.40 (Saving: 00:00.02)
04:55.312  render           | Rendering frame 725
04:55.312  render           | Executing sequencer
04:55.313  render           | Rendering frame 725
04:55.314  render           | Start rendering: KHATIB / Software launch, ViewLayer
04:55.314  render           | Engine: EEVEE
04:55.378  render           | Fra: 725 | Rendering 1 / 16 samples
04:55.403  render           | Fra: 725 | Rendering 16 / 16 samples
04:55.691  render           | Video append frame 725
04:55.691  render           | Time: 00:00.37 (Saving: 00:00.01)
04:55.691  render           | Rendering frame 726
04:55.692  render           | Executing sequencer
04:55.693  render           | Rendering frame 726
04:55.693  render           | Start rendering: KHATIB / Software launch, ViewLayer
04:55.693  render           | Engine: EEVEE
04:55.743  render           | Fra: 726 | Rendering 1 / 16 samples
04:55.765  render           | Fra: 726 | Rendering 16 / 16 samples
04:56.046  render           | Video append frame 726
04:56.046  render           | Time: 00:00.35 (Saving: 00:00.01)
04:56.046  render           | Rendering frame 727
04:56.047  render           | Executing sequencer
04:56.047  render           | Rendering frame 727
04:56.048  render           | Start rendering: KHATIB / Software launch, ViewLayer
04:56.048  render           | Engine: EEVEE
04:56.097  render           | Fra: 727 | Rendering 1 / 16 samples
04:56.121  render           | Fra: 727 | Rendering 16 / 16 samples
04:56.401  render           | Video append frame 727
04:56.401  render           | Time: 00:00.35 (Saving: 00:00.01)
04:56.401  render           | Rendering frame 728
04:56.402  render           | Executing sequencer
04:56.403  render           | Rendering frame 728
04:56.403  render           | Start rendering: KHATIB / Software launch, ViewLayer
04:56.403  render           | Engine: EEVEE
04:56.454  render           | Fra: 728 | Rendering 1 / 16 samples
04:56.477  render           | Fra: 728 | Rendering 16 / 16 samples
04:56.765  render           | Video append frame 728
04:56.765  render           | Time: 00:00.36 (Saving: 00:00.01)
04:56.765  render           | Rendering frame 729
04:56.765  render           | Executing sequencer
04:56.767  render           | Rendering frame 729
04:56.767  render           | Start rendering: KHATIB / Software launch, ViewLayer
04:56.767  render           | Engine: EEVEE
04:56.817  render           | Fra: 729 | Rendering 1 / 16 samples
04:56.841  render           | Fra: 729 | Rendering 16 / 16 samples
04:57.117  render           | Video append frame 729
04:57.117  render           | Time: 00:00.35 (Saving: 00:00.01)
04:57.117  render           | Rendering frame 730
04:57.117  render           | Executing sequencer
04:57.119  render           | Rendering frame 730
04:57.119  render           | Start rendering: KHATIB / Software launch, ViewLayer
04:57.119  render           | Engine: EEVEE
04:57.168  render           | Fra: 730 | Rendering 1 / 16 samples
04:57.191  render           | Fra: 730 | Rendering 16 / 16 samples
04:57.465  render           | Video append frame 730
04:57.465  render           | Time: 00:00.34 (Saving: 00:00.01)
04:57.465  render           | Rendering frame 731
04:57.465  render           | Executing sequencer
04:57.466  render           | Rendering frame 731
04:57.467  render           | Start rendering: KHATIB / Software launch, ViewLayer
04:57.467  render           | Engine: EEVEE
04:57.518  render           | Fra: 731 | Rendering 1 / 16 samples
04:57.540  render           | Fra: 731 | Rendering 16 / 16 samples
04:57.817  render           | Video append frame 731
04:57.817  render           | Time: 00:00.35 (Saving: 00:00.01)
04:57.817  render           | Rendering frame 732
04:57.817  render           | Executing sequencer
04:57.818  render           | Rendering frame 732
04:57.818  render           | Start rendering: KHATIB / Software launch, ViewLayer
04:57.818  render           | Engine: EEVEE
04:57.868  render           | Fra: 732 | Rendering 1 / 16 samples
04:57.891  render           | Fra: 732 | Rendering 16 / 16 samples
04:58.175  render           | Video append frame 732
04:58.175  render           | Time: 00:00.35 (Saving: 00:00.02)
04:58.175  render           | Rendering frame 733
04:58.175  render           | Executing sequencer
04:58.176  render           | Rendering frame 733
04:58.176  render           | Start rendering: KHATIB / Software launch, ViewLayer
04:58.176  render           | Engine: EEVEE
04:58.225  render           | Fra: 733 | Rendering 1 / 16 samples
04:58.249  render           | Fra: 733 | Rendering 16 / 16 samples
04:58.516  render           | Video append frame 733
04:58.516  render           | Time: 00:00.34 (Saving: 00:00.01)
04:58.516  render           | Rendering frame 734
04:58.516  render           | Executing sequencer
04:58.517  render           | Rendering frame 734
04:58.517  render           | Start rendering: KHATIB / Software launch, ViewLayer
04:58.517  render           | Engine: EEVEE
04:58.570  render           | Fra: 734 | Rendering 1 / 16 samples
04:58.594  render           | Fra: 734 | Rendering 16 / 16 samples
04:58.889  render           | Video append frame 734
04:58.889  render           | Time: 00:00.37 (Saving: 00:00.01)
04:58.889  render           | Rendering frame 735
04:58.889  render           | Executing sequencer
04:58.891  render           | Rendering frame 735
04:58.891  render           | Start rendering: KHATIB / Software launch, ViewLayer
04:58.893  render           | Engine: EEVEE
04:58.941  render           | Fra: 735 | Rendering 1 / 16 samples
04:58.964  render           | Fra: 735 | Rendering 16 / 16 samples
04:59.239  render           | Video append frame 735
04:59.239  render           | Time: 00:00.35 (Saving: 00:00.01)
04:59.239  render           | Rendering frame 736
04:59.240  render           | Executing sequencer
04:59.241  render           | Rendering frame 736
04:59.241  render           | Start rendering: KHATIB / Software launch, ViewLayer
04:59.241  render           | Engine: EEVEE
04:59.292  render           | Fra: 736 | Rendering 1 / 16 samples
04:59.317  render           | Fra: 736 | Rendering 16 / 16 samples
04:59.582  render           | Video append frame 736
04:59.582  render           | Time: 00:00.34 (Saving: 00:00.01)
04:59.582  render           | Rendering frame 737
04:59.582  render           | Executing sequencer
04:59.584  render           | Rendering frame 737
04:59.584  render           | Start rendering: KHATIB / Software launch, ViewLayer
04:59.584  render           | Engine: EEVEE
04:59.633  render           | Fra: 737 | Rendering 1 / 16 samples
04:59.656  render           | Fra: 737 | Rendering 16 / 16 samples
04:59.928  render           | Video append frame 737
04:59.928  render           | Time: 00:00.34 (Saving: 00:00.01)
04:59.928  render           | Rendering frame 738
04:59.928  render           | Executing sequencer
04:59.929  render           | Rendering frame 738
04:59.929  render           | Start rendering: KHATIB / Software launch, ViewLayer
04:59.929  render           | Engine: EEVEE
04:59.981  render           | Fra: 738 | Rendering 1 / 16 samples
05:00.004  render           | Fra: 738 | Rendering 16 / 16 samples
05:00.288  render           | Video append frame 738
05:00.288  render           | Time: 00:00.35 (Saving: 00:00.01)
05:00.288  render           | Rendering frame 739
05:00.288  render           | Executing sequencer
05:00.289  render           | Rendering frame 739
05:00.289  render           | Start rendering: KHATIB / Software launch, ViewLayer
05:00.289  render           | Engine: EEVEE
05:00.340  render           | Fra: 739 | Rendering 1 / 16 samples
05:00.363  render           | Fra: 739 | Rendering 16 / 16 samples
05:00.614  render           | Video append frame 739
05:00.614  render           | Time: 00:00.32 (Saving: 00:00.01)
05:00.614  render           | Rendering frame 740
05:00.614  render           | Executing sequencer
05:00.615  render           | Rendering frame 740
05:00.615  render           | Start rendering: KHATIB / Software launch, ViewLayer
05:00.615  render           | Engine: EEVEE
05:00.660  render           | Fra: 740 | Rendering 1 / 16 samples
05:00.683  render           | Fra: 740 | Rendering 16 / 16 samples
05:00.978  render           | Video append frame 740
05:00.978  render           | Time: 00:00.36 (Saving: 00:00.01)
05:00.978  render           | Rendering frame 741
05:00.978  render           | Executing sequencer
05:00.979  render           | Rendering frame 741
05:00.979  render           | Start rendering: KHATIB / Software launch, ViewLayer
05:00.980  render           | Engine: EEVEE
05:01.027  render           | Fra: 741 | Rendering 1 / 16 samples
05:01.051  render           | Fra: 741 | Rendering 16 / 16 samples
05:01.324  render           | Video append frame 741
05:01.324  render           | Time: 00:00.34 (Saving: 00:00.01)
05:01.324  render           | Rendering frame 742
05:01.324  render           | Executing sequencer
05:01.325  render           | Rendering frame 742
05:01.325  render           | Start rendering: KHATIB / Software launch, ViewLayer
05:01.325  render           | Engine: EEVEE
05:01.373  render           | Fra: 742 | Rendering 1 / 16 samples
05:01.397  render           | Fra: 742 | Rendering 16 / 16 samples
05:01.672  render           | Video append frame 742
05:01.672  render           | Time: 00:00.34 (Saving: 00:00.01)
05:01.672  render           | Rendering frame 743
05:01.672  render           | Executing sequencer
05:01.673  render           | Rendering frame 743
05:01.673  render           | Start rendering: KHATIB / Software launch, ViewLayer
05:01.673  render           | Engine: EEVEE
05:01.719  render           | Fra: 743 | Rendering 1 / 16 samples
05:01.742  render           | Fra: 743 | Rendering 16 / 16 samples
05:02.017  render           | Video append frame 743
05:02.017  render           | Time: 00:00.34 (Saving: 00:00.01)
05:02.017  render           | Rendering frame 744
05:02.018  render           | Executing sequencer
05:02.018  render           | Rendering frame 744
05:02.019  render           | Start rendering: KHATIB / Software launch, ViewLayer
05:02.019  render           | Engine: EEVEE
05:02.064  render           | Fra: 744 | Rendering 1 / 16 samples
05:02.088  render           | Fra: 744 | Rendering 16 / 16 samples
05:02.370  render           | Video append frame 744
05:02.370  render           | Time: 00:00.35 (Saving: 00:00.01)
05:02.370  render           | Rendering frame 745
05:02.370  render           | Executing sequencer
05:02.370  render           | Rendering frame 745
05:02.371  render           | Start rendering: KHATIB / Software launch, ViewLayer
05:02.371  render           | Engine: EEVEE
05:02.418  render           | Fra: 745 | Rendering 1 / 16 samples
05:02.442  render           | Fra: 745 | Rendering 16 / 16 samples
05:02.725  render           | Video append frame 745
05:02.725  render           | Time: 00:00.35 (Saving: 00:00.01)
05:02.725  render           | Rendering frame 746
05:02.725  render           | Executing sequencer
05:02.725  render           | Rendering frame 746
05:02.726  render           | Start rendering: KHATIB / Software launch, ViewLayer
05:02.726  render           | Engine: EEVEE
05:02.775  render           | Fra: 746 | Rendering 1 / 16 samples
05:02.797  render           | Fra: 746 | Rendering 16 / 16 samples
05:03.085  render           | Video append frame 746
05:03.086  render           | Time: 00:00.36 (Saving: 00:00.01)
05:03.086  render           | Rendering frame 747
05:03.086  render           | Executing sequencer
05:03.120  render           | Rendering frame 747
05:03.120  render           | Start rendering: KHATIB / Software launch, ViewLayer
05:03.120  render           | Engine: EEVEE
05:03.167  render           | Fra: 747 | Rendering 1 / 16 samples
05:03.190  render           | Fra: 747 | Rendering 16 / 16 samples
05:03.445  render           | Video append frame 747
05:03.446  render           | Time: 00:00.35 (Saving: 00:00.01)
05:03.446  render           | Rendering frame 748
05:03.446  render           | Executing sequencer
05:03.446  render           | Rendering frame 748
05:03.446  render           | Start rendering: KHATIB / Software launch, ViewLayer
05:03.446  render           | Engine: EEVEE
05:03.498  render           | Fra: 748 | Rendering 1 / 16 samples
05:03.521  render           | Fra: 748 | Rendering 16 / 16 samples
05:03.766  render           | Video append frame 748
05:03.766  render           | Time: 00:00.32 (Saving: 00:00.01)
05:03.766  render           | Rendering frame 749
05:03.766  render           | Executing sequencer
05:03.766  render           | Rendering frame 749
05:03.767  render           | Start rendering: KHATIB / Software launch, ViewLayer
05:03.767  render           | Engine: EEVEE
05:03.811  render           | Fra: 749 | Rendering 1 / 16 samples
05:03.834  render           | Fra: 749 | Rendering 16 / 16 samples
05:04.077  render           | Video append frame 749
05:04.077  render           | Time: 00:00.31 (Saving: 00:00.01)
05:04.077  render           | Rendering frame 750
05:04.078  render           | Executing sequencer
05:04.078  render           | Rendering frame 750
05:04.078  render           | Start rendering: KHATIB / Software launch, ViewLayer
05:04.078  render           | Engine: EEVEE
05:04.125  render           | Fra: 750 | Rendering 1 / 16 samples
05:04.148  render           | Fra: 750 | Rendering 16 / 16 samples
05:04.393  render           | Video append frame 750
05:04.393  render           | Time: 00:00.31 (Saving: 00:00.01)
05:04.393  render           | Rendering frame 751
05:04.393  render           | Executing sequencer
05:04.393  render           | Rendering frame 751
05:04.393  render           | Start rendering: KHATIB / Software launch, ViewLayer
05:04.393  render           | Engine: EEVEE
05:04.437  render           | Fra: 751 | Rendering 1 / 16 samples
05:04.459  render           | Fra: 751 | Rendering 16 / 16 samples
05:04.712  render           | Video append frame 751
05:04.712  render           | Time: 00:00.31 (Saving: 00:00.01)
05:04.712  render           | Rendering frame 752
05:04.713  render           | Executing sequencer
05:04.713  render           | Rendering frame 752
05:04.713  render           | Start rendering: KHATIB / Software launch, ViewLayer
05:04.713  render           | Engine: EEVEE
05:04.759  render           | Fra: 752 | Rendering 1 / 16 samples
05:04.783  render           | Fra: 752 | Rendering 16 / 16 samples
05:05.033  render           | Video append frame 752
05:05.033  render           | Time: 00:00.31 (Saving: 00:00.01)
05:05.033  render           | Rendering frame 753
05:05.033  render           | Executing sequencer
05:05.033  render           | Rendering frame 753
05:05.033  render           | Start rendering: KHATIB / Software launch, ViewLayer
05:05.033  render           | Engine: EEVEE
05:05.086  render           | Fra: 753 | Rendering 1 / 16 samples
05:05.109  render           | Fra: 753 | Rendering 16 / 16 samples
05:05.355  render           | Video append frame 753
05:05.355  render           | Time: 00:00.32 (Saving: 00:00.01)
05:05.355  render           | Rendering frame 754
05:05.356  render           | Executing sequencer
05:05.356  render           | Rendering frame 754
05:05.356  render           | Start rendering: KHATIB / Software launch, ViewLayer
05:05.356  render           | Engine: EEVEE
05:05.403  render           | Fra: 754 | Rendering 1 / 16 samples
05:05.426  render           | Fra: 754 | Rendering 16 / 16 samples
05:05.669  render           | Video append frame 754
05:05.669  render           | Time: 00:00.31 (Saving: 00:00.01)
05:05.669  render           | Rendering frame 755
05:05.669  render           | Executing sequencer
05:05.669  render           | Rendering frame 755
05:05.670  render           | Start rendering: KHATIB / Software launch, ViewLayer
05:05.670  render           | Engine: EEVEE
05:05.714  render           | Fra: 755 | Rendering 1 / 16 samples
05:05.736  render           | Fra: 755 | Rendering 16 / 16 samples
05:05.979  render           | Video append frame 755
05:05.979  render           | Time: 00:00.31 (Saving: 00:00.01)
05:05.979  render           | Rendering frame 756
05:05.980  render           | Executing sequencer
05:05.980  render           | Rendering frame 756
05:05.980  render           | Start rendering: KHATIB / Software launch, ViewLayer
05:05.980  render           | Engine: EEVEE
05:06.024  render           | Fra: 756 | Rendering 1 / 16 samples
05:06.046  render           | Fra: 756 | Rendering 16 / 16 samples
05:06.292  render           | Video append frame 756
05:06.292  render           | Time: 00:00.31 (Saving: 00:00.01)
05:06.292  render           | Rendering frame 757
05:06.292  render           | Executing sequencer
05:06.292  render           | Rendering frame 757
05:06.292  render           | Start rendering: KHATIB / Software launch, ViewLayer
05:06.292  render           | Engine: EEVEE
05:06.345  render           | Fra: 757 | Rendering 1 / 16 samples
05:06.367  render           | Fra: 757 | Rendering 16 / 16 samples
05:06.609  render           | Video append frame 757
05:06.609  render           | Time: 00:00.31 (Saving: 00:00.01)
05:06.609  render           | Rendering frame 758
05:06.609  render           | Executing sequencer
05:06.609  render           | Rendering frame 758
05:06.610  render           | Start rendering: KHATIB / Software launch, ViewLayer
05:06.610  render           | Engine: EEVEE
05:06.654  render           | Fra: 758 | Rendering 1 / 16 samples
05:06.676  render           | Fra: 758 | Rendering 16 / 16 samples
05:06.919  render           | Video append frame 758
05:06.920  render           | Time: 00:00.31 (Saving: 00:00.01)
05:06.920  render           | Rendering frame 759
05:06.920  render           | Executing sequencer
05:06.920  render           | Rendering frame 759
05:06.920  render           | Start rendering: KHATIB / Software launch, ViewLayer
05:06.920  render           | Engine: EEVEE
05:06.964  render           | Fra: 759 | Rendering 1 / 16 samples
05:06.988  render           | Fra: 759 | Rendering 16 / 16 samples
05:07.234  render           | Video append frame 759
05:07.235  render           | Time: 00:00.31 (Saving: 00:00.01)
05:07.235  render           | Rendering frame 760
05:07.235  render           | Executing sequencer
05:07.235  render           | Rendering frame 760
05:07.235  render           | Start rendering: KHATIB / Software launch, ViewLayer
05:07.235  render           | Engine: EEVEE
05:07.279  render           | Fra: 760 | Rendering 1 / 16 samples
05:07.302  render           | Fra: 760 | Rendering 16 / 16 samples
05:07.552  render           | Video append frame 760
05:07.552  render           | Time: 00:00.31 (Saving: 00:00.01)
05:07.552  render           | Rendering frame 761
05:07.552  render           | Executing sequencer
05:07.552  render           | Rendering frame 761
05:07.553  render           | Start rendering: KHATIB / Software launch, ViewLayer
05:07.553  render           | Engine: EEVEE
05:07.597  render           | Fra: 761 | Rendering 1 / 16 samples
05:07.620  render           | Fra: 761 | Rendering 16 / 16 samples
05:07.877  render           | Video append frame 761
05:07.877  render           | Time: 00:00.32 (Saving: 00:00.01)
05:07.877  render           | Rendering frame 762
05:07.877  render           | Executing sequencer
05:07.877  render           | Rendering frame 762
05:07.877  render           | Start rendering: KHATIB / Software launch, ViewLayer
05:07.877  render           | Engine: EEVEE
05:07.922  render           | Fra: 762 | Rendering 1 / 16 samples
05:07.945  render           | Fra: 762 | Rendering 16 / 16 samples
05:08.199  render           | Video append frame 762
05:08.199  render           | Time: 00:00.32 (Saving: 00:00.01)
05:08.199  render           | Rendering frame 763
05:08.199  render           | Executing sequencer
05:08.199  render           | Rendering frame 763
05:08.199  render           | Start rendering: KHATIB / Software launch, ViewLayer
05:08.199  render           | Engine: EEVEE
05:08.243  render           | Fra: 763 | Rendering 1 / 16 samples
05:08.265  render           | Fra: 763 | Rendering 16 / 16 samples
05:08.513  render           | Video append frame 763
05:08.513  render           | Time: 00:00.31 (Saving: 00:00.01)
05:08.513  render           | Rendering frame 764
05:08.513  render           | Executing sequencer
05:08.513  render           | Rendering frame 764
05:08.514  render           | Start rendering: KHATIB / Software launch, ViewLayer
05:08.514  render           | Engine: EEVEE
05:08.560  render           | Fra: 764 | Rendering 1 / 16 samples
05:08.583  render           | Fra: 764 | Rendering 16 / 16 samples
05:08.834  render           | Video append frame 764
05:08.834  render           | Time: 00:00.32 (Saving: 00:00.01)
05:08.834  render           | Rendering frame 765
05:08.835  render           | Executing sequencer
05:08.839  render           | Rendering frame 765
05:08.840  render           | Start rendering: KHATIB / Software launch, ViewLayer
05:08.840  render           | Engine: EEVEE
05:08.890  render           | Fra: 765 | Rendering 1 / 16 samples
05:08.914  render           | Fra: 765 | Rendering 16 / 16 samples
05:09.164  render           | Video append frame 765
05:09.164  render           | Time: 00:00.32 (Saving: 00:00.01)
05:09.164  render           | Rendering frame 766
05:09.165  render           | Executing sequencer
05:09.169  render           | Rendering frame 766
05:09.169  render           | Start rendering: KHATIB / Software launch, ViewLayer
05:09.170  render           | Engine: EEVEE
05:09.217  render           | Fra: 766 | Rendering 1 / 16 samples
05:09.240  render           | Fra: 766 | Rendering 16 / 16 samples
05:09.485  render           | Video append frame 766
05:09.485  render           | Time: 00:00.32 (Saving: 00:00.01)
05:09.485  render           | Rendering frame 767
05:09.485  render           | Executing sequencer
05:09.489  render           | Rendering frame 767
05:09.489  render           | Start rendering: KHATIB / Software launch, ViewLayer
05:09.489  render           | Engine: EEVEE
05:09.539  render           | Fra: 767 | Rendering 1 / 16 samples
05:09.562  render           | Fra: 767 | Rendering 16 / 16 samples
05:09.809  render           | Video append frame 767
05:09.809  render           | Time: 00:00.32 (Saving: 00:00.01)
05:09.809  render           | Rendering frame 768
05:09.809  render           | Executing sequencer
05:09.810  render           | Rendering frame 768
05:09.810  render           | Start rendering: KHATIB / Software launch, ViewLayer
05:09.810  render           | Engine: EEVEE
05:09.858  render           | Fra: 768 | Rendering 1 / 16 samples
05:09.882  render           | Fra: 768 | Rendering 16 / 16 samples
05:10.130  render           | Video append frame 768
05:10.130  render           | Time: 00:00.32 (Saving: 00:00.01)
05:10.130  render           | Rendering frame 769
05:10.130  render           | Executing sequencer
05:10.130  render           | Rendering frame 769
05:10.130  render           | Start rendering: KHATIB / Software launch, ViewLayer
05:10.130  render           | Engine: EEVEE
05:10.178  render           | Fra: 769 | Rendering 1 / 16 samples
05:10.202  render           | Fra: 769 | Rendering 16 / 16 samples
05:10.457  render           | Video append frame 769
05:10.457  render           | Time: 00:00.32 (Saving: 00:00.01)
05:10.457  render           | Rendering frame 770
05:10.457  render           | Executing sequencer
05:10.457  render           | Rendering frame 770
05:10.458  render           | Start rendering: KHATIB / Software launch, ViewLayer
05:10.458  render           | Engine: EEVEE
05:10.506  render           | Fra: 770 | Rendering 1 / 16 samples
05:10.529  render           | Fra: 770 | Rendering 16 / 16 samples
05:10.785  render           | Video append frame 770
05:10.785  render           | Time: 00:00.32 (Saving: 00:00.01)
05:10.785  render           | Rendering frame 771
05:10.786  render           | Executing sequencer
05:10.786  render           | Rendering frame 771
05:10.787  render           | Start rendering: KHATIB / Software launch, ViewLayer
05:10.787  render           | Engine: EEVEE
05:10.838  render           | Fra: 771 | Rendering 1 / 16 samples
05:10.863  render           | Fra: 771 | Rendering 16 / 16 samples
05:11.116  render           | Video append frame 771
05:11.116  render           | Time: 00:00.32 (Saving: 00:00.01)
05:11.116  render           | Rendering frame 772
05:11.116  render           | Executing sequencer
05:11.116  render           | Rendering frame 772
05:11.117  render           | Start rendering: KHATIB / Software launch, ViewLayer
05:11.117  render           | Engine: EEVEE
05:11.174  render           | Fra: 772 | Rendering 1 / 16 samples
05:11.198  render           | Fra: 772 | Rendering 16 / 16 samples
05:11.450  render           | Video append frame 772
05:11.450  render           | Time: 00:00.33 (Saving: 00:00.01)
05:11.450  render           | Rendering frame 773
05:11.450  render           | Executing sequencer
05:11.451  render           | Rendering frame 773
05:11.451  render           | Start rendering: KHATIB / Software launch, ViewLayer
05:11.451  render           | Engine: EEVEE
05:11.501  render           | Fra: 773 | Rendering 1 / 16 samples
05:11.526  render           | Fra: 773 | Rendering 16 / 16 samples
05:11.767  render           | Video append frame 773
05:11.767  render           | Time: 00:00.31 (Saving: 00:00.01)
05:11.767  render           | Rendering frame 774
05:11.767  render           | Executing sequencer
05:11.767  render           | Rendering frame 774
05:11.768  render           | Start rendering: KHATIB / Software launch, ViewLayer
05:11.768  render           | Engine: EEVEE
05:11.815  render           | Fra: 774 | Rendering 1 / 16 samples
05:11.837  render           | Fra: 774 | Rendering 16 / 16 samples
05:12.081  render           | Video append frame 774
05:12.081  render           | Time: 00:00.31 (Saving: 00:00.01)
05:12.081  render           | Rendering frame 775
05:12.082  render           | Executing sequencer
05:12.082  render           | Rendering frame 775
05:12.082  render           | Start rendering: KHATIB / Software launch, ViewLayer
05:12.083  render           | Engine: EEVEE
05:12.129  render           | Fra: 775 | Rendering 1 / 16 samples
05:12.152  render           | Fra: 775 | Rendering 16 / 16 samples
05:12.407  render           | Video append frame 775
05:12.407  render           | Time: 00:00.32 (Saving: 00:00.01)
05:12.407  render           | Rendering frame 776
05:12.407  render           | Executing sequencer
05:12.407  render           | Rendering frame 776
05:12.408  render           | Start rendering: KHATIB / Software launch, ViewLayer
05:12.408  render           | Engine: EEVEE
05:12.456  render           | Fra: 776 | Rendering 1 / 16 samples
05:12.479  render           | Fra: 776 | Rendering 16 / 16 samples
05:12.731  render           | Video append frame 776
05:12.731  render           | Time: 00:00.32 (Saving: 00:00.01)
05:12.731  render           | Rendering frame 777
05:12.731  render           | Executing sequencer
05:12.732  render           | Rendering frame 777
05:12.732  render           | Start rendering: KHATIB / Software launch, ViewLayer
05:12.732  render           | Engine: EEVEE
05:12.779  render           | Fra: 777 | Rendering 1 / 16 samples
05:12.802  render           | Fra: 777 | Rendering 16 / 16 samples
05:13.054  render           | Video append frame 777
05:13.054  render           | Time: 00:00.32 (Saving: 00:00.01)
05:13.054  render           | Rendering frame 778
05:13.055  render           | Executing sequencer
05:13.055  render           | Rendering frame 778
05:13.055  render           | Start rendering: KHATIB / Software launch, ViewLayer
05:13.055  render           | Engine: EEVEE
05:13.104  render           | Fra: 778 | Rendering 1 / 16 samples
05:13.127  render           | Fra: 778 | Rendering 16 / 16 samples
05:13.381  render           | Video append frame 778
05:13.382  render           | Time: 00:00.32 (Saving: 00:00.01)
05:13.382  render           | Rendering frame 779
05:13.382  render           | Executing sequencer
05:13.382  render           | Rendering frame 779
05:13.383  render           | Start rendering: KHATIB / Software launch, ViewLayer
05:13.383  render           | Engine: EEVEE
05:13.433  render           | Fra: 779 | Rendering 1 / 16 samples
05:13.456  render           | Fra: 779 | Rendering 16 / 16 samples
05:13.708  render           | Video append frame 779
05:13.708  render           | Time: 00:00.32 (Saving: 00:00.01)
05:13.708  render           | Rendering frame 780
05:13.708  render           | Executing sequencer
05:13.709  render           | Rendering frame 780
05:13.709  render           | Start rendering: KHATIB / Software launch, ViewLayer
05:13.709  render           | Engine: EEVEE
05:13.756  render           | Fra: 780 | Rendering 1 / 16 samples
05:13.780  render           | Fra: 780 | Rendering 16 / 16 samples
05:14.030  render           | Video append frame 780
05:14.030  render           | Time: 00:00.32 (Saving: 00:00.01)
05:14.030  render           | Rendering frame 781
05:14.030  render           | Executing sequencer
05:14.031  render           | Rendering frame 781
05:14.031  render           | Start rendering: KHATIB / Software launch, ViewLayer
05:14.031  render           | Engine: EEVEE
05:14.078  render           | Fra: 781 | Rendering 1 / 16 samples
05:14.100  render           | Fra: 781 | Rendering 16 / 16 samples
05:14.355  render           | Video append frame 781
05:14.355  render           | Time: 00:00.32 (Saving: 00:00.01)
05:14.355  render           | Rendering frame 782
05:14.355  render           | Executing sequencer
05:14.356  render           | Rendering frame 782
05:14.356  render           | Start rendering: KHATIB / Software launch, ViewLayer
05:14.356  render           | Engine: EEVEE
05:14.405  render           | Fra: 782 | Rendering 1 / 16 samples
05:14.429  render           | Fra: 782 | Rendering 16 / 16 samples
05:14.691  render           | Video append frame 782
05:14.691  render           | Time: 00:00.33 (Saving: 00:00.01)
05:14.691  render           | Rendering frame 783
05:14.692  render           | Executing sequencer
05:14.693  render           | Rendering frame 783
05:14.693  render           | Start rendering: KHATIB / Software launch, ViewLayer
05:14.693  render           | Engine: EEVEE
05:14.748  render           | Fra: 783 | Rendering 1 / 16 samples
05:14.773  render           | Fra: 783 | Rendering 16 / 16 samples
05:15.066  render           | Video append frame 783
05:15.066  render           | Time: 00:00.37 (Saving: 00:00.01)
05:15.066  render           | Rendering frame 784
05:15.067  render           | Executing sequencer
05:15.067  render           | Rendering frame 784
05:15.068  render           | Start rendering: KHATIB / Software launch, ViewLayer
05:15.068  render           | Engine: EEVEE
05:15.119  render           | Fra: 784 | Rendering 1 / 16 samples
05:15.141  render           | Fra: 784 | Rendering 16 / 16 samples
05:15.396  render           | Video append frame 784
05:15.396  render           | Time: 00:00.32 (Saving: 00:00.01)
05:15.396  render           | Rendering frame 785
05:15.396  render           | Executing sequencer
05:15.397  render           | Rendering frame 785
05:15.397  render           | Start rendering: KHATIB / Software launch, ViewLayer
05:15.397  render           | Engine: EEVEE
05:15.448  render           | Fra: 785 | Rendering 1 / 16 samples
05:15.472  render           | Fra: 785 | Rendering 16 / 16 samples
05:15.720  render           | Video append frame 785
05:15.720  render           | Time: 00:00.32 (Saving: 00:00.01)
05:15.720  render           | Rendering frame 786
05:15.721  render           | Executing sequencer
05:15.721  render           | Rendering frame 786
05:15.721  render           | Start rendering: KHATIB / Software launch, ViewLayer
05:15.721  render           | Engine: EEVEE
05:15.768  render           | Fra: 786 | Rendering 1 / 16 samples
05:15.792  render           | Fra: 786 | Rendering 16 / 16 samples
05:16.045  render           | Video append frame 786
05:16.045  render           | Time: 00:00.32 (Saving: 00:00.01)
05:16.045  render           | Rendering frame 787
05:16.045  render           | Executing sequencer
05:16.046  render           | Rendering frame 787
05:16.046  render           | Start rendering: KHATIB / Software launch, ViewLayer
05:16.046  render           | Engine: EEVEE
05:16.092  render           | Fra: 787 | Rendering 1 / 16 samples
05:16.114  render           | Fra: 787 | Rendering 16 / 16 samples
05:16.368  render           | Video append frame 787
05:16.368  render           | Time: 00:00.32 (Saving: 00:00.01)
05:16.368  render           | Rendering frame 788
05:16.368  render           | Executing sequencer
05:16.368  render           | Rendering frame 788
05:16.368  render           | Start rendering: KHATIB / Software launch, ViewLayer
05:16.368  render           | Engine: EEVEE
05:16.415  render           | Fra: 788 | Rendering 1 / 16 samples
05:16.438  render           | Fra: 788 | Rendering 16 / 16 samples
05:16.691  render           | Video append frame 788
05:16.691  render           | Time: 00:00.32 (Saving: 00:00.01)
05:16.691  render           | Rendering frame 789
05:16.691  render           | Executing sequencer
05:16.691  render           | Rendering frame 789
05:16.692  render           | Start rendering: KHATIB / Software launch, ViewLayer
05:16.692  render           | Engine: EEVEE
05:16.737  render           | Fra: 789 | Rendering 1 / 16 samples
05:16.759  render           | Fra: 789 | Rendering 16 / 16 samples
05:17.015  render           | Video append frame 789
05:17.015  render           | Time: 00:00.32 (Saving: 00:00.01)
05:17.015  render           | Rendering frame 790
05:17.016  render           | Executing sequencer
05:17.016  render           | Rendering frame 790
05:17.016  render           | Start rendering: KHATIB / Software launch, ViewLayer
05:17.016  render           | Engine: EEVEE
05:17.067  render           | Fra: 790 | Rendering 1 / 16 samples
05:17.089  render           | Fra: 790 | Rendering 16 / 16 samples
05:17.341  render           | Video append frame 790
05:17.341  render           | Time: 00:00.32 (Saving: 00:00.01)
05:17.341  render           | Rendering frame 791
05:17.341  render           | Executing sequencer
05:17.342  render           | Rendering frame 791
05:17.342  render           | Start rendering: KHATIB / Software launch, ViewLayer
05:17.342  render           | Engine: EEVEE
05:17.389  render           | Fra: 791 | Rendering 1 / 16 samples
05:17.412  render           | Fra: 791 | Rendering 16 / 16 samples
05:17.667  render           | Video append frame 791
05:17.667  render           | Time: 00:00.32 (Saving: 00:00.01)
05:17.667  render           | Rendering frame 792
05:17.667  render           | Executing sequencer
05:17.668  render           | Rendering frame 792
05:17.668  render           | Start rendering: KHATIB / Software launch, ViewLayer
05:17.668  render           | Engine: EEVEE
05:17.716  render           | Fra: 792 | Rendering 1 / 16 samples
05:17.738  render           | Fra: 792 | Rendering 16 / 16 samples
05:17.990  render           | Video append frame 792
05:17.990  render           | Time: 00:00.32 (Saving: 00:00.01)
05:17.990  render           | Rendering frame 793
05:17.990  render           | Executing sequencer
05:17.991  render           | Rendering frame 793
05:17.991  render           | Start rendering: KHATIB / Software launch, ViewLayer
05:17.991  render           | Engine: EEVEE
05:18.040  render           | Fra: 793 | Rendering 1 / 16 samples
05:18.064  render           | Fra: 793 | Rendering 16 / 16 samples
05:18.331  render           | Video append frame 793
05:18.331  render           | Time: 00:00.34 (Saving: 00:00.01)
05:18.331  render           | Rendering frame 794
05:18.331  render           | Executing sequencer
05:18.332  render           | Rendering frame 794
05:18.332  render           | Start rendering: KHATIB / Software launch, ViewLayer
05:18.332  render           | Engine: EEVEE
05:18.380  render           | Fra: 794 | Rendering 1 / 16 samples
05:18.403  render           | Fra: 794 | Rendering 16 / 16 samples
05:18.659  render           | Video append frame 794
05:18.659  render           | Time: 00:00.32 (Saving: 00:00.01)
05:18.659  render           | Rendering frame 795
05:18.660  render           | Executing sequencer
05:18.660  render           | Rendering frame 795
05:18.660  render           | Start rendering: KHATIB / Software launch, ViewLayer
05:18.661  render           | Engine: EEVEE
05:18.712  render           | Fra: 795 | Rendering 1 / 16 samples
05:18.735  render           | Fra: 795 | Rendering 16 / 16 samples
05:18.995  render           | Video append frame 795
05:18.995  render           | Time: 00:00.33 (Saving: 00:00.01)
05:18.995  render           | Rendering frame 796
05:18.996  render           | Executing sequencer
05:18.996  render           | Rendering frame 796
05:18.999  render           | Start rendering: KHATIB / Software launch, ViewLayer
05:18.999  render           | Engine: EEVEE
05:19.050  render           | Fra: 796 | Rendering 1 / 16 samples
05:19.075  render           | Fra: 796 | Rendering 16 / 16 samples
05:19.334  render           | Video append frame 796
05:19.334  render           | Time: 00:00.33 (Saving: 00:00.01)
05:19.334  render           | Rendering frame 797
05:19.334  render           | Executing sequencer
05:19.334  render           | Rendering frame 797
05:19.335  render           | Start rendering: KHATIB / Software launch, ViewLayer
05:19.335  render           | Engine: EEVEE
05:19.387  render           | Fra: 797 | Rendering 1 / 16 samples
05:19.411  render           | Fra: 797 | Rendering 16 / 16 samples
05:19.669  render           | Video append frame 797
05:19.669  render           | Time: 00:00.33 (Saving: 00:00.01)
05:19.669  render           | Rendering frame 798
05:19.669  render           | Executing sequencer
05:19.670  render           | Rendering frame 798
05:19.670  render           | Start rendering: KHATIB / Software launch, ViewLayer
05:19.670  render           | Engine: EEVEE
05:19.717  render           | Fra: 798 | Rendering 1 / 16 samples
05:19.741  render           | Fra: 798 | Rendering 16 / 16 samples
05:19.996  render           | Video append frame 798
05:19.996  render           | Time: 00:00.32 (Saving: 00:00.01)
05:19.996  render           | Rendering frame 799
05:19.996  render           | Executing sequencer
05:19.997  render           | Rendering frame 799
05:19.997  render           | Start rendering: KHATIB / Software launch, ViewLayer
05:19.998  render           | Engine: EEVEE
05:20.051  render           | Fra: 799 | Rendering 1 / 16 samples
05:20.075  render           | Fra: 799 | Rendering 16 / 16 samples
05:20.333  render           | Video append frame 799
05:20.333  render           | Time: 00:00.33 (Saving: 00:00.01)
05:20.333  render           | Rendering frame 800
05:20.333  render           | Executing sequencer
05:20.334  render           | Rendering frame 800
05:20.334  render           | Start rendering: KHATIB / Software launch, ViewLayer
05:20.334  render           | Engine: EEVEE
05:20.383  render           | Fra: 800 | Rendering 1 / 16 samples
05:20.406  render           | Fra: 800 | Rendering 16 / 16 samples
05:20.662  render           | Video append frame 800
05:20.662  render           | Time: 00:00.32 (Saving: 00:00.01)
05:20.662  render           | Rendering frame 801
05:20.662  render           | Executing sequencer
05:20.663  render           | Rendering frame 801
05:20.663  render           | Start rendering: KHATIB / Software launch, ViewLayer
05:20.663  render           | Engine: EEVEE
05:20.716  render           | Fra: 801 | Rendering 1 / 16 samples
05:20.740  render           | Fra: 801 | Rendering 16 / 16 samples
05:21.003  render           | Video append frame 801
05:21.003  render           | Time: 00:00.34 (Saving: 00:00.01)
05:21.003  render           | Rendering frame 802
05:21.004  render           | Executing sequencer
05:21.004  render           | Rendering frame 802
05:21.004  render           | Start rendering: KHATIB / Software launch, ViewLayer
05:21.004  render           | Engine: EEVEE
05:21.052  render           | Fra: 802 | Rendering 1 / 16 samples
05:21.076  render           | Fra: 802 | Rendering 16 / 16 samples
05:21.332  render           | Video append frame 802
05:21.332  render           | Time: 00:00.32 (Saving: 00:00.01)
05:21.332  render           | Rendering frame 803
05:21.333  render           | Executing sequencer
05:21.333  render           | Rendering frame 803
05:21.333  render           | Start rendering: KHATIB / Software launch, ViewLayer
05:21.333  render           | Engine: EEVEE
05:21.382  render           | Fra: 803 | Rendering 1 / 16 samples
05:21.407  render           | Fra: 803 | Rendering 16 / 16 samples
05:21.658  render           | Video append frame 803
05:21.658  render           | Time: 00:00.32 (Saving: 00:00.01)
05:21.658  render           | Rendering frame 804
05:21.659  render           | Executing sequencer
05:21.659  render           | Rendering frame 804
05:21.659  render           | Start rendering: KHATIB / Software launch, ViewLayer
05:21.659  render           | Engine: EEVEE
05:21.707  render           | Fra: 804 | Rendering 1 / 16 samples
05:21.731  render           | Fra: 804 | Rendering 16 / 16 samples
05:21.988  render           | Video append frame 804
05:21.988  render           | Time: 00:00.32 (Saving: 00:00.01)
05:21.989  render           | Rendering frame 805
05:21.989  render           | Executing sequencer
05:21.989  render           | Rendering frame 805
05:21.989  render           | Start rendering: KHATIB / Software launch, ViewLayer
05:21.989  render           | Engine: EEVEE
05:22.051  render           | Fra: 805 | Rendering 1 / 16 samples
05:22.074  render           | Fra: 805 | Rendering 16 / 16 samples
05:22.340  render           | Video append frame 805
05:22.340  render           | Time: 00:00.35 (Saving: 00:00.01)
05:22.340  render           | Rendering frame 806
05:22.341  render           | Executing sequencer
05:22.341  render           | Rendering frame 806
05:22.341  render           | Start rendering: KHATIB / Software launch, ViewLayer
05:22.341  render           | Engine: EEVEE
05:22.395  render           | Fra: 806 | Rendering 1 / 16 samples
05:22.421  render           | Fra: 806 | Rendering 16 / 16 samples
05:22.675  render           | Video append frame 806
05:22.675  render           | Time: 00:00.33 (Saving: 00:00.01)
05:22.675  render           | Rendering frame 807
05:22.675  render           | Executing sequencer
05:22.675  render           | Rendering frame 807
05:22.676  render           | Start rendering: KHATIB / Software launch, ViewLayer
05:22.676  render           | Engine: EEVEE
05:22.725  render           | Fra: 807 | Rendering 1 / 16 samples
05:22.750  render           | Fra: 807 | Rendering 16 / 16 samples
05:23.019  render           | Video append frame 807
05:23.019  render           | Time: 00:00.34 (Saving: 00:00.01)
05:23.019  render           | Rendering frame 808
05:23.020  render           | Executing sequencer
05:23.021  render           | Rendering frame 808
05:23.021  render           | Start rendering: KHATIB / Software launch, ViewLayer
05:23.021  render           | Engine: EEVEE
05:23.086  render           | Fra: 808 | Rendering 1 / 16 samples
05:23.110  render           | Fra: 808 | Rendering 16 / 16 samples
05:23.379  render           | Video append frame 808
05:23.379  render           | Time: 00:00.35 (Saving: 00:00.01)
05:23.379  render           | Rendering frame 809
05:23.380  render           | Executing sequencer
05:23.380  render           | Rendering frame 809
05:23.381  render           | Start rendering: KHATIB / Software launch, ViewLayer
05:23.381  render           | Engine: EEVEE
05:23.438  render           | Fra: 809 | Rendering 1 / 16 samples
05:23.462  render           | Fra: 809 | Rendering 16 / 16 samples
05:23.736  render           | Video append frame 809
05:23.736  render           | Time: 00:00.35 (Saving: 00:00.01)
05:23.738  render           | Rendering frame 810
05:23.738  render           | Executing sequencer
05:23.739  render           | Rendering frame 810
05:23.739  render           | Start rendering: KHATIB / Software launch, ViewLayer
05:23.739  render           | Engine: EEVEE
05:23.790  render           | Fra: 810 | Rendering 1 / 16 samples
05:23.813  render           | Fra: 810 | Rendering 16 / 16 samples
05:24.069  render           | Video append frame 810
05:24.069  render           | Time: 00:00.33 (Saving: 00:00.01)
05:24.069  render           | Rendering frame 811
05:24.069  render           | Executing sequencer
05:24.070  render           | Rendering frame 811
05:24.070  render           | Start rendering: KHATIB / Software launch, ViewLayer
05:24.070  render           | Engine: EEVEE
05:24.122  render           | Fra: 811 | Rendering 1 / 16 samples
05:24.147  render           | Fra: 811 | Rendering 16 / 16 samples
05:24.404  render           | Video append frame 811
05:24.404  render           | Time: 00:00.33 (Saving: 00:00.01)
05:24.404  render           | Rendering frame 812
05:24.405  render           | Executing sequencer
05:24.405  render           | Rendering frame 812
05:24.405  render           | Start rendering: KHATIB / Software launch, ViewLayer
05:24.405  render           | Engine: EEVEE
05:24.451  render           | Fra: 812 | Rendering 1 / 16 samples
05:24.475  render           | Fra: 812 | Rendering 16 / 16 samples
05:24.726  render           | Video append frame 812
05:24.726  render           | Time: 00:00.32 (Saving: 00:00.01)
05:24.726  render           | Rendering frame 813
05:24.726  render           | Executing sequencer
05:24.726  render           | Rendering frame 813
05:24.727  render           | Start rendering: KHATIB / Software launch, ViewLayer
05:24.727  render           | Engine: EEVEE
05:24.782  render           | Fra: 813 | Rendering 1 / 16 samples
05:24.806  render           | Fra: 813 | Rendering 16 / 16 samples
05:25.059  render           | Video append frame 813
05:25.059  render           | Time: 00:00.33 (Saving: 00:00.01)
05:25.059  render           | Rendering frame 814
05:25.059  render           | Executing sequencer
05:25.059  render           | Rendering frame 814
05:25.060  render           | Start rendering: KHATIB / Software launch, ViewLayer
05:25.060  render           | Engine: EEVEE
05:25.108  render           | Fra: 814 | Rendering 1 / 16 samples
05:25.132  render           | Fra: 814 | Rendering 16 / 16 samples
05:25.404  render           | Video append frame 814
05:25.404  render           | Time: 00:00.34 (Saving: 00:00.01)
05:25.404  render           | Rendering frame 815
05:25.404  render           | Executing sequencer
05:25.405  render           | Rendering frame 815
05:25.405  render           | Start rendering: KHATIB / Software launch, ViewLayer
05:25.405  render           | Engine: EEVEE
05:25.456  render           | Fra: 815 | Rendering 1 / 16 samples
05:25.481  render           | Fra: 815 | Rendering 16 / 16 samples
05:25.746  render           | Video append frame 815
05:25.746  render           | Time: 00:00.34 (Saving: 00:00.01)
05:25.746  render           | Rendering frame 816
05:25.747  render           | Executing sequencer
05:25.748  render           | Rendering frame 816
05:25.748  render           | Start rendering: KHATIB / Software launch, ViewLayer
05:25.748  render           | Engine: EEVEE
05:25.798  render           | Fra: 816 | Rendering 1 / 16 samples
05:25.822  render           | Fra: 816 | Rendering 16 / 16 samples
05:26.081  render           | Video append frame 816
05:26.081  render           | Time: 00:00.33 (Saving: 00:00.01)
05:26.081  render           | Rendering frame 817
05:26.083  render           | Executing sequencer
05:26.083  render           | Rendering frame 817
05:26.084  render           | Start rendering: KHATIB / Software launch, ViewLayer
05:26.084  render           | Engine: EEVEE
05:26.137  render           | Fra: 817 | Rendering 1 / 16 samples
05:26.161  render           | Fra: 817 | Rendering 16 / 16 samples
05:26.427  render           | Video append frame 817
05:26.428  render           | Time: 00:00.34 (Saving: 00:00.01)
05:26.428  render           | Rendering frame 818
05:26.428  render           | Executing sequencer
05:26.429  render           | Rendering frame 818
05:26.429  render           | Start rendering: KHATIB / Software launch, ViewLayer
05:26.429  render           | Engine: EEVEE
05:26.483  render           | Fra: 818 | Rendering 1 / 16 samples
05:26.507  render           | Fra: 818 | Rendering 16 / 16 samples
05:26.767  render           | Video append frame 818
05:26.767  render           | Time: 00:00.33 (Saving: 00:00.01)
05:26.767  render           | Rendering frame 819
05:26.767  render           | Executing sequencer
05:26.768  render           | Rendering frame 819
05:26.768  render           | Start rendering: KHATIB / Software launch, ViewLayer
05:26.769  render           | Engine: EEVEE
05:26.816  render           | Fra: 819 | Rendering 1 / 16 samples
05:26.840  render           | Fra: 819 | Rendering 16 / 16 samples
05:27.099  render           | Video append frame 819
05:27.099  render           | Time: 00:00.33 (Saving: 00:00.01)
05:27.099  render           | Rendering frame 820
05:27.099  render           | Executing sequencer
05:27.100  render           | Rendering frame 820
05:27.100  render           | Start rendering: KHATIB / Software launch, ViewLayer
05:27.100  render           | Engine: EEVEE
05:27.152  render           | Fra: 820 | Rendering 1 / 16 samples
05:27.178  render           | Fra: 820 | Rendering 16 / 16 samples
05:27.444  render           | Video append frame 820
05:27.444  render           | Time: 00:00.34 (Saving: 00:00.01)
05:27.444  render           | Rendering frame 821
05:27.444  render           | Executing sequencer
05:27.446  render           | Rendering frame 821
05:27.446  render           | Start rendering: KHATIB / Software launch, ViewLayer
05:27.446  render           | Engine: EEVEE
05:27.498  render           | Fra: 821 | Rendering 1 / 16 samples
05:27.522  render           | Fra: 821 | Rendering 16 / 16 samples
05:27.780  render           | Video append frame 821
05:27.780  render           | Time: 00:00.33 (Saving: 00:00.01)
05:27.780  render           | Rendering frame 822
05:27.780  render           | Executing sequencer
05:27.848  render           | Rendering frame 822
05:27.849  render           | Start rendering: KHATIB / Software launch, ViewLayer
05:27.849  render           | Engine: EEVEE
05:27.900  render           | Fra: 822 | Rendering 1 / 16 samples
05:27.923  render           | Fra: 822 | Rendering 16 / 16 samples
05:28.179  render           | Video append frame 822
05:28.179  render           | Time: 00:00.39 (Saving: 00:00.01)
05:28.179  render           | Rendering frame 823
05:28.180  render           | Executing sequencer
05:28.180  render           | Rendering frame 823
05:28.180  render           | Start rendering: KHATIB / Software launch, ViewLayer
05:28.180  render           | Engine: EEVEE
05:28.229  render           | Fra: 823 | Rendering 1 / 16 samples
05:28.254  render           | Fra: 823 | Rendering 16 / 16 samples
05:28.494  render           | Video append frame 823
05:28.495  render           | Time: 00:00.31 (Saving: 00:00.01)
05:28.495  render           | Rendering frame 824
05:28.495  render           | Executing sequencer
05:28.495  render           | Rendering frame 824
05:28.495  render           | Start rendering: KHATIB / Software launch, ViewLayer
05:28.495  render           | Engine: EEVEE
05:28.543  render           | Fra: 824 | Rendering 1 / 16 samples
05:28.567  render           | Fra: 824 | Rendering 16 / 16 samples
05:28.805  render           | Video append frame 824
05:28.805  render           | Time: 00:00.31 (Saving: 00:00.01)
05:28.805  render           | Rendering frame 825
05:28.806  render           | Executing sequencer
05:28.806  render           | Rendering frame 825
05:28.806  render           | Start rendering: KHATIB / Software launch, ViewLayer
05:28.806  render           | Engine: EEVEE
05:28.854  render           | Fra: 825 | Rendering 1 / 16 samples
05:28.877  render           | Fra: 825 | Rendering 16 / 16 samples
05:29.124  render           | Video append frame 825
05:29.124  render           | Time: 00:00.31 (Saving: 00:00.01)
05:29.124  render           | Rendering frame 826
05:29.125  render           | Executing sequencer
05:29.125  render           | Rendering frame 826
05:29.125  render           | Start rendering: KHATIB / Software launch, ViewLayer
05:29.125  render           | Engine: EEVEE
05:29.171  render           | Fra: 826 | Rendering 1 / 16 samples
05:29.194  render           | Fra: 826 | Rendering 16 / 16 samples
05:29.450  render           | Video append frame 826
05:29.450  render           | Time: 00:00.32 (Saving: 00:00.01)
05:29.450  render           | Rendering frame 827
05:29.451  render           | Executing sequencer
05:29.452  render           | Rendering frame 827
05:29.452  render           | Start rendering: KHATIB / Software launch, ViewLayer
05:29.452  render           | Engine: EEVEE
05:29.516  render           | Fra: 827 | Rendering 1 / 16 samples
05:29.540  render           | Fra: 827 | Rendering 16 / 16 samples
05:29.910  render           | Video append frame 827
05:29.910  render           | Time: 00:00.45 (Saving: 00:00.02)
05:29.910  render           | Rendering frame 828
05:29.911  render           | Executing sequencer
05:29.912  render           | Rendering frame 828
05:29.912  render           | Start rendering: KHATIB / Software launch, ViewLayer
05:29.912  render           | Engine: EEVEE
05:29.968  render           | Fra: 828 | Rendering 1 / 16 samples
05:29.991  render           | Fra: 828 | Rendering 16 / 16 samples
05:30.325  render           | Video append frame 828
05:30.325  render           | Time: 00:00.41 (Saving: 00:00.02)
05:30.325  render           | Rendering frame 829
05:30.326  render           | Executing sequencer
05:30.327  render           | Rendering frame 829
05:30.327  render           | Start rendering: KHATIB / Software launch, ViewLayer
05:30.327  render           | Engine: EEVEE
05:30.414  render           | Fra: 829 | Rendering 1 / 16 samples
05:30.442  render           | Fra: 829 | Rendering 16 / 16 samples
05:30.707  render           | Video append frame 829
05:30.707  render           | Time: 00:00.38 (Saving: 00:00.01)
05:30.707  render           | Rendering frame 830
05:30.707  render           | Executing sequencer
05:30.707  render           | Rendering frame 830
05:30.708  render           | Start rendering: KHATIB / Software launch, ViewLayer
05:30.708  render           | Engine: EEVEE
05:30.767  render           | Fra: 830 | Rendering 1 / 16 samples
05:30.793  render           | Fra: 830 | Rendering 16 / 16 samples
05:31.045  render           | Video append frame 830
05:31.045  render           | Time: 00:00.33 (Saving: 00:00.01)
05:31.045  render           | Rendering frame 831
05:31.045  render           | Executing sequencer
05:31.046  render           | Rendering frame 831
05:31.046  render           | Start rendering: KHATIB / Software launch, ViewLayer
05:31.046  render           | Engine: EEVEE
05:31.094  render           | Fra: 831 | Rendering 1 / 16 samples
05:31.118  render           | Fra: 831 | Rendering 16 / 16 samples
05:31.390  render           | Video append frame 831
05:31.390  render           | Time: 00:00.34 (Saving: 00:00.01)
05:31.390  render           | Rendering frame 832
05:31.391  render           | Executing sequencer
05:31.391  render           | Rendering frame 832
05:31.392  render           | Start rendering: KHATIB / Software launch, ViewLayer
05:31.392  render           | Engine: EEVEE
05:31.458  render           | Fra: 832 | Rendering 1 / 16 samples
05:31.484  render           | Fra: 832 | Rendering 16 / 16 samples
05:31.741  render           | Video append frame 832
05:31.741  render           | Time: 00:00.35 (Saving: 00:00.01)
05:31.741  render           | Rendering frame 833
05:31.742  render           | Executing sequencer
05:31.742  render           | Rendering frame 833
05:31.742  render           | Start rendering: KHATIB / Software launch, ViewLayer
05:31.742  render           | Engine: EEVEE
05:31.795  render           | Fra: 833 | Rendering 1 / 16 samples
05:31.820  render           | Fra: 833 | Rendering 16 / 16 samples
05:32.079  render           | Video append frame 833
05:32.079  render           | Time: 00:00.33 (Saving: 00:00.01)
05:32.079  render           | Rendering frame 834
05:32.080  render           | Executing sequencer
05:32.080  render           | Rendering frame 834
05:32.081  render           | Start rendering: KHATIB / Software launch, ViewLayer
05:32.081  render           | Engine: EEVEE
05:32.137  render           | Fra: 834 | Rendering 1 / 16 samples
05:32.162  render           | Fra: 834 | Rendering 16 / 16 samples
05:32.433  render           | Video append frame 834
05:32.433  render           | Time: 00:00.35 (Saving: 00:00.01)
05:32.433  render           | Rendering frame 835
05:32.433  render           | Executing sequencer
05:32.434  render           | Rendering frame 835
05:32.434  render           | Start rendering: KHATIB / Software launch, ViewLayer
05:32.434  render           | Engine: EEVEE
05:32.484  render           | Fra: 835 | Rendering 1 / 16 samples
05:32.507  render           | Fra: 835 | Rendering 16 / 16 samples
05:32.771  render           | Video append frame 835
05:32.771  render           | Time: 00:00.33 (Saving: 00:00.01)
05:32.771  render           | Rendering frame 836
05:32.772  render           | Executing sequencer
05:32.772  render           | Rendering frame 836
05:32.773  render           | Start rendering: KHATIB / Software launch, ViewLayer
05:32.773  render           | Engine: EEVEE
05:32.823  render           | Fra: 836 | Rendering 1 / 16 samples
05:32.847  render           | Fra: 836 | Rendering 16 / 16 samples
05:33.111  render           | Video append frame 836
05:33.111  render           | Time: 00:00.33 (Saving: 00:00.01)
05:33.111  render           | Rendering frame 837
05:33.112  render           | Executing sequencer
05:33.112  render           | Rendering frame 837
05:33.112  render           | Start rendering: KHATIB / Software launch, ViewLayer
05:33.112  render           | Engine: EEVEE
05:33.163  render           | Fra: 837 | Rendering 1 / 16 samples
05:33.187  render           | Fra: 837 | Rendering 16 / 16 samples
05:33.442  render           | Video append frame 837
05:33.442  render           | Time: 00:00.33 (Saving: 00:00.01)
05:33.442  render           | Rendering frame 838
05:33.443  render           | Executing sequencer
05:33.443  render           | Rendering frame 838
05:33.444  render           | Start rendering: KHATIB / Software launch, ViewLayer
05:33.444  render           | Engine: EEVEE
05:33.496  render           | Fra: 838 | Rendering 1 / 16 samples
05:33.521  render           | Fra: 838 | Rendering 16 / 16 samples
05:33.775  render           | Video append frame 838
05:33.775  render           | Time: 00:00.33 (Saving: 00:00.01)
05:33.775  render           | Rendering frame 839
05:33.776  render           | Executing sequencer
05:33.776  render           | Rendering frame 839
05:33.776  render           | Start rendering: KHATIB / Software launch, ViewLayer
05:33.776  render           | Engine: EEVEE
05:33.823  render           | Fra: 839 | Rendering 1 / 16 samples
05:33.846  render           | Fra: 839 | Rendering 16 / 16 samples
05:34.094  render           | Video append frame 839
05:34.095  render           | Time: 00:00.31 (Saving: 00:00.01)
05:34.095  render           | Rendering frame 840
05:34.095  render           | Executing sequencer
05:34.095  render           | Rendering frame 840
05:34.095  render           | Start rendering: KHATIB / Software launch, ViewLayer
05:34.095  render           | Engine: EEVEE
05:34.141  render           | Fra: 840 | Rendering 1 / 16 samples
05:34.165  render           | Fra: 840 | Rendering 16 / 16 samples
05:34.418  render           | Video append frame 840
05:34.418  render           | Time: 00:00.32 (Saving: 00:00.01)
05:34.418  render           | Rendering frame 841
05:34.419  render           | Executing sequencer
05:34.419  render           | Rendering frame 841
05:34.420  render           | Start rendering: KHATIB / Software launch, ViewLayer
05:34.420  render           | Engine: EEVEE
05:34.472  render           | Fra: 841 | Rendering 1 / 16 samples
05:34.495  render           | Fra: 841 | Rendering 16 / 16 samples
05:34.750  render           | Video append frame 841
05:34.750  render           | Time: 00:00.33 (Saving: 00:00.01)
05:34.750  render           | Rendering frame 842
05:34.751  render           | Executing sequencer
05:34.751  render           | Rendering frame 842
05:34.751  render           | Start rendering: KHATIB / Software launch, ViewLayer
05:34.751  render           | Engine: EEVEE
05:34.799  render           | Fra: 842 | Rendering 1 / 16 samples
05:34.821  render           | Fra: 842 | Rendering 16 / 16 samples
05:35.077  render           | Video append frame 842
05:35.078  render           | Time: 00:00.32 (Saving: 00:00.01)
05:35.078  render           | Rendering frame 843
05:35.078  render           | Executing sequencer
05:35.078  render           | Rendering frame 843
05:35.079  render           | Start rendering: KHATIB / Software launch, ViewLayer
05:35.079  render           | Engine: EEVEE
05:35.125  render           | Fra: 843 | Rendering 1 / 16 samples
05:35.148  render           | Fra: 843 | Rendering 16 / 16 samples
05:35.400  render           | Video append frame 843
05:35.400  render           | Time: 00:00.32 (Saving: 00:00.01)
05:35.400  render           | Rendering frame 844
05:35.401  render           | Executing sequencer
05:35.401  render           | Rendering frame 844
05:35.401  render           | Start rendering: KHATIB / Software launch, ViewLayer
05:35.401  render           | Engine: EEVEE
05:35.446  render           | Fra: 844 | Rendering 1 / 16 samples
05:35.468  render           | Fra: 844 | Rendering 16 / 16 samples
05:35.722  render           | Video append frame 844
05:35.722  render           | Time: 00:00.32 (Saving: 00:00.01)
05:35.722  render           | Rendering frame 845
05:35.722  render           | Executing sequencer
05:35.723  render           | Rendering frame 845
05:35.723  render           | Start rendering: KHATIB / Software launch, ViewLayer
05:35.723  render           | Engine: EEVEE
05:35.770  render           | Fra: 845 | Rendering 1 / 16 samples
05:35.792  render           | Fra: 845 | Rendering 16 / 16 samples
05:36.050  render           | Video append frame 845
05:36.050  render           | Time: 00:00.32 (Saving: 00:00.01)
05:36.050  render           | Rendering frame 846
05:36.050  render           | Executing sequencer
05:36.051  render           | Rendering frame 846
05:36.051  render           | Start rendering: KHATIB / Software launch, ViewLayer
05:36.051  render           | Engine: EEVEE
05:36.097  render           | Fra: 846 | Rendering 1 / 16 samples
05:36.120  render           | Fra: 846 | Rendering 16 / 16 samples
05:36.375  render           | Video append frame 846
05:36.375  render           | Time: 00:00.32 (Saving: 00:00.01)
05:36.375  render           | Rendering frame 847
05:36.375  render           | Executing sequencer
05:36.376  render           | Rendering frame 847
05:36.376  render           | Start rendering: KHATIB / Software launch, ViewLayer
05:36.376  render           | Engine: EEVEE
05:36.422  render           | Fra: 847 | Rendering 1 / 16 samples
05:36.444  render           | Fra: 847 | Rendering 16 / 16 samples
05:36.699  render           | Video append frame 847
05:36.699  render           | Time: 00:00.32 (Saving: 00:00.01)
05:36.699  render           | Rendering frame 848
05:36.699  render           | Executing sequencer
05:36.700  render           | Rendering frame 848
05:36.700  render           | Start rendering: KHATIB / Software launch, ViewLayer
05:36.700  render           | Engine: EEVEE
05:36.749  render           | Fra: 848 | Rendering 1 / 16 samples
05:36.772  render           | Fra: 848 | Rendering 16 / 16 samples
05:37.029  render           | Video append frame 848
05:37.029  render           | Time: 00:00.33 (Saving: 00:00.01)
05:37.029  render           | Rendering frame 849
05:37.030  render           | Executing sequencer
05:37.030  render           | Rendering frame 849
05:37.030  render           | Start rendering: KHATIB / Software launch, ViewLayer
05:37.030  render           | Engine: EEVEE
05:37.074  render           | Fra: 849 | Rendering 1 / 16 samples
05:37.097  render           | Fra: 849 | Rendering 16 / 16 samples
05:37.351  render           | Video append frame 849
05:37.351  render           | Time: 00:00.32 (Saving: 00:00.01)
05:37.351  render           | Rendering frame 850
05:37.351  render           | Executing sequencer
05:37.352  render           | Rendering frame 850
05:37.352  render           | Start rendering: KHATIB / Software launch, ViewLayer
05:37.352  render           | Engine: EEVEE
05:37.396  render           | Fra: 850 | Rendering 1 / 16 samples
05:37.419  render           | Fra: 850 | Rendering 16 / 16 samples
05:37.668  render           | Video append frame 850
05:37.668  render           | Time: 00:00.31 (Saving: 00:00.01)
05:37.668  render           | Rendering frame 851
05:37.668  render           | Executing sequencer
05:37.669  render           | Rendering frame 851
05:37.669  render           | Start rendering: KHATIB / Software launch, ViewLayer
05:37.669  render           | Engine: EEVEE
05:37.714  render           | Fra: 851 | Rendering 1 / 16 samples
05:37.736  render           | Fra: 851 | Rendering 16 / 16 samples
05:37.994  render           | Video append frame 851
05:37.994  render           | Time: 00:00.32 (Saving: 00:00.01)
05:37.994  render           | Rendering frame 852
05:37.994  render           | Executing sequencer
05:37.995  render           | Rendering frame 852
05:37.995  render           | Start rendering: KHATIB / Software launch, ViewLayer
05:37.995  render           | Engine: EEVEE
05:38.043  render           | Fra: 852 | Rendering 1 / 16 samples
05:38.066  render           | Fra: 852 | Rendering 16 / 16 samples
05:38.320  render           | Video append frame 852
05:38.320  render           | Time: 00:00.32 (Saving: 00:00.01)
05:38.320  render           | Rendering frame 853
05:38.320  render           | Executing sequencer
05:38.320  render           | Rendering frame 853
05:38.321  render           | Start rendering: KHATIB / Software launch, ViewLayer
05:38.321  render           | Engine: EEVEE
05:38.368  render           | Fra: 853 | Rendering 1 / 16 samples
05:38.391  render           | Fra: 853 | Rendering 16 / 16 samples
05:38.646  render           | Video append frame 853
05:38.646  render           | Time: 00:00.32 (Saving: 00:00.01)
05:38.646  render           | Rendering frame 854
05:38.647  render           | Executing sequencer
05:38.647  render           | Rendering frame 854
05:38.647  render           | Start rendering: KHATIB / Software launch, ViewLayer
05:38.647  render           | Engine: EEVEE
05:38.692  render           | Fra: 854 | Rendering 1 / 16 samples
05:38.714  render           | Fra: 854 | Rendering 16 / 16 samples
05:38.975  render           | Video append frame 854
05:38.975  render           | Time: 00:00.32 (Saving: 00:00.01)
05:38.975  render           | Rendering frame 855
05:38.975  render           | Executing sequencer
05:38.976  render           | Rendering frame 855
05:38.976  render           | Start rendering: KHATIB / Software launch, ViewLayer
05:38.976  render           | Engine: EEVEE
05:39.021  render           | Fra: 855 | Rendering 1 / 16 samples
05:39.045  render           | Fra: 855 | Rendering 16 / 16 samples
05:39.305  render           | Video append frame 855
05:39.306  render           | Time: 00:00.33 (Saving: 00:00.01)
05:39.306  render           | Rendering frame 856
05:39.306  render           | Executing sequencer
05:39.306  render           | Rendering frame 856
05:39.307  render           | Start rendering: KHATIB / Software launch, ViewLayer
05:39.307  render           | Engine: EEVEE
05:39.353  render           | Fra: 856 | Rendering 1 / 16 samples
05:39.375  render           | Fra: 856 | Rendering 16 / 16 samples
05:39.636  render           | Video append frame 856
05:39.636  render           | Time: 00:00.33 (Saving: 00:00.01)
05:39.636  render           | Rendering frame 857
05:39.636  render           | Executing sequencer
05:39.637  render           | Rendering frame 857
05:39.637  render           | Start rendering: KHATIB / Software launch, ViewLayer
05:39.637  render           | Engine: EEVEE
05:39.689  render           | Fra: 857 | Rendering 1 / 16 samples
05:39.712  render           | Fra: 857 | Rendering 16 / 16 samples
05:39.966  render           | Video append frame 857
05:39.967  render           | Time: 00:00.33 (Saving: 00:00.01)
05:39.967  render           | Rendering frame 858
05:39.967  render           | Executing sequencer
05:39.969  render           | Rendering frame 858
05:39.969  render           | Start rendering: KHATIB / Software launch, ViewLayer
05:39.969  render           | Engine: EEVEE
05:40.015  render           | Fra: 858 | Rendering 1 / 16 samples
05:40.038  render           | Fra: 858 | Rendering 16 / 16 samples
05:40.290  render           | Video append frame 858
05:40.291  render           | Time: 00:00.32 (Saving: 00:00.01)
05:40.291  render           | Rendering frame 859
05:40.291  render           | Executing sequencer
05:40.291  render           | Rendering frame 859
05:40.291  render           | Start rendering: KHATIB / Software launch, ViewLayer
05:40.292  render           | Engine: EEVEE
05:40.339  render           | Fra: 859 | Rendering 1 / 16 samples
05:40.361  render           | Fra: 859 | Rendering 16 / 16 samples
05:40.617  render           | Video append frame 859
05:40.617  render           | Time: 00:00.32 (Saving: 00:00.01)
05:40.617  render           | Rendering frame 860
05:40.617  render           | Executing sequencer
05:40.618  render           | Rendering frame 860
05:40.618  render           | Start rendering: KHATIB / Software launch, ViewLayer
05:40.618  render           | Engine: EEVEE
05:40.665  render           | Fra: 860 | Rendering 1 / 16 samples
05:40.689  render           | Fra: 860 | Rendering 16 / 16 samples
05:40.944  render           | Video append frame 860
05:40.944  render           | Time: 00:00.32 (Saving: 00:00.01)
05:40.944  render           | Rendering frame 861
05:40.944  render           | Executing sequencer
05:40.945  render           | Rendering frame 861
05:40.945  render           | Start rendering: KHATIB / Software launch, ViewLayer
05:40.945  render           | Engine: EEVEE
05:41.002  render           | Fra: 861 | Rendering 1 / 16 samples
05:41.026  render           | Fra: 861 | Rendering 16 / 16 samples
05:41.283  render           | Video append frame 861
05:41.283  render           | Time: 00:00.33 (Saving: 00:00.01)
05:41.283  render           | Rendering frame 862
05:41.283  render           | Executing sequencer
05:41.284  render           | Rendering frame 862
05:41.284  render           | Start rendering: KHATIB / Software launch, ViewLayer
05:41.284  render           | Engine: EEVEE
05:41.337  render           | Fra: 862 | Rendering 1 / 16 samples
05:41.362  render           | Fra: 862 | Rendering 16 / 16 samples
05:41.627  render           | Video append frame 862
05:41.627  render           | Time: 00:00.34 (Saving: 00:00.01)
05:41.627  render           | Rendering frame 863
05:41.628  render           | Executing sequencer
05:41.628  render           | Rendering frame 863
05:41.629  render           | Start rendering: KHATIB / Software launch, ViewLayer
05:41.629  render           | Engine: EEVEE
05:41.680  render           | Fra: 863 | Rendering 1 / 16 samples
05:41.703  render           | Fra: 863 | Rendering 16 / 16 samples
05:41.964  render           | Video append frame 863
05:41.964  render           | Time: 00:00.33 (Saving: 00:00.01)
05:41.964  render           | Rendering frame 864
05:41.965  render           | Executing sequencer
05:41.965  render           | Rendering frame 864
05:41.966  render           | Start rendering: KHATIB / Software launch, ViewLayer
05:41.966  render           | Engine: EEVEE
05:42.026  render           | Fra: 864 | Rendering 1 / 16 samples
05:42.049  render           | Fra: 864 | Rendering 16 / 16 samples
05:42.302  render           | Video append frame 864
05:42.302  render           | Time: 00:00.33 (Saving: 00:00.01)
05:42.302  render           | Rendering frame 865
05:42.302  render           | Executing sequencer
05:42.303  render           | Rendering frame 865
05:42.303  render           | Start rendering: KHATIB / Software launch, ViewLayer
05:42.303  render           | Engine: EEVEE
05:42.352  render           | Fra: 865 | Rendering 1 / 16 samples
05:42.375  render           | Fra: 865 | Rendering 16 / 16 samples
05:42.633  render           | Video append frame 865
05:42.633  render           | Time: 00:00.33 (Saving: 00:00.01)
05:42.633  render           | Rendering frame 866
05:42.634  render           | Executing sequencer
05:42.634  render           | Rendering frame 866
05:42.634  render           | Start rendering: KHATIB / Software launch, ViewLayer
05:42.635  render           | Engine: EEVEE
05:42.685  render           | Fra: 866 | Rendering 1 / 16 samples
05:42.709  render           | Fra: 866 | Rendering 16 / 16 samples
05:42.979  render           | Video append frame 866
05:42.979  render           | Time: 00:00.34 (Saving: 00:00.01)
05:42.979  render           | Rendering frame 867
05:42.980  render           | Executing sequencer
05:42.980  render           | Rendering frame 867
05:42.980  render           | Start rendering: KHATIB / Software launch, ViewLayer
05:42.980  render           | Engine: EEVEE
05:43.034  render           | Fra: 867 | Rendering 1 / 16 samples
05:43.058  render           | Fra: 867 | Rendering 16 / 16 samples
05:43.313  render           | Video append frame 867
05:43.313  render           | Time: 00:00.33 (Saving: 00:00.01)
05:43.313  render           | Rendering frame 868
05:43.314  render           | Executing sequencer
05:43.314  render           | Rendering frame 868
05:43.314  render           | Start rendering: KHATIB / Software launch, ViewLayer
05:43.315  render           | Engine: EEVEE
05:43.362  render           | Fra: 868 | Rendering 1 / 16 samples
05:43.385  render           | Fra: 868 | Rendering 16 / 16 samples
05:43.629  render           | Video append frame 868
05:43.629  render           | Time: 00:00.31 (Saving: 00:00.01)
05:43.629  render           | Rendering frame 869
05:43.629  render           | Executing sequencer
05:43.629  render           | Rendering frame 869
05:43.630  render           | Start rendering: KHATIB / Software launch, ViewLayer
05:43.630  render           | Engine: EEVEE
05:43.677  render           | Fra: 869 | Rendering 1 / 16 samples
05:43.702  render           | Fra: 869 | Rendering 16 / 16 samples
05:43.947  render           | Video append frame 869
05:43.947  render           | Time: 00:00.31 (Saving: 00:00.01)
05:43.947  render           | Rendering frame 870
05:43.947  render           | Executing sequencer
05:43.947  render           | Rendering frame 870
05:43.948  render           | Start rendering: KHATIB / Software launch, ViewLayer
05:43.948  render           | Engine: EEVEE
05:43.993  render           | Fra: 870 | Rendering 1 / 16 samples
05:44.016  render           | Fra: 870 | Rendering 16 / 16 samples
05:44.263  render           | Video append frame 870
05:44.263  render           | Time: 00:00.31 (Saving: 00:00.01)
05:44.263  render           | Rendering frame 871
05:44.263  render           | Executing sequencer
05:44.263  render           | Rendering frame 871
05:44.263  render           | Start rendering: KHATIB / Software launch, ViewLayer
05:44.263  render           | Engine: EEVEE
05:44.309  render           | Fra: 871 | Rendering 1 / 16 samples
05:44.331  render           | Fra: 871 | Rendering 16 / 16 samples
05:44.601  render           | Video append frame 871
05:44.601  render           | Time: 00:00.33 (Saving: 00:00.01)
05:44.601  render           | Rendering frame 872
05:44.602  render           | Executing sequencer
05:44.602  render           | Rendering frame 872
05:44.602  render           | Start rendering: KHATIB / Software launch, ViewLayer
05:44.602  render           | Engine: EEVEE
05:44.651  render           | Fra: 872 | Rendering 1 / 16 samples
05:44.675  render           | Fra: 872 | Rendering 16 / 16 samples
05:44.926  render           | Video append frame 872
05:44.926  render           | Time: 00:00.32 (Saving: 00:00.01)
05:44.926  render           | Rendering frame 873
05:44.926  render           | Executing sequencer
05:44.926  render           | Rendering frame 873
05:44.926  render           | Start rendering: KHATIB / Software launch, ViewLayer
05:44.926  render           | Engine: EEVEE
05:44.977  render           | Fra: 873 | Rendering 1 / 16 samples
05:45.000  render           | Fra: 873 | Rendering 16 / 16 samples
05:45.241  render           | Video append frame 873
05:45.241  render           | Time: 00:00.31 (Saving: 00:00.01)
05:45.241  render           | Rendering frame 874
05:45.241  render           | Executing sequencer
05:45.242  render           | Rendering frame 874
05:45.242  render           | Start rendering: KHATIB / Software launch, ViewLayer
05:45.242  render           | Engine: EEVEE
05:45.288  render           | Fra: 874 | Rendering 1 / 16 samples
05:45.310  render           | Fra: 874 | Rendering 16 / 16 samples
05:45.562  render           | Video append frame 874
05:45.562  render           | Time: 00:00.32 (Saving: 00:00.01)
05:45.562  render           | Rendering frame 875
05:45.562  render           | Executing sequencer
05:45.562  render           | Rendering frame 875
05:45.562  render           | Start rendering: KHATIB / Software launch, ViewLayer
05:45.563  render           | Engine: EEVEE
05:45.609  render           | Fra: 875 | Rendering 1 / 16 samples
05:45.631  render           | Fra: 875 | Rendering 16 / 16 samples
05:45.882  render           | Video append frame 875
05:45.882  render           | Time: 00:00.31 (Saving: 00:00.01)
05:45.882  render           | Rendering frame 876
05:45.882  render           | Executing sequencer
05:45.882  render           | Rendering frame 876
05:45.882  render           | Start rendering: KHATIB / Software launch, ViewLayer
05:45.882  render           | Engine: EEVEE
05:45.928  render           | Fra: 876 | Rendering 1 / 16 samples
05:45.951  render           | Fra: 876 | Rendering 16 / 16 samples
05:46.200  render           | Video append frame 876
05:46.200  render           | Time: 00:00.31 (Saving: 00:00.01)
05:46.200  render           | Rendering frame 877
05:46.200  render           | Executing sequencer
05:46.201  render           | Rendering frame 877
05:46.201  render           | Start rendering: KHATIB / Software launch, ViewLayer
05:46.201  render           | Engine: EEVEE
05:46.249  render           | Fra: 877 | Rendering 1 / 16 samples
05:46.272  render           | Fra: 877 | Rendering 16 / 16 samples
05:46.517  render           | Video append frame 877
05:46.517  render           | Time: 00:00.31 (Saving: 00:00.01)
05:46.517  render           | Rendering frame 878
05:46.517  render           | Executing sequencer
05:46.517  render           | Rendering frame 878
05:46.517  render           | Start rendering: KHATIB / Software launch, ViewLayer
05:46.517  render           | Engine: EEVEE
05:46.565  render           | Fra: 878 | Rendering 1 / 16 samples
05:46.588  render           | Fra: 878 | Rendering 16 / 16 samples
05:46.843  render           | Video append frame 878
05:46.843  render           | Time: 00:00.32 (Saving: 00:00.01)
05:46.843  render           | Rendering frame 879
05:46.843  render           | Executing sequencer
05:46.843  render           | Rendering frame 879
05:46.844  render           | Start rendering: KHATIB / Software launch, ViewLayer
05:46.844  render           | Engine: EEVEE
05:46.892  render           | Fra: 879 | Rendering 1 / 16 samples
05:46.914  render           | Fra: 879 | Rendering 16 / 16 samples
05:47.162  render           | Video append frame 879
05:47.162  render           | Time: 00:00.31 (Saving: 00:00.01)
05:47.162  render           | Rendering frame 880
05:47.162  render           | Executing sequencer
05:47.162  render           | Rendering frame 880
05:47.163  render           | Start rendering: KHATIB / Software launch, ViewLayer
05:47.163  render           | Engine: EEVEE
05:47.209  render           | Fra: 880 | Rendering 1 / 16 samples
05:47.232  render           | Fra: 880 | Rendering 16 / 16 samples
05:47.486  render           | Video append frame 880
05:47.486  render           | Time: 00:00.32 (Saving: 00:00.01)
05:47.486  render           | Rendering frame 881
05:47.486  render           | Executing sequencer
05:47.486  render           | Rendering frame 881
05:47.486  render           | Start rendering: KHATIB / Software launch, ViewLayer
05:47.486  render           | Engine: EEVEE
05:47.533  render           | Fra: 881 | Rendering 1 / 16 samples
05:47.555  render           | Fra: 881 | Rendering 16 / 16 samples
05:47.827  render           | Video append frame 881
05:47.827  render           | Time: 00:00.34 (Saving: 00:00.01)
05:47.827  render           | Rendering frame 882
05:47.828  render           | Executing sequencer
05:47.828  render           | Rendering frame 882
05:47.828  render           | Start rendering: KHATIB / Software launch, ViewLayer
05:47.828  render           | Engine: EEVEE
05:47.877  render           | Fra: 882 | Rendering 1 / 16 samples
05:47.900  render           | Fra: 882 | Rendering 16 / 16 samples
05:48.152  render           | Video append frame 882
05:48.152  render           | Time: 00:00.32 (Saving: 00:00.01)
05:48.152  render           | Rendering frame 883
05:48.153  render           | Executing sequencer
05:48.153  render           | Rendering frame 883
05:48.153  render           | Start rendering: KHATIB / Software launch, ViewLayer
05:48.153  render           | Engine: EEVEE
05:48.199  render           | Fra: 883 | Rendering 1 / 16 samples
05:48.222  render           | Fra: 883 | Rendering 16 / 16 samples
05:48.472  render           | Video append frame 883
05:48.472  render           | Time: 00:00.31 (Saving: 00:00.01)
05:48.472  render           | Rendering frame 884
05:48.472  render           | Executing sequencer
05:48.472  render           | Rendering frame 884
05:48.472  render           | Start rendering: KHATIB / Software launch, ViewLayer
05:48.472  render           | Engine: EEVEE
05:48.530  render           | Fra: 884 | Rendering 1 / 16 samples
05:48.553  render           | Fra: 884 | Rendering 16 / 16 samples
05:48.798  render           | Video append frame 884
05:48.798  render           | Time: 00:00.32 (Saving: 00:00.01)
05:48.798  render           | Rendering frame 885
05:48.798  render           | Executing sequencer
05:48.803  render           | Rendering frame 885
05:48.803  render           | Start rendering: KHATIB / Software launch, ViewLayer
05:48.803  render           | Engine: EEVEE
05:48.848  render           | Fra: 885 | Rendering 1 / 16 samples
05:48.870  render           | Fra: 885 | Rendering 16 / 16 samples
05:49.118  render           | Video append frame 885
05:49.118  render           | Time: 00:00.32 (Saving: 00:00.01)
05:49.118  render           | Rendering frame 886
05:49.119  render           | Executing sequencer
05:49.132  render           | Rendering frame 886
05:49.133  render           | Start rendering: KHATIB / Software launch, ViewLayer
05:49.133  render           | Engine: EEVEE
05:49.183  render           | Fra: 886 | Rendering 1 / 16 samples
05:49.207  render           | Fra: 886 | Rendering 16 / 16 samples
05:49.459  render           | Video append frame 886
05:49.460  render           | Time: 00:00.34 (Saving: 00:00.02)
05:49.460  render           | Rendering frame 887
05:49.460  render           | Executing sequencer
05:49.463  render           | Rendering frame 887
05:49.464  render           | Start rendering: KHATIB / Software launch, ViewLayer
05:49.464  render           | Engine: EEVEE
05:49.513  render           | Fra: 887 | Rendering 1 / 16 samples
05:49.535  render           | Fra: 887 | Rendering 16 / 16 samples
05:49.780  render           | Video append frame 887
05:49.780  render           | Time: 00:00.32 (Saving: 00:00.01)
05:49.780  render           | Rendering frame 888
05:49.781  render           | Executing sequencer
05:49.781  render           | Rendering frame 888
05:49.781  render           | Start rendering: KHATIB / Software launch, ViewLayer
05:49.781  render           | Engine: EEVEE
05:49.827  render           | Fra: 888 | Rendering 1 / 16 samples
05:49.849  render           | Fra: 888 | Rendering 16 / 16 samples
05:50.113  render           | Video append frame 888
05:50.113  render           | Time: 00:00.33 (Saving: 00:00.01)
05:50.113  render           | Rendering frame 889
05:50.114  render           | Executing sequencer
05:50.114  render           | Rendering frame 889
05:50.114  render           | Start rendering: KHATIB / Software launch, ViewLayer
05:50.114  render           | Engine: EEVEE
05:50.160  render           | Fra: 889 | Rendering 1 / 16 samples
05:50.182  render           | Fra: 889 | Rendering 16 / 16 samples
05:50.438  render           | Video append frame 889
05:50.438  render           | Time: 00:00.32 (Saving: 00:00.01)
05:50.438  render           | Rendering frame 890
05:50.438  render           | Executing sequencer
05:50.439  render           | Rendering frame 890
05:50.439  render           | Start rendering: KHATIB / Software launch, ViewLayer
05:50.439  render           | Engine: EEVEE
05:50.487  render           | Fra: 890 | Rendering 1 / 16 samples
05:50.509  render           | Fra: 890 | Rendering 16 / 16 samples
05:50.763  render           | Video append frame 890
05:50.763  render           | Time: 00:00.32 (Saving: 00:00.01)
05:50.763  render           | Rendering frame 891
05:50.763  render           | Executing sequencer
05:50.764  render           | Rendering frame 891
05:50.764  render           | Start rendering: KHATIB / Software launch, ViewLayer
05:50.764  render           | Engine: EEVEE
05:50.811  render           | Fra: 891 | Rendering 1 / 16 samples
05:50.835  render           | Fra: 891 | Rendering 16 / 16 samples
05:51.125  render           | Video append frame 891
05:51.125  render           | Time: 00:00.36 (Saving: 00:00.01)
05:51.125  render           | Rendering frame 892
05:51.126  render           | Executing sequencer
05:51.132  render           | Rendering frame 892
05:51.133  render           | Start rendering: KHATIB / Software launch, ViewLayer
05:51.133  render           | Engine: EEVEE
05:51.188  render           | Fra: 892 | Rendering 1 / 16 samples
05:51.214  render           | Fra: 892 | Rendering 16 / 16 samples
05:51.491  render           | Video append frame 892
05:51.491  render           | Time: 00:00.36 (Saving: 00:00.01)
05:51.491  render           | Rendering frame 893
05:51.492  render           | Executing sequencer
05:51.498  render           | Rendering frame 893
05:51.499  render           | Start rendering: KHATIB / Software launch, ViewLayer
05:51.499  render           | Engine: EEVEE
05:51.550  render           | Fra: 893 | Rendering 1 / 16 samples
05:51.574  render           | Fra: 893 | Rendering 16 / 16 samples
05:51.828  render           | Video append frame 893
05:51.828  render           | Time: 00:00.33 (Saving: 00:00.01)
05:51.828  render           | Rendering frame 894
05:51.828  render           | Executing sequencer
05:51.833  render           | Rendering frame 894
05:51.835  render           | Start rendering: KHATIB / Software launch, ViewLayer
05:51.835  render           | Engine: EEVEE
05:51.889  render           | Fra: 894 | Rendering 1 / 16 samples
05:51.913  render           | Fra: 894 | Rendering 16 / 16 samples
05:52.175  render           | Video append frame 894
05:52.175  render           | Time: 00:00.34 (Saving: 00:00.01)
05:52.175  render           | Rendering frame 895
05:52.175  render           | Executing sequencer
05:52.180  render           | Rendering frame 895
05:52.180  render           | Start rendering: KHATIB / Software launch, ViewLayer
05:52.180  render           | Engine: EEVEE
05:52.232  render           | Fra: 895 | Rendering 1 / 16 samples
05:52.257  render           | Fra: 895 | Rendering 16 / 16 samples
05:52.523  render           | Video append frame 895
05:52.523  render           | Time: 00:00.34 (Saving: 00:00.01)
05:52.524  render           | Rendering frame 896
05:52.524  render           | Executing sequencer
05:52.620  render           | Rendering frame 896
05:52.620  render           | Start rendering: KHATIB / Software launch, ViewLayer
05:52.620  render           | Engine: EEVEE
05:52.671  render           | Fra: 896 | Rendering 1 / 16 samples
05:52.694  render           | Fra: 896 | Rendering 16 / 16 samples
05:52.943  render           | Video append frame 896
05:52.943  render           | Time: 00:00.41 (Saving: 00:00.01)
05:52.943  render           | Rendering frame 897
05:52.943  render           | Executing sequencer
05:52.944  render           | Rendering frame 897
05:52.944  render           | Start rendering: KHATIB / Software launch, ViewLayer
05:52.944  render           | Engine: EEVEE
05:52.990  render           | Fra: 897 | Rendering 1 / 16 samples
05:53.013  render           | Fra: 897 | Rendering 16 / 16 samples
05:53.253  render           | Video append frame 897
05:53.253  render           | Time: 00:00.31 (Saving: 00:00.01)
05:53.253  render           | Rendering frame 898
05:53.254  render           | Executing sequencer
05:53.254  render           | Rendering frame 898
05:53.255  render           | Start rendering: KHATIB / Software launch, ViewLayer
05:53.255  render           | Engine: EEVEE
05:53.307  render           | Fra: 898 | Rendering 1 / 16 samples
05:53.331  render           | Fra: 898 | Rendering 16 / 16 samples
05:53.579  render           | Video append frame 898
05:53.579  render           | Time: 00:00.32 (Saving: 00:00.01)
05:53.579  render           | Rendering frame 899
05:53.579  render           | Executing sequencer
05:53.580  render           | Rendering frame 899
05:53.580  render           | Start rendering: KHATIB / Software launch, ViewLayer
05:53.580  render           | Engine: EEVEE
05:53.635  render           | Fra: 899 | Rendering 1 / 16 samples
05:53.659  render           | Fra: 899 | Rendering 16 / 16 samples
05:53.908  render           | Video append frame 899
05:53.908  render           | Time: 00:00.32 (Saving: 00:00.01)
05:53.908  render           | Rendering frame 900
05:53.909  render           | Executing sequencer
05:53.909  render           | Rendering frame 900
05:53.910  render           | Start rendering: KHATIB / Software launch, ViewLayer
05:53.910  render           | Engine: EEVEE
05:53.959  render           | Fra: 900 | Rendering 1 / 16 samples
05:53.982  render           | Fra: 900 | Rendering 16 / 16 samples
05:54.240  render           | Video append frame 900
05:54.240  render           | Time: 00:00.33 (Saving: 00:00.01)
05:54.240  render           | Rendering frame 901
05:54.241  render           | Executing sequencer
05:54.241  render           | Rendering frame 901
05:54.241  render           | Start rendering: KHATIB / Software launch, ViewLayer
05:54.241  render           | Engine: EEVEE
05:54.291  render           | Fra: 901 | Rendering 1 / 16 samples
05:54.314  render           | Fra: 901 | Rendering 16 / 16 samples
05:54.577  render           | Video append frame 901
05:54.577  render           | Time: 00:00.33 (Saving: 00:00.01)
05:54.577  render           | Rendering frame 902
05:54.577  render           | Executing sequencer
05:54.578  render           | Rendering frame 902
05:54.578  render           | Start rendering: KHATIB / Software launch, ViewLayer
05:54.578  render           | Engine: EEVEE
05:54.629  render           | Fra: 902 | Rendering 1 / 16 samples
05:54.654  render           | Fra: 902 | Rendering 16 / 16 samples
05:54.931  render           | Video append frame 902
05:54.931  render           | Time: 00:00.35 (Saving: 00:00.01)
05:54.931  render           | Rendering frame 903
05:54.931  render           | Executing sequencer
05:54.932  render           | Rendering frame 903
05:54.933  render           | Start rendering: KHATIB / Software launch, ViewLayer
05:54.933  render           | Engine: EEVEE
05:54.993  render           | Fra: 903 | Rendering 1 / 16 samples
05:55.023  render           | Fra: 903 | Rendering 16 / 16 samples
05:55.302  render           | Video append frame 903
05:55.302  render           | Time: 00:00.37 (Saving: 00:00.01)
05:55.302  render           | Rendering frame 904
05:55.302  render           | Executing sequencer
05:55.303  render           | Rendering frame 904
05:55.303  render           | Start rendering: KHATIB / Software launch, ViewLayer
05:55.303  render           | Engine: EEVEE
05:55.352  render           | Fra: 904 | Rendering 1 / 16 samples
05:55.376  render           | Fra: 904 | Rendering 16 / 16 samples
05:55.642  render           | Video append frame 904
05:55.642  render           | Time: 00:00.33 (Saving: 00:00.01)
05:55.642  render           | Rendering frame 905
05:55.642  render           | Executing sequencer
05:55.643  render           | Rendering frame 905
05:55.643  render           | Start rendering: KHATIB / Software launch, ViewLayer
05:55.643  render           | Engine: EEVEE
05:55.690  render           | Fra: 905 | Rendering 1 / 16 samples
05:55.713  render           | Fra: 905 | Rendering 16 / 16 samples
05:55.986  render           | Video append frame 905
05:55.986  render           | Time: 00:00.34 (Saving: 00:00.01)
05:55.986  render           | Rendering frame 906
05:55.987  render           | Executing sequencer
05:55.987  render           | Rendering frame 906
05:55.988  render           | Start rendering: KHATIB / Software launch, ViewLayer
05:55.988  render           | Engine: EEVEE
05:56.043  render           | Fra: 906 | Rendering 1 / 16 samples
05:56.065  render           | Fra: 906 | Rendering 16 / 16 samples
05:56.333  render           | Video append frame 906
05:56.333  render           | Time: 00:00.34 (Saving: 00:00.01)
05:56.333  render           | Rendering frame 907
05:56.333  render           | Executing sequencer
05:56.334  render           | Rendering frame 907
05:56.334  render           | Start rendering: KHATIB / Software launch, ViewLayer
05:56.334  render           | Engine: EEVEE
05:56.380  render           | Fra: 907 | Rendering 1 / 16 samples
05:56.402  render           | Fra: 907 | Rendering 16 / 16 samples
05:56.668  render           | Video append frame 907
05:56.668  render           | Time: 00:00.33 (Saving: 00:00.01)
05:56.668  render           | Rendering frame 908
05:56.668  render           | Executing sequencer
05:56.669  render           | Rendering frame 908
05:56.669  render           | Start rendering: KHATIB / Software launch, ViewLayer
05:56.669  render           | Engine: EEVEE
05:56.717  render           | Fra: 908 | Rendering 1 / 16 samples
05:56.739  render           | Fra: 908 | Rendering 16 / 16 samples
05:57.029  render           | Video append frame 908
05:57.029  render           | Time: 00:00.36 (Saving: 00:00.01)
05:57.029  render           | Rendering frame 909
05:57.029  render           | Executing sequencer
05:57.030  render           | Rendering frame 909
05:57.031  render           | Start rendering: KHATIB / Software launch, ViewLayer
05:57.031  render           | Engine: EEVEE
05:57.078  render           | Fra: 909 | Rendering 1 / 16 samples
05:57.102  render           | Fra: 909 | Rendering 16 / 16 samples
05:57.389  render           | Video append frame 909
05:57.389  render           | Time: 00:00.36 (Saving: 00:00.01)
05:57.389  render           | Rendering frame 910
05:57.390  render           | Executing sequencer
05:57.391  render           | Rendering frame 910
05:57.392  render           | Start rendering: KHATIB / Software launch, ViewLayer
05:57.392  render           | Engine: EEVEE
05:57.438  render           | Fra: 910 | Rendering 1 / 16 samples
05:57.460  render           | Fra: 910 | Rendering 16 / 16 samples
05:57.724  render           | Video append frame 910
05:57.724  render           | Time: 00:00.33 (Saving: 00:00.01)
05:57.724  render           | Rendering frame 911
05:57.725  render           | Executing sequencer
05:57.727  render           | Rendering frame 911
05:57.727  render           | Start rendering: KHATIB / Software launch, ViewLayer
05:57.727  render           | Engine: EEVEE
05:57.775  render           | Fra: 911 | Rendering 1 / 16 samples
05:57.798  render           | Fra: 911 | Rendering 16 / 16 samples
05:58.062  render           | Video append frame 911
05:58.062  render           | Time: 00:00.33 (Saving: 00:00.01)
05:58.062  render           | Rendering frame 912
05:58.062  render           | Executing sequencer
05:58.069  render           | Rendering frame 912
05:58.069  render           | Start rendering: KHATIB / Software launch, ViewLayer
05:58.069  render           | Engine: EEVEE
05:58.115  render           | Fra: 912 | Rendering 1 / 16 samples
05:58.137  render           | Fra: 912 | Rendering 16 / 16 samples
05:58.403  render           | Video append frame 912
05:58.403  render           | Time: 00:00.34 (Saving: 00:00.01)
05:58.403  render           | Rendering frame 913
05:58.404  render           | Executing sequencer
05:58.410  render           | Rendering frame 913
05:58.410  render           | Start rendering: KHATIB / Software launch, ViewLayer
05:58.410  render           | Engine: EEVEE
05:58.460  render           | Fra: 913 | Rendering 1 / 16 samples
05:58.482  render           | Fra: 913 | Rendering 16 / 16 samples
05:58.741  render           | Video append frame 913
05:58.741  render           | Time: 00:00.33 (Saving: 00:00.01)
05:58.741  render           | Rendering frame 914
05:58.741  render           | Executing sequencer
05:58.746  render           | Rendering frame 914
05:58.746  render           | Start rendering: KHATIB / Software launch, ViewLayer
05:58.746  render           | Engine: EEVEE
05:58.793  render           | Fra: 914 | Rendering 1 / 16 samples
05:58.816  render           | Fra: 914 | Rendering 16 / 16 samples
05:59.075  render           | Video append frame 914
05:59.075  render           | Time: 00:00.33 (Saving: 00:00.01)
05:59.075  render           | Rendering frame 915
05:59.075  render           | Executing sequencer
05:59.076  render           | Rendering frame 915
05:59.077  render           | Start rendering: KHATIB / Software launch, ViewLayer
05:59.077  render           | Engine: EEVEE
05:59.123  render           | Fra: 915 | Rendering 1 / 16 samples
05:59.145  render           | Fra: 915 | Rendering 16 / 16 samples
05:59.402  render           | Video append frame 915
05:59.402  render           | Time: 00:00.32 (Saving: 00:00.01)
05:59.402  render           | Rendering frame 916
05:59.402  render           | Executing sequencer
05:59.403  render           | Rendering frame 916
05:59.403  render           | Start rendering: KHATIB / Software launch, ViewLayer
05:59.403  render           | Engine: EEVEE
05:59.450  render           | Fra: 916 | Rendering 1 / 16 samples
05:59.473  render           | Fra: 916 | Rendering 16 / 16 samples
05:59.743  render           | Video append frame 916
05:59.743  render           | Time: 00:00.34 (Saving: 00:00.01)
05:59.743  render           | Rendering frame 917
05:59.743  render           | Executing sequencer
05:59.744  render           | Rendering frame 917
05:59.744  render           | Start rendering: KHATIB / Software launch, ViewLayer
05:59.744  render           | Engine: EEVEE
05:59.792  render           | Fra: 917 | Rendering 1 / 16 samples
05:59.815  render           | Fra: 917 | Rendering 16 / 16 samples
06:00.082  render           | Video append frame 917
06:00.082  render           | Time: 00:00.33 (Saving: 00:00.01)
06:00.082  render           | Rendering frame 918
06:00.083  render           | Executing sequencer
06:00.084  render           | Rendering frame 918
06:00.084  render           | Start rendering: KHATIB / Software launch, ViewLayer
06:00.084  render           | Engine: EEVEE
06:00.130  render           | Fra: 918 | Rendering 1 / 16 samples
06:00.152  render           | Fra: 918 | Rendering 16 / 16 samples
06:00.426  render           | Video append frame 918
06:00.426  render           | Time: 00:00.34 (Saving: 00:00.01)
06:00.426  render           | Rendering frame 919
06:00.426  render           | Executing sequencer
06:00.427  render           | Rendering frame 919
06:00.427  render           | Start rendering: KHATIB / Software launch, ViewLayer
06:00.427  render           | Engine: EEVEE
06:00.475  render           | Fra: 919 | Rendering 1 / 16 samples
06:00.497  render           | Fra: 919 | Rendering 16 / 16 samples
06:00.766  render           | Video append frame 919
06:00.766  render           | Time: 00:00.34 (Saving: 00:00.01)
06:00.766  render           | Rendering frame 920
06:00.766  render           | Executing sequencer
06:00.767  render           | Rendering frame 920
06:00.768  render           | Start rendering: KHATIB / Software launch, ViewLayer
06:00.768  render           | Engine: EEVEE
06:00.812  render           | Fra: 920 | Rendering 1 / 16 samples
06:00.834  render           | Fra: 920 | Rendering 16 / 16 samples
06:01.113  render           | Video append frame 920
06:01.113  render           | Time: 00:00.34 (Saving: 00:00.01)
06:01.113  render           | Rendering frame 921
06:01.114  render           | Executing sequencer
06:01.114  render           | Rendering frame 921
06:01.115  render           | Start rendering: KHATIB / Software launch, ViewLayer
06:01.115  render           | Engine: EEVEE
06:01.170  render           | Fra: 921 | Rendering 1 / 16 samples
06:01.194  render           | Fra: 921 | Rendering 16 / 16 samples
06:01.471  render           | Video append frame 921
06:01.471  render           | Time: 00:00.35 (Saving: 00:00.01)
06:01.471  render           | Rendering frame 922
06:01.472  render           | Executing sequencer
06:01.472  render           | Rendering frame 922
06:01.473  render           | Start rendering: KHATIB / Software launch, ViewLayer
06:01.473  render           | Engine: EEVEE
06:01.521  render           | Fra: 922 | Rendering 1 / 16 samples
06:01.545  render           | Fra: 922 | Rendering 16 / 16 samples
06:01.811  render           | Video append frame 922
06:01.811  render           | Time: 00:00.33 (Saving: 00:00.01)
06:01.811  render           | Rendering frame 923
06:01.811  render           | Executing sequencer
06:01.812  render           | Rendering frame 923
06:01.812  render           | Start rendering: KHATIB / Software launch, ViewLayer
06:01.812  render           | Engine: EEVEE
06:01.860  render           | Fra: 923 | Rendering 1 / 16 samples
06:01.883  render           | Fra: 923 | Rendering 16 / 16 samples
06:02.178  render           | Video append frame 923
06:02.178  render           | Time: 00:00.36 (Saving: 00:00.02)
06:02.178  render           | Rendering frame 924
06:02.178  render           | Executing sequencer
06:02.180  render           | Rendering frame 924
06:02.180  render           | Start rendering: KHATIB / Software launch, ViewLayer
06:02.180  render           | Engine: EEVEE
06:02.233  render           | Fra: 924 | Rendering 1 / 16 samples
06:02.258  render           | Fra: 924 | Rendering 16 / 16 samples
06:02.542  render           | Video append frame 924
06:02.542  render           | Time: 00:00.36 (Saving: 00:00.02)
06:02.542  render           | Rendering frame 925
06:02.542  render           | Executing sequencer
06:02.543  render           | Rendering frame 925
06:02.543  render           | Start rendering: KHATIB / Software launch, ViewLayer
06:02.543  render           | Engine: EEVEE
06:02.595  render           | Fra: 925 | Rendering 1 / 16 samples
06:02.618  render           | Fra: 925 | Rendering 16 / 16 samples
06:02.889  render           | Video append frame 925
06:02.889  render           | Time: 00:00.34 (Saving: 00:00.01)
06:02.890  render           | Rendering frame 926
06:02.890  render           | Executing sequencer
06:02.891  render           | Rendering frame 926
06:02.891  render           | Start rendering: KHATIB / Software launch, ViewLayer
06:02.891  render           | Engine: EEVEE
06:02.938  render           | Fra: 926 | Rendering 1 / 16 samples
06:02.962  render           | Fra: 926 | Rendering 16 / 16 samples
06:03.229  render           | Video append frame 926
06:03.229  render           | Time: 00:00.33 (Saving: 00:00.01)
06:03.229  render           | Rendering frame 927
06:03.229  render           | Executing sequencer
06:03.230  render           | Rendering frame 927
06:03.230  render           | Start rendering: KHATIB / Software launch, ViewLayer
06:03.230  render           | Engine: EEVEE
06:03.281  render           | Fra: 927 | Rendering 1 / 16 samples
06:03.305  render           | Fra: 927 | Rendering 16 / 16 samples
06:03.588  render           | Video append frame 927
06:03.588  render           | Time: 00:00.35 (Saving: 00:00.01)
06:03.588  render           | Rendering frame 928
06:03.588  render           | Executing sequencer
06:03.590  render           | Rendering frame 928
06:03.590  render           | Start rendering: KHATIB / Software launch, ViewLayer
06:03.590  render           | Engine: EEVEE
06:03.642  render           | Fra: 928 | Rendering 1 / 16 samples
06:03.666  render           | Fra: 928 | Rendering 16 / 16 samples
06:03.935  render           | Video append frame 928
06:03.935  render           | Time: 00:00.34 (Saving: 00:00.01)
06:03.935  render           | Rendering frame 929
06:03.936  render           | Executing sequencer
06:03.937  render           | Rendering frame 929
06:03.937  render           | Start rendering: KHATIB / Software launch, ViewLayer
06:03.937  render           | Engine: EEVEE
06:03.989  render           | Fra: 929 | Rendering 1 / 16 samples
06:04.013  render           | Fra: 929 | Rendering 16 / 16 samples
06:04.282  render           | Video append frame 929
06:04.282  render           | Time: 00:00.34 (Saving: 00:00.01)
06:04.282  render           | Rendering frame 930
06:04.282  render           | Executing sequencer
06:04.283  render           | Rendering frame 930
06:04.283  render           | Start rendering: KHATIB / Software launch, ViewLayer
06:04.283  render           | Engine: EEVEE
06:04.333  render           | Fra: 930 | Rendering 1 / 16 samples
06:04.357  render           | Fra: 930 | Rendering 16 / 16 samples
06:04.639  render           | Video append frame 930
06:04.639  render           | Time: 00:00.35 (Saving: 00:00.01)
06:04.639  render           | Rendering frame 931
06:04.640  render           | Executing sequencer
06:04.640  render           | Rendering frame 931
06:04.641  render           | Start rendering: KHATIB / Software launch, ViewLayer
06:04.641  render           | Engine: EEVEE
06:04.688  render           | Fra: 931 | Rendering 1 / 16 samples
06:04.712  render           | Fra: 931 | Rendering 16 / 16 samples
06:05.008  render           | Video append frame 931
06:05.008  render           | Time: 00:00.36 (Saving: 00:00.01)
06:05.008  render           | Rendering frame 932
06:05.008  render           | Executing sequencer
06:05.010  render           | Rendering frame 932
06:05.010  render           | Start rendering: KHATIB / Software launch, ViewLayer
06:05.010  render           | Engine: EEVEE
06:05.067  render           | Fra: 932 | Rendering 1 / 16 samples
06:05.092  render           | Fra: 932 | Rendering 16 / 16 samples
06:05.360  render           | Video append frame 932
06:05.360  render           | Time: 00:00.35 (Saving: 00:00.01)
06:05.360  render           | Rendering frame 933
06:05.360  render           | Executing sequencer
06:05.400  render           | Rendering frame 933
06:05.400  render           | Start rendering: KHATIB / Software launch, ViewLayer
06:05.400  render           | Engine: EEVEE
06:05.446  render           | Fra: 933 | Rendering 1 / 16 samples
06:05.470  render           | Fra: 933 | Rendering 16 / 16 samples
06:05.723  render           | Video append frame 933
06:05.723  render           | Time: 00:00.36 (Saving: 00:00.01)
06:05.723  render           | Rendering frame 934
06:05.723  render           | Executing sequencer
06:05.724  render           | Rendering frame 934
06:05.725  render           | Start rendering: KHATIB / Software launch, ViewLayer
06:05.725  render           | Engine: EEVEE
06:05.770  render           | Fra: 934 | Rendering 1 / 16 samples
06:05.793  render           | Fra: 934 | Rendering 16 / 16 samples
06:06.039  render           | Video append frame 934
06:06.039  render           | Time: 00:00.31 (Saving: 00:00.01)
06:06.039  render           | Rendering frame 935
06:06.039  render           | Executing sequencer
06:06.040  render           | Rendering frame 935
06:06.040  render           | Start rendering: KHATIB / Software launch, ViewLayer
06:06.040  render           | Engine: EEVEE
06:06.086  render           | Fra: 935 | Rendering 1 / 16 samples
06:06.109  render           | Fra: 935 | Rendering 16 / 16 samples
06:06.347  render           | Video append frame 935
06:06.347  render           | Time: 00:00.30 (Saving: 00:00.01)
06:06.347  render           | Rendering frame 936
06:06.347  render           | Executing sequencer
06:06.348  render           | Rendering frame 936
06:06.348  render           | Start rendering: KHATIB / Software launch, ViewLayer
06:06.348  render           | Engine: EEVEE
06:06.398  render           | Fra: 936 | Rendering 1 / 16 samples
06:06.421  render           | Fra: 936 | Rendering 16 / 16 samples
06:06.665  render           | Video append frame 936
06:06.665  render           | Time: 00:00.31 (Saving: 00:00.01)
06:06.665  render           | Rendering frame 937
06:06.665  render           | Executing sequencer
06:06.666  render           | Rendering frame 937
06:06.667  render           | Start rendering: KHATIB / Software launch, ViewLayer
06:06.667  render           | Engine: EEVEE
06:06.711  render           | Fra: 937 | Rendering 1 / 16 samples
06:06.733  render           | Fra: 937 | Rendering 16 / 16 samples
06:06.984  render           | Video append frame 937
06:06.984  render           | Time: 00:00.31 (Saving: 00:00.01)
06:06.984  render           | Rendering frame 938
06:06.985  render           | Executing sequencer
06:06.985  render           | Rendering frame 938
06:06.986  render           | Start rendering: KHATIB / Software launch, ViewLayer
06:06.986  render           | Engine: EEVEE
06:07.032  render           | Fra: 938 | Rendering 1 / 16 samples
06:07.054  render           | Fra: 938 | Rendering 16 / 16 samples
06:07.305  render           | Video append frame 938
06:07.305  render           | Time: 00:00.32 (Saving: 00:00.01)
06:07.305  render           | Rendering frame 939
06:07.305  render           | Executing sequencer
06:07.306  render           | Rendering frame 939
06:07.306  render           | Start rendering: KHATIB / Software launch, ViewLayer
06:07.306  render           | Engine: EEVEE
06:07.350  render           | Fra: 939 | Rendering 1 / 16 samples
06:07.373  render           | Fra: 939 | Rendering 16 / 16 samples
06:07.635  render           | Video append frame 939
06:07.635  render           | Time: 00:00.32 (Saving: 00:00.01)
06:07.635  render           | Rendering frame 940
06:07.635  render           | Executing sequencer
06:07.636  render           | Rendering frame 940
06:07.636  render           | Start rendering: KHATIB / Software launch, ViewLayer
06:07.636  render           | Engine: EEVEE
06:07.686  render           | Fra: 940 | Rendering 1 / 16 samples
06:07.710  render           | Fra: 940 | Rendering 16 / 16 samples
06:07.980  render           | Video append frame 940
06:07.980  render           | Time: 00:00.34 (Saving: 00:00.01)
06:07.980  render           | Rendering frame 941
06:07.980  render           | Executing sequencer
06:07.982  render           | Rendering frame 941
06:07.982  render           | Start rendering: KHATIB / Software launch, ViewLayer
06:07.982  render           | Engine: EEVEE
06:08.031  render           | Fra: 941 | Rendering 1 / 16 samples
06:08.054  render           | Fra: 941 | Rendering 16 / 16 samples
06:08.323  render           | Video append frame 941
06:08.323  render           | Time: 00:00.34 (Saving: 00:00.01)
06:08.323  render           | Rendering frame 942
06:08.323  render           | Executing sequencer
06:08.324  render           | Rendering frame 942
06:08.324  render           | Start rendering: KHATIB / Software launch, ViewLayer
06:08.324  render           | Engine: EEVEE
06:08.370  render           | Fra: 942 | Rendering 1 / 16 samples
06:08.393  render           | Fra: 942 | Rendering 16 / 16 samples
06:08.658  render           | Video append frame 942
06:08.658  render           | Time: 00:00.33 (Saving: 00:00.01)
06:08.658  render           | Rendering frame 943
06:08.658  render           | Executing sequencer
06:08.659  render           | Rendering frame 943
06:08.659  render           | Start rendering: KHATIB / Software launch, ViewLayer
06:08.659  render           | Engine: EEVEE
06:08.704  render           | Fra: 943 | Rendering 1 / 16 samples
06:08.726  render           | Fra: 943 | Rendering 16 / 16 samples
06:09.000  render           | Video append frame 943
06:09.000  render           | Time: 00:00.34 (Saving: 00:00.01)
06:09.001  render           | Rendering frame 944
06:09.001  render           | Executing sequencer
06:09.002  render           | Rendering frame 944
06:09.002  render           | Start rendering: KHATIB / Software launch, ViewLayer
06:09.002  render           | Engine: EEVEE
06:09.047  render           | Fra: 944 | Rendering 1 / 16 samples
06:09.070  render           | Fra: 944 | Rendering 16 / 16 samples
06:09.358  render           | Video append frame 944
06:09.358  render           | Time: 00:00.35 (Saving: 00:00.02)
06:09.358  render           | Rendering frame 945
06:09.359  render           | Executing sequencer
06:09.360  render           | Rendering frame 945
06:09.360  render           | Start rendering: KHATIB / Software launch, ViewLayer
06:09.360  render           | Engine: EEVEE
06:09.411  render           | Fra: 945 | Rendering 1 / 16 samples
06:09.434  render           | Fra: 945 | Rendering 16 / 16 samples
06:09.713  render           | Video append frame 945
06:09.713  render           | Time: 00:00.35 (Saving: 00:00.01)
06:09.713  render           | Rendering frame 946
06:09.714  render           | Executing sequencer
06:09.715  render           | Rendering frame 946
06:09.715  render           | Start rendering: KHATIB / Software launch, ViewLayer
06:09.715  render           | Engine: EEVEE
06:09.765  render           | Fra: 946 | Rendering 1 / 16 samples
06:09.789  render           | Fra: 946 | Rendering 16 / 16 samples
06:10.059  render           | Video append frame 946
06:10.060  render           | Time: 00:00.34 (Saving: 00:00.01)
06:10.060  render           | Rendering frame 947
06:10.060  render           | Executing sequencer
06:10.061  render           | Rendering frame 947
06:10.061  render           | Start rendering: KHATIB / Software launch, ViewLayer
06:10.061  render           | Engine: EEVEE
06:10.108  render           | Fra: 947 | Rendering 1 / 16 samples
06:10.131  render           | Fra: 947 | Rendering 16 / 16 samples
06:10.400  render           | Video append frame 947
06:10.400  render           | Time: 00:00.33 (Saving: 00:00.01)
06:10.400  render           | Rendering frame 948
06:10.400  render           | Executing sequencer
06:10.401  render           | Rendering frame 948
06:10.401  render           | Start rendering: KHATIB / Software launch, ViewLayer
06:10.401  render           | Engine: EEVEE
06:10.448  render           | Fra: 948 | Rendering 1 / 16 samples
06:10.471  render           | Fra: 948 | Rendering 16 / 16 samples
06:10.736  render           | Video append frame 948
06:10.736  render           | Time: 00:00.33 (Saving: 00:00.01)
06:10.736  render           | Rendering frame 949
06:10.736  render           | Executing sequencer
06:10.737  render           | Rendering frame 949
06:10.737  render           | Start rendering: KHATIB / Software launch, ViewLayer
06:10.738  render           | Engine: EEVEE
06:10.783  render           | Fra: 949 | Rendering 1 / 16 samples
06:10.805  render           | Fra: 949 | Rendering 16 / 16 samples
06:11.068  render           | Video append frame 949
06:11.068  render           | Time: 00:00.33 (Saving: 00:00.01)
06:11.068  render           | Rendering frame 950
06:11.068  render           | Executing sequencer
06:11.069  render           | Rendering frame 950
06:11.069  render           | Start rendering: KHATIB / Software launch, ViewLayer
06:11.069  render           | Engine: EEVEE
06:11.116  render           | Fra: 950 | Rendering 1 / 16 samples
06:11.140  render           | Fra: 950 | Rendering 16 / 16 samples
06:11.406  render           | Video append frame 950
06:11.406  render           | Time: 00:00.33 (Saving: 00:00.01)
06:11.406  render           | Rendering frame 951
06:11.406  render           | Executing sequencer
06:11.407  render           | Rendering frame 951
06:11.407  render           | Start rendering: KHATIB / Software launch, ViewLayer
06:11.407  render           | Engine: EEVEE
06:11.453  render           | Fra: 951 | Rendering 1 / 16 samples
06:11.476  render           | Fra: 951 | Rendering 16 / 16 samples
06:11.740  render           | Video append frame 951
06:11.740  render           | Time: 00:00.33 (Saving: 00:00.01)
06:11.740  render           | Rendering frame 952
06:11.740  render           | Executing sequencer
06:11.741  render           | Rendering frame 952
06:11.741  render           | Start rendering: KHATIB / Software launch, ViewLayer
06:11.741  render           | Engine: EEVEE
06:11.787  render           | Fra: 952 | Rendering 1 / 16 samples
06:11.809  render           | Fra: 952 | Rendering 16 / 16 samples
06:12.081  render           | Video append frame 952
06:12.081  render           | Time: 00:00.34 (Saving: 00:00.01)
06:12.081  render           | Rendering frame 953
06:12.081  render           | Executing sequencer
06:12.082  render           | Rendering frame 953
06:12.082  render           | Start rendering: KHATIB / Software launch, ViewLayer
06:12.082  render           | Engine: EEVEE
06:12.128  render           | Fra: 953 | Rendering 1 / 16 samples
06:12.150  render           | Fra: 953 | Rendering 16 / 16 samples
06:12.421  render           | Video append frame 953
06:12.421  render           | Time: 00:00.34 (Saving: 00:00.01)
06:12.421  render           | Rendering frame 954
06:12.422  render           | Executing sequencer
06:12.424  render           | Rendering frame 954
06:12.425  render           | Start rendering: KHATIB / Software launch, ViewLayer
06:12.425  render           | Engine: EEVEE
06:12.477  render           | Fra: 954 | Rendering 1 / 16 samples
06:12.500  render           | Fra: 954 | Rendering 16 / 16 samples
06:12.818  render           | Video append frame 954
06:12.818  render           | Time: 00:00.39 (Saving: 00:00.01)
06:12.818  render           | Rendering frame 955
06:12.818  render           | Executing sequencer
06:12.819  render           | Rendering frame 955
06:12.819  render           | Start rendering: KHATIB / Software launch, ViewLayer
06:12.819  render           | Engine: EEVEE
06:12.867  render           | Fra: 955 | Rendering 1 / 16 samples
06:12.891  render           | Fra: 955 | Rendering 16 / 16 samples
06:13.160  render           | Video append frame 955
06:13.160  render           | Time: 00:00.34 (Saving: 00:00.01)
06:13.160  render           | Rendering frame 956
06:13.160  render           | Executing sequencer
06:13.161  render           | Rendering frame 956
06:13.162  render           | Start rendering: KHATIB / Software launch, ViewLayer
06:13.162  render           | Engine: EEVEE
06:13.213  render           | Fra: 956 | Rendering 1 / 16 samples
06:13.237  render           | Fra: 956 | Rendering 16 / 16 samples
06:13.507  render           | Video append frame 956
06:13.507  render           | Time: 00:00.34 (Saving: 00:00.01)
06:13.507  render           | Rendering frame 957
06:13.507  render           | Executing sequencer
06:13.508  render           | Rendering frame 957
06:13.509  render           | Start rendering: KHATIB / Software launch, ViewLayer
06:13.509  render           | Engine: EEVEE
06:13.561  render           | Fra: 957 | Rendering 1 / 16 samples
06:13.585  render           | Fra: 957 | Rendering 16 / 16 samples
06:13.859  render           | Video append frame 957
06:13.860  render           | Time: 00:00.35 (Saving: 00:00.01)
06:13.860  render           | Rendering frame 958
06:13.860  render           | Executing sequencer
06:13.861  render           | Rendering frame 958
06:13.861  render           | Start rendering: KHATIB / Software launch, ViewLayer
06:13.861  render           | Engine: EEVEE
06:13.912  render           | Fra: 958 | Rendering 1 / 16 samples
06:13.936  render           | Fra: 958 | Rendering 16 / 16 samples
06:14.230  render           | Video append frame 958
06:14.230  render           | Time: 00:00.37 (Saving: 00:00.02)
06:14.230  render           | Rendering frame 959
06:14.231  render           | Executing sequencer
06:14.232  render           | Rendering frame 959
06:14.232  render           | Start rendering: KHATIB / Software launch, ViewLayer
06:14.232  render           | Engine: EEVEE
06:14.280  render           | Fra: 959 | Rendering 1 / 16 samples
06:14.304  render           | Fra: 959 | Rendering 16 / 16 samples
06:14.582  render           | Video append frame 959
06:14.582  render           | Time: 00:00.35 (Saving: 00:00.01)
06:14.582  render           | Rendering frame 960
06:14.582  render           | Executing sequencer
06:14.583  render           | Rendering frame 960
06:14.583  render           | Start rendering: KHATIB / Software launch, ViewLayer
06:14.583  render           | Engine: EEVEE
06:14.633  render           | Fra: 960 | Rendering 1 / 16 samples
06:14.656  render           | Fra: 960 | Rendering 16 / 16 samples
06:14.926  render           | Video append frame 960
06:14.927  render           | Time: 00:00.34 (Saving: 00:00.01)
06:14.927  render           | Rendering frame 961
06:14.927  render           | Executing sequencer
06:14.929  render           | Rendering frame 961
06:14.929  render           | Start rendering: KHATIB / Software launch, ViewLayer
06:14.929  render           | Engine: EEVEE
06:14.991  render           | Fra: 961 | Rendering 1 / 16 samples
06:15.015  render           | Fra: 961 | Rendering 16 / 16 samples
06:15.301  render           | Video append frame 961
06:15.301  render           | Time: 00:00.37 (Saving: 00:00.01)
06:15.301  render           | Rendering frame 962
06:15.301  render           | Executing sequencer
06:15.302  render           | Rendering frame 962
06:15.302  render           | Start rendering: KHATIB / Software launch, ViewLayer
06:15.302  render           | Engine: EEVEE
06:15.352  render           | Fra: 962 | Rendering 1 / 16 samples
06:15.376  render           | Fra: 962 | Rendering 16 / 16 samples
06:15.654  render           | Video append frame 962
06:15.654  render           | Time: 00:00.35 (Saving: 00:00.01)
06:15.654  render           | Rendering frame 963
06:15.655  render           | Executing sequencer
06:15.657  render           | Rendering frame 963
06:15.657  render           | Start rendering: KHATIB / Software launch, ViewLayer
06:15.657  render           | Engine: EEVEE
06:15.710  render           | Fra: 963 | Rendering 1 / 16 samples
06:15.734  render           | Fra: 963 | Rendering 16 / 16 samples
06:15.991  render           | Video append frame 963
06:15.991  render           | Time: 00:00.33 (Saving: 00:00.01)
06:15.991  render           | Rendering frame 964
06:15.991  render           | Executing sequencer
06:15.992  render           | Rendering frame 964
06:15.992  render           | Start rendering: KHATIB / Software launch, ViewLayer
06:15.992  render           | Engine: EEVEE
06:16.039  render           | Fra: 964 | Rendering 1 / 16 samples
06:16.062  render           | Fra: 964 | Rendering 16 / 16 samples
06:16.329  render           | Video append frame 964
06:16.329  render           | Time: 00:00.33 (Saving: 00:00.01)
06:16.329  render           | Rendering frame 965
06:16.329  render           | Executing sequencer
06:16.331  render           | Rendering frame 965
06:16.331  render           | Start rendering: KHATIB / Software launch, ViewLayer
06:16.331  render           | Engine: EEVEE
06:16.382  render           | Fra: 965 | Rendering 1 / 16 samples
06:16.406  render           | Fra: 965 | Rendering 16 / 16 samples
06:16.669  render           | Video append frame 965
06:16.669  render           | Time: 00:00.34 (Saving: 00:00.01)
06:16.670  render           | Rendering frame 966
06:16.670  render           | Executing sequencer
06:16.704  render           | Rendering frame 966
06:16.704  render           | Start rendering: KHATIB / Software launch, ViewLayer
06:16.704  render           | Engine: EEVEE
06:16.751  render           | Fra: 966 | Rendering 1 / 16 samples
06:16.774  render           | Fra: 966 | Rendering 16 / 16 samples
06:17.031  render           | Video append frame 966
06:17.031  render           | Time: 00:00.36 (Saving: 00:00.01)
06:17.031  render           | Rendering frame 967
06:17.031  render           | Executing sequencer
06:17.033  render           | Rendering frame 967
06:17.033  render           | Start rendering: KHATIB / Software launch, ViewLayer
06:17.033  render           | Engine: EEVEE
06:17.079  render           | Fra: 967 | Rendering 1 / 16 samples
06:17.102  render           | Fra: 967 | Rendering 16 / 16 samples
06:17.340  render           | Video append frame 967
06:17.340  render           | Time: 00:00.30 (Saving: 00:00.01)
06:17.340  render           | Rendering frame 968
06:17.340  render           | Executing sequencer
06:17.341  render           | Rendering frame 968
06:17.341  render           | Start rendering: KHATIB / Software launch, ViewLayer
06:17.341  render           | Engine: EEVEE
06:17.387  render           | Fra: 968 | Rendering 1 / 16 samples
06:17.409  render           | Fra: 968 | Rendering 16 / 16 samples
06:17.656  render           | Video append frame 968
06:17.656  render           | Time: 00:00.31 (Saving: 00:00.01)
06:17.656  render           | Rendering frame 969
06:17.656  render           | Executing sequencer
06:17.657  render           | Rendering frame 969
06:17.657  render           | Start rendering: KHATIB / Software launch, ViewLayer
06:17.658  render           | Engine: EEVEE
06:17.704  render           | Fra: 969 | Rendering 1 / 16 samples
06:17.726  render           | Fra: 969 | Rendering 16 / 16 samples
06:17.975  render           | Video append frame 969
06:17.976  render           | Time: 00:00.31 (Saving: 00:00.01)
06:17.976  render           | Rendering frame 970
06:17.976  render           | Executing sequencer
06:17.977  render           | Rendering frame 970
06:17.977  render           | Start rendering: KHATIB / Software launch, ViewLayer
06:17.977  render           | Engine: EEVEE
06:18.022  render           | Fra: 970 | Rendering 1 / 16 samples
06:18.045  render           | Fra: 970 | Rendering 16 / 16 samples
06:18.288  render           | Video append frame 970
06:18.288  render           | Time: 00:00.31 (Saving: 00:00.01)
06:18.288  render           | Rendering frame 971
06:18.289  render           | Executing sequencer
06:18.289  render           | Rendering frame 971
06:18.290  render           | Start rendering: KHATIB / Software launch, ViewLayer
06:18.290  render           | Engine: EEVEE
06:18.341  render           | Fra: 971 | Rendering 1 / 16 samples
06:18.365  render           | Fra: 971 | Rendering 16 / 16 samples
06:18.615  render           | Video append frame 971
06:18.616  render           | Time: 00:00.32 (Saving: 00:00.01)
06:18.616  render           | Rendering frame 972
06:18.616  render           | Executing sequencer
06:18.617  render           | Rendering frame 972
06:18.617  render           | Start rendering: KHATIB / Software launch, ViewLayer
06:18.617  render           | Engine: EEVEE
06:18.661  render           | Fra: 972 | Rendering 1 / 16 samples
06:18.683  render           | Fra: 972 | Rendering 16 / 16 samples
06:18.931  render           | Video append frame 972
06:18.931  render           | Time: 00:00.31 (Saving: 00:00.01)
06:18.931  render           | Rendering frame 973
06:18.931  render           | Executing sequencer
06:18.932  render           | Rendering frame 973
06:18.932  render           | Start rendering: KHATIB / Software launch, ViewLayer
06:18.932  render           | Engine: EEVEE
06:18.977  render           | Fra: 973 | Rendering 1 / 16 samples
06:19.000  render           | Fra: 973 | Rendering 16 / 16 samples
06:19.255  render           | Video append frame 973
06:19.255  render           | Time: 00:00.32 (Saving: 00:00.01)
06:19.255  render           | Rendering frame 974
06:19.256  render           | Executing sequencer
06:19.257  render           | Rendering frame 974
06:19.258  render           | Start rendering: KHATIB / Software launch, ViewLayer
06:19.258  render           | Engine: EEVEE
06:19.304  render           | Fra: 974 | Rendering 1 / 16 samples
06:19.327  render           | Fra: 974 | Rendering 16 / 16 samples
06:19.591  render           | Video append frame 974
06:19.591  render           | Time: 00:00.33 (Saving: 00:00.01)
06:19.591  render           | Rendering frame 975
06:19.592  render           | Executing sequencer
06:19.593  render           | Rendering frame 975
06:19.593  render           | Start rendering: KHATIB / Software launch, ViewLayer
06:19.593  render           | Engine: EEVEE
06:19.638  render           | Fra: 975 | Rendering 1 / 16 samples
06:19.661  render           | Fra: 975 | Rendering 16 / 16 samples
06:19.931  render           | Video append frame 975
06:19.931  render           | Time: 00:00.33 (Saving: 00:00.01)
06:19.931  render           | Rendering frame 976
06:19.931  render           | Executing sequencer
06:19.932  render           | Rendering frame 976
06:19.933  render           | Start rendering: KHATIB / Software launch, ViewLayer
06:19.933  render           | Engine: EEVEE
06:19.979  render           | Fra: 976 | Rendering 1 / 16 samples
06:20.003  render           | Fra: 976 | Rendering 16 / 16 samples
06:20.272  render           | Video append frame 976
06:20.272  render           | Time: 00:00.34 (Saving: 00:00.01)
06:20.272  render           | Rendering frame 977
06:20.272  render           | Executing sequencer
06:20.273  render           | Rendering frame 977
06:20.273  render           | Start rendering: KHATIB / Software launch, ViewLayer
06:20.273  render           | Engine: EEVEE
06:20.319  render           | Fra: 977 | Rendering 1 / 16 samples
06:20.342  render           | Fra: 977 | Rendering 16 / 16 samples
06:20.611  render           | Video append frame 977
06:20.611  render           | Time: 00:00.33 (Saving: 00:00.01)
06:20.611  render           | Rendering frame 978
06:20.612  render           | Executing sequencer
06:20.613  render           | Rendering frame 978
06:20.613  render           | Start rendering: KHATIB / Software launch, ViewLayer
06:20.613  render           | Engine: EEVEE
06:20.658  render           | Fra: 978 | Rendering 1 / 16 samples
06:20.680  render           | Fra: 978 | Rendering 16 / 16 samples
06:20.951  render           | Video append frame 978
06:20.951  render           | Time: 00:00.33 (Saving: 00:00.01)
06:20.951  render           | Rendering frame 979
06:20.951  render           | Executing sequencer
06:20.952  render           | Rendering frame 979
06:20.952  render           | Start rendering: KHATIB / Software launch, ViewLayer
06:20.952  render           | Engine: EEVEE
06:21.003  render           | Fra: 979 | Rendering 1 / 16 samples
06:21.025  render           | Fra: 979 | Rendering 16 / 16 samples
06:21.300  render           | Video append frame 979
06:21.300  render           | Time: 00:00.34 (Saving: 00:00.01)
06:21.300  render           | Rendering frame 980
06:21.300  render           | Executing sequencer
06:21.301  render           | Rendering frame 980
06:21.301  render           | Start rendering: KHATIB / Software launch, ViewLayer
06:21.301  render           | Engine: EEVEE
06:21.350  render           | Fra: 980 | Rendering 1 / 16 samples
06:21.372  render           | Fra: 980 | Rendering 16 / 16 samples
06:21.640  render           | Video append frame 980
06:21.640  render           | Time: 00:00.33 (Saving: 00:00.01)
06:21.640  render           | Rendering frame 981
06:21.640  render           | Executing sequencer
06:21.641  render           | Rendering frame 981
06:21.641  render           | Start rendering: KHATIB / Software launch, ViewLayer
06:21.641  render           | Engine: EEVEE
06:21.688  render           | Fra: 981 | Rendering 1 / 16 samples
06:21.712  render           | Fra: 981 | Rendering 16 / 16 samples
06:21.979  render           | Video append frame 981
06:21.979  render           | Time: 00:00.33 (Saving: 00:00.01)
06:21.979  render           | Rendering frame 982
06:21.979  render           | Executing sequencer
06:21.980  render           | Rendering frame 982
06:21.981  render           | Start rendering: KHATIB / Software launch, ViewLayer
06:21.981  render           | Engine: EEVEE
06:22.029  render           | Fra: 982 | Rendering 1 / 16 samples
06:22.053  render           | Fra: 982 | Rendering 16 / 16 samples
06:22.319  render           | Video append frame 982
06:22.319  render           | Time: 00:00.33 (Saving: 00:00.01)
06:22.319  render           | Rendering frame 983
06:22.319  render           | Executing sequencer
06:22.320  render           | Rendering frame 983
06:22.320  render           | Start rendering: KHATIB / Software launch, ViewLayer
06:22.320  render           | Engine: EEVEE
06:22.368  render           | Fra: 983 | Rendering 1 / 16 samples
06:22.390  render           | Fra: 983 | Rendering 16 / 16 samples
06:22.661  render           | Video append frame 983
06:22.661  render           | Time: 00:00.34 (Saving: 00:00.01)
06:22.661  render           | Rendering frame 984
06:22.661  render           | Executing sequencer
06:22.662  render           | Rendering frame 984
06:22.662  render           | Start rendering: KHATIB / Software launch, ViewLayer
06:22.662  render           | Engine: EEVEE
06:22.710  render           | Fra: 984 | Rendering 1 / 16 samples
06:22.733  render           | Fra: 984 | Rendering 16 / 16 samples
06:22.999  render           | Video append frame 984
06:22.999  render           | Time: 00:00.33 (Saving: 00:00.01)
06:22.999  render           | Rendering frame 985
06:23.000  render           | Executing sequencer
06:23.001  render           | Rendering frame 985
06:23.002  render           | Start rendering: KHATIB / Software launch, ViewLayer
06:23.002  render           | Engine: EEVEE
06:23.055  render           | Fra: 985 | Rendering 1 / 16 samples
06:23.081  render           | Fra: 985 | Rendering 16 / 16 samples
06:23.383  render           | Video append frame 985
06:23.384  render           | Time: 00:00.38 (Saving: 00:00.01)
06:23.384  render           | Rendering frame 986
06:23.384  render           | Executing sequencer
06:23.385  render           | Rendering frame 986
06:23.386  render           | Start rendering: KHATIB / Software launch, ViewLayer
06:23.386  render           | Engine: EEVEE
06:23.443  render           | Fra: 986 | Rendering 1 / 16 samples
06:23.467  render           | Fra: 986 | Rendering 16 / 16 samples
06:23.736  render           | Video append frame 986
06:23.736  render           | Time: 00:00.35 (Saving: 00:00.01)
06:23.736  render           | Rendering frame 987
06:23.737  render           | Executing sequencer
06:23.738  render           | Rendering frame 987
06:23.738  render           | Start rendering: KHATIB / Software launch, ViewLayer
06:23.738  render           | Engine: EEVEE
06:23.796  render           | Fra: 987 | Rendering 1 / 16 samples
06:23.819  render           | Fra: 987 | Rendering 16 / 16 samples
06:24.100  render           | Video append frame 987
06:24.100  render           | Time: 00:00.36 (Saving: 00:00.01)
06:24.100  render           | Rendering frame 988
06:24.100  render           | Executing sequencer
06:24.101  render           | Rendering frame 988
06:24.101  render           | Start rendering: KHATIB / Software launch, ViewLayer
06:24.101  render           | Engine: EEVEE
06:24.150  render           | Fra: 988 | Rendering 1 / 16 samples
06:24.175  render           | Fra: 988 | Rendering 16 / 16 samples
06:24.438  render           | Video append frame 988
06:24.438  render           | Time: 00:00.33 (Saving: 00:00.01)
06:24.438  render           | Rendering frame 989
06:24.439  render           | Executing sequencer
06:24.440  render           | Rendering frame 989
06:24.440  render           | Start rendering: KHATIB / Software launch, ViewLayer
06:24.440  render           | Engine: EEVEE
06:24.490  render           | Fra: 989 | Rendering 1 / 16 samples
06:24.513  render           | Fra: 989 | Rendering 16 / 16 samples
06:24.781  render           | Video append frame 989
06:24.781  render           | Time: 00:00.34 (Saving: 00:00.01)
06:24.781  render           | Rendering frame 990
06:24.782  render           | Executing sequencer
06:24.782  render           | Rendering frame 990
06:24.783  render           | Start rendering: KHATIB / Software launch, ViewLayer
06:24.783  render           | Engine: EEVEE
06:24.830  render           | Fra: 990 | Rendering 1 / 16 samples
06:24.854  render           | Fra: 990 | Rendering 16 / 16 samples
06:25.119  render           | Video append frame 990
06:25.119  render           | Time: 00:00.33 (Saving: 00:00.01)
06:25.119  render           | Rendering frame 991
06:25.119  render           | Executing sequencer
06:25.120  render           | Rendering frame 991
06:25.120  render           | Start rendering: KHATIB / Software launch, ViewLayer
06:25.120  render           | Engine: EEVEE
06:25.171  render           | Fra: 991 | Rendering 1 / 16 samples
06:25.195  render           | Fra: 991 | Rendering 16 / 16 samples
06:25.465  render           | Video append frame 991
06:25.465  render           | Time: 00:00.34 (Saving: 00:00.01)
06:25.465  render           | Rendering frame 992
06:25.465  render           | Executing sequencer
06:25.466  render           | Rendering frame 992
06:25.466  render           | Start rendering: KHATIB / Software launch, ViewLayer
06:25.466  render           | Engine: EEVEE
06:25.516  render           | Fra: 992 | Rendering 1 / 16 samples
06:25.540  render           | Fra: 992 | Rendering 16 / 16 samples
06:25.811  render           | Video append frame 992
06:25.811  render           | Time: 00:00.34 (Saving: 00:00.01)
06:25.811  render           | Rendering frame 993
06:25.812  render           | Executing sequencer
06:25.813  render           | Rendering frame 993
06:25.813  render           | Start rendering: KHATIB / Software launch, ViewLayer
06:25.813  render           | Engine: EEVEE
06:25.862  render           | Fra: 993 | Rendering 1 / 16 samples
06:25.885  render           | Fra: 993 | Rendering 16 / 16 samples
06:26.153  render           | Video append frame 993
06:26.153  render           | Time: 00:00.34 (Saving: 00:00.01)
06:26.153  render           | Rendering frame 994
06:26.153  render           | Executing sequencer
06:26.154  render           | Rendering frame 994
06:26.154  render           | Start rendering: KHATIB / Software launch, ViewLayer
06:26.154  render           | Engine: EEVEE
06:26.209  render           | Fra: 994 | Rendering 1 / 16 samples
06:26.234  render           | Fra: 994 | Rendering 16 / 16 samples
06:26.503  render           | Video append frame 994
06:26.503  render           | Time: 00:00.34 (Saving: 00:00.01)
06:26.503  render           | Rendering frame 995
06:26.503  render           | Executing sequencer
06:26.504  render           | Rendering frame 995
06:26.504  render           | Start rendering: KHATIB / Software launch, ViewLayer
06:26.504  render           | Engine: EEVEE
06:26.550  render           | Fra: 995 | Rendering 1 / 16 samples
06:26.574  render           | Fra: 995 | Rendering 16 / 16 samples
06:26.846  render           | Video append frame 995
06:26.846  render           | Time: 00:00.34 (Saving: 00:00.01)
06:26.846  render           | Rendering frame 996
06:26.846  render           | Executing sequencer
06:26.848  render           | Rendering frame 996
06:26.849  render           | Start rendering: KHATIB / Software launch, ViewLayer
06:26.849  render           | Engine: EEVEE
06:26.896  render           | Fra: 996 | Rendering 1 / 16 samples
06:26.918  render           | Fra: 996 | Rendering 16 / 16 samples
06:27.201  render           | Video append frame 996
06:27.201  render           | Time: 00:00.35 (Saving: 00:00.02)
06:27.201  render           | Rendering frame 997
06:27.201  render           | Executing sequencer
06:27.203  render           | Rendering frame 997
06:27.203  render           | Start rendering: KHATIB / Software launch, ViewLayer
06:27.203  render           | Engine: EEVEE
06:27.254  render           | Fra: 997 | Rendering 1 / 16 samples
06:27.278  render           | Fra: 997 | Rendering 16 / 16 samples
06:27.551  render           | Video append frame 997
06:27.551  render           | Time: 00:00.34 (Saving: 00:00.01)
06:27.551  render           | Rendering frame 998
06:27.551  render           | Executing sequencer
06:27.552  render           | Rendering frame 998
06:27.553  render           | Start rendering: KHATIB / Software launch, ViewLayer
06:27.553  render           | Engine: EEVEE
06:27.599  render           | Fra: 998 | Rendering 1 / 16 samples
06:27.622  render           | Fra: 998 | Rendering 16 / 16 samples
06:27.891  render           | Video append frame 998
06:27.891  render           | Time: 00:00.33 (Saving: 00:00.01)
06:27.891  render           | Rendering frame 999
06:27.891  render           | Executing sequencer
06:27.928  render           | Rendering frame 999
06:27.928  render           | Start rendering: KHATIB / Software launch, ViewLayer
06:27.928  render           | Engine: EEVEE
06:27.974  render           | Fra: 999 | Rendering 1 / 16 samples
06:27.996  render           | Fra: 999 | Rendering 16 / 16 samples
06:28.253  render           | Video append frame 999
06:28.253  render           | Time: 00:00.36 (Saving: 00:00.01)
06:28.253  render           | Rendering frame 1000
06:28.253  render           | Executing sequencer
06:28.254  render           | Rendering frame 1000
06:28.255  render           | Start rendering: KHATIB / Software launch, ViewLayer
06:28.255  render           | Engine: EEVEE
06:28.299  render           | Fra: 1000 | Rendering 1 / 16 samples
06:28.322  render           | Fra: 1000 | Rendering 16 / 16 samples
06:28.564  render           | Video append frame 1000
06:28.565  render           | Time: 00:00.31 (Saving: 00:00.01)
06:28.565  render           | Rendering frame 1001
06:28.565  render           | Executing sequencer
06:28.566  render           | Rendering frame 1001
06:28.566  render           | Start rendering: KHATIB / Software launch, ViewLayer
06:28.566  render           | Engine: EEVEE
06:28.610  render           | Fra: 1001 | Rendering 1 / 16 samples
06:28.633  render           | Fra: 1001 | Rendering 16 / 16 samples
06:28.879  render           | Video append frame 1001
06:28.879  render           | Time: 00:00.31 (Saving: 00:00.01)
06:28.879  render           | Rendering frame 1002
06:28.880  render           | Executing sequencer
06:28.880  render           | Rendering frame 1002
06:28.881  render           | Start rendering: KHATIB / Software launch, ViewLayer
06:28.881  render           | Engine: EEVEE
06:28.925  render           | Fra: 1002 | Rendering 1 / 16 samples
06:28.947  render           | Fra: 1002 | Rendering 16 / 16 samples
06:29.204  render           | Video append frame 1002
06:29.204  render           | Time: 00:00.32 (Saving: 00:00.01)
06:29.204  render           | Rendering frame 1003
06:29.204  render           | Executing sequencer
06:29.205  render           | Rendering frame 1003
06:29.205  render           | Start rendering: KHATIB / Software launch, ViewLayer
06:29.205  render           | Engine: EEVEE
06:29.259  render           | Fra: 1003 | Rendering 1 / 16 samples
06:29.285  render           | Fra: 1003 | Rendering 16 / 16 samples
06:29.557  render           | Video append frame 1003
06:29.557  render           | Time: 00:00.35 (Saving: 00:00.02)
06:29.557  render           | Rendering frame 1004
06:29.557  render           | Executing sequencer
06:29.558  render           | Rendering frame 1004
06:29.559  render           | Start rendering: KHATIB / Software launch, ViewLayer
06:29.559  render           | Engine: EEVEE
06:29.677  render           | Fra: 1004 | Rendering 1 / 16 samples
06:29.706  render           | Fra: 1004 | Rendering 16 / 16 samples
06:30.106  render           | Video append frame 1004
06:30.106  render           | Time: 00:00.54 (Saving: 00:00.01)
06:30.107  render           | Rendering frame 1005
06:30.107  render           | Executing sequencer
06:30.108  render           | Rendering frame 1005
06:30.108  render           | Start rendering: KHATIB / Software launch, ViewLayer
06:30.108  render           | Engine: EEVEE
06:30.167  render           | Fra: 1005 | Rendering 1 / 16 samples
06:30.193  render           | Fra: 1005 | Rendering 16 / 16 samples
06:30.469  render           | Video append frame 1005
06:30.469  render           | Time: 00:00.36 (Saving: 00:00.01)
06:30.469  render           | Rendering frame 1006
06:30.469  render           | Executing sequencer
06:30.470  render           | Rendering frame 1006
06:30.470  render           | Start rendering: KHATIB / Software launch, ViewLayer
06:30.470  render           | Engine: EEVEE
06:30.521  render           | Fra: 1006 | Rendering 1 / 16 samples
06:30.546  render           | Fra: 1006 | Rendering 16 / 16 samples
06:30.820  render           | Video append frame 1006
06:30.820  render           | Time: 00:00.35 (Saving: 00:00.01)
06:30.820  render           | Rendering frame 1007
06:30.821  render           | Executing sequencer
06:30.822  render           | Rendering frame 1007
06:30.822  render           | Start rendering: KHATIB / Software launch, ViewLayer
06:30.822  render           | Engine: EEVEE
06:30.875  render           | Fra: 1007 | Rendering 1 / 16 samples
06:30.899  render           | Fra: 1007 | Rendering 16 / 16 samples
06:31.178  render           | Video append frame 1007
06:31.178  render           | Time: 00:00.35 (Saving: 00:00.01)
06:31.178  render           | Rendering frame 1008
06:31.178  render           | Executing sequencer
06:31.179  render           | Rendering frame 1008
06:31.180  render           | Start rendering: KHATIB / Software launch, ViewLayer
06:31.180  render           | Engine: EEVEE
06:31.230  render           | Fra: 1008 | Rendering 1 / 16 samples
06:31.255  render           | Fra: 1008 | Rendering 16 / 16 samples
06:31.526  render           | Video append frame 1008
06:31.526  render           | Time: 00:00.34 (Saving: 00:00.01)
06:31.526  render           | Rendering frame 1009
06:31.526  render           | Executing sequencer
06:31.527  render           | Rendering frame 1009
06:31.527  render           | Start rendering: KHATIB / Software launch, ViewLayer
06:31.527  render           | Engine: EEVEE
06:31.581  render           | Fra: 1009 | Rendering 1 / 16 samples
06:31.606  render           | Fra: 1009 | Rendering 16 / 16 samples
06:31.875  render           | Video append frame 1009
06:31.875  render           | Time: 00:00.34 (Saving: 00:00.01)
06:31.875  render           | Rendering frame 1010
06:31.875  render           | Executing sequencer
06:31.876  render           | Rendering frame 1010
06:31.876  render           | Start rendering: KHATIB / Software launch, ViewLayer
06:31.876  render           | Engine: EEVEE
06:31.928  render           | Fra: 1010 | Rendering 1 / 16 samples
06:31.954  render           | Fra: 1010 | Rendering 16 / 16 samples
06:32.253  render           | Video append frame 1010
06:32.253  render           | Time: 00:00.37 (Saving: 00:00.01)
06:32.253  render           | Rendering frame 1011
06:32.254  render           | Executing sequencer
06:32.254  render           | Rendering frame 1011
06:32.255  render           | Start rendering: KHATIB / Software launch, ViewLayer
06:32.255  render           | Engine: EEVEE
06:32.305  render           | Fra: 1011 | Rendering 1 / 16 samples
06:32.328  render           | Fra: 1011 | Rendering 16 / 16 samples
06:32.601  render           | Video append frame 1011
06:32.601  render           | Time: 00:00.34 (Saving: 00:00.01)
06:32.601  render           | Rendering frame 1012
06:32.601  render           | Executing sequencer
06:32.602  render           | Rendering frame 1012
06:32.602  render           | Start rendering: KHATIB / Software launch, ViewLayer
06:32.602  render           | Engine: EEVEE
06:32.650  render           | Fra: 1012 | Rendering 1 / 16 samples
06:32.672  render           | Fra: 1012 | Rendering 16 / 16 samples
06:32.944  render           | Video append frame 1012
06:32.945  render           | Time: 00:00.34 (Saving: 00:00.01)
06:32.945  render           | Rendering frame 1013
06:32.945  render           | Executing sequencer
06:32.946  render           | Rendering frame 1013
06:32.946  render           | Start rendering: KHATIB / Software launch, ViewLayer
06:32.946  render           | Engine: EEVEE
06:33.003  render           | Fra: 1013 | Rendering 1 / 16 samples
06:33.025  render           | Fra: 1013 | Rendering 16 / 16 samples
06:33.301  render           | Video append frame 1013
06:33.301  render           | Time: 00:00.35 (Saving: 00:00.01)
06:33.301  render           | Rendering frame 1014
06:33.301  render           | Executing sequencer
06:33.302  render           | Rendering frame 1014
06:33.302  render           | Start rendering: KHATIB / Software launch, ViewLayer
06:33.302  render           | Engine: EEVEE
06:33.350  render           | Fra: 1014 | Rendering 1 / 16 samples
06:33.374  render           | Fra: 1014 | Rendering 16 / 16 samples
06:33.639  render           | Video append frame 1014
06:33.639  render           | Time: 00:00.33 (Saving: 00:00.01)
06:33.639  render           | Rendering frame 1015
06:33.639  render           | Executing sequencer
06:33.639  render           | Rendering frame 1015
06:33.640  render           | Start rendering: KHATIB / Software launch, ViewLayer
06:33.640  render           | Engine: EEVEE
06:33.688  render           | Fra: 1015 | Rendering 1 / 16 samples
06:33.712  render           | Fra: 1015 | Rendering 16 / 16 samples
06:33.980  render           | Video append frame 1015
06:33.980  render           | Time: 00:00.34 (Saving: 00:00.01)
06:33.980  render           | Rendering frame 1016
06:33.980  render           | Executing sequencer
06:33.980  render           | Rendering frame 1016
06:33.980  render           | Start rendering: KHATIB / Software launch, ViewLayer
06:33.980  render           | Engine: EEVEE
06:34.028  render           | Fra: 1016 | Rendering 1 / 16 samples
06:34.050  render           | Fra: 1016 | Rendering 16 / 16 samples
06:34.320  render           | Video append frame 1016
06:34.320  render           | Time: 00:00.33 (Saving: 00:00.01)
06:34.320  render           | Rendering frame 1017
06:34.320  render           | Executing sequencer
06:34.320  render           | Rendering frame 1017
06:34.321  render           | Start rendering: KHATIB / Software launch, ViewLayer
06:34.321  render           | Engine: EEVEE
06:34.370  render           | Fra: 1017 | Rendering 1 / 16 samples
06:34.394  render           | Fra: 1017 | Rendering 16 / 16 samples
06:34.638  render           | Video append frame 1017
06:34.638  render           | Time: 00:00.31 (Saving: 00:00.01)
06:34.638  render           | Rendering frame 1018
06:34.638  render           | Executing sequencer
06:34.638  render           | Rendering frame 1018
06:34.638  render           | Start rendering: KHATIB / Software launch, ViewLayer
06:34.638  render           | Engine: EEVEE
06:34.687  render           | Fra: 1018 | Rendering 1 / 16 samples
06:34.713  render           | Fra: 1018 | Rendering 16 / 16 samples
06:34.955  render           | Video append frame 1018
06:34.956  render           | Time: 00:00.31 (Saving: 00:00.01)
06:34.956  render           | Rendering frame 1019
06:34.956  render           | Executing sequencer
06:34.956  render           | Rendering frame 1019
06:34.957  render           | Start rendering: KHATIB / Software launch, ViewLayer
06:34.957  render           | Engine: EEVEE
06:35.002  render           | Fra: 1019 | Rendering 1 / 16 samples
06:35.026  render           | Fra: 1019 | Rendering 16 / 16 samples
06:35.276  render           | Video append frame 1019
06:35.276  render           | Time: 00:00.31 (Saving: 00:00.01)
06:35.276  render           | Rendering frame 1020
06:35.277  render           | Executing sequencer
06:35.277  render           | Rendering frame 1020
06:35.277  render           | Start rendering: KHATIB / Software launch, ViewLayer
06:35.277  render           | Engine: EEVEE
06:35.335  render           | Fra: 1020 | Rendering 1 / 16 samples
06:35.358  render           | Fra: 1020 | Rendering 16 / 16 samples
06:35.606  render           | Video append frame 1020
06:35.606  render           | Time: 00:00.32 (Saving: 00:00.01)
06:35.606  render           | Rendering frame 1021
06:35.606  render           | Executing sequencer
06:35.606  render           | Rendering frame 1021
06:35.606  render           | Start rendering: KHATIB / Software launch, ViewLayer
06:35.606  render           | Engine: EEVEE
06:35.654  render           | Fra: 1021 | Rendering 1 / 16 samples
06:35.678  render           | Fra: 1021 | Rendering 16 / 16 samples
06:35.946  render           | Video append frame 1021
06:35.946  render           | Time: 00:00.33 (Saving: 00:00.01)
06:35.946  render           | Rendering frame 1022
06:35.946  render           | Executing sequencer
06:35.946  render           | Rendering frame 1022
06:35.946  render           | Start rendering: KHATIB / Software launch, ViewLayer
06:35.946  render           | Engine: EEVEE
06:35.997  render           | Fra: 1022 | Rendering 1 / 16 samples
06:36.020  render           | Fra: 1022 | Rendering 16 / 16 samples
06:36.264  render           | Video append frame 1022
06:36.265  render           | Time: 00:00.31 (Saving: 00:00.01)
06:36.265  render           | Rendering frame 1023
06:36.265  render           | Executing sequencer
06:36.265  render           | Rendering frame 1023
06:36.265  render           | Start rendering: KHATIB / Software launch, ViewLayer
06:36.265  render           | Engine: EEVEE
06:36.312  render           | Fra: 1023 | Rendering 1 / 16 samples
06:36.336  render           | Fra: 1023 | Rendering 16 / 16 samples
06:36.577  render           | Video append frame 1023
06:36.577  render           | Time: 00:00.31 (Saving: 00:00.01)
06:36.577  render           | Rendering frame 1024
06:36.577  render           | Executing sequencer
06:36.577  render           | Rendering frame 1024
06:36.577  render           | Start rendering: KHATIB / Software launch, ViewLayer
06:36.577  render           | Engine: EEVEE
06:36.622  render           | Fra: 1024 | Rendering 1 / 16 samples
06:36.646  render           | Fra: 1024 | Rendering 16 / 16 samples
06:36.886  render           | Video append frame 1024
06:36.886  render           | Time: 00:00.30 (Saving: 00:00.01)
06:36.886  render           | Rendering frame 1025
06:36.886  render           | Executing sequencer
06:36.886  render           | Rendering frame 1025
06:36.886  render           | Start rendering: KHATIB / Software launch, ViewLayer
06:36.886  render           | Engine: EEVEE
06:36.935  render           | Fra: 1025 | Rendering 1 / 16 samples
06:36.959  render           | Fra: 1025 | Rendering 16 / 16 samples
06:37.212  render           | Video append frame 1025
06:37.212  render           | Time: 00:00.32 (Saving: 00:00.01)
06:37.212  render           | Rendering frame 1026
06:37.212  render           | Executing sequencer
06:37.212  render           | Rendering frame 1026
06:37.213  render           | Start rendering: KHATIB / Software launch, ViewLayer
06:37.213  render           | Engine: EEVEE
06:37.260  render           | Fra: 1026 | Rendering 1 / 16 samples
06:37.283  render           | Fra: 1026 | Rendering 16 / 16 samples
06:37.530  render           | Video append frame 1026
06:37.530  render           | Time: 00:00.31 (Saving: 00:00.01)
06:37.530  render           | Rendering frame 1027
06:37.530  render           | Executing sequencer
06:37.530  render           | Rendering frame 1027
06:37.531  render           | Start rendering: KHATIB / Software launch, ViewLayer
06:37.531  render           | Engine: EEVEE
06:37.587  render           | Fra: 1027 | Rendering 1 / 16 samples
06:37.611  render           | Fra: 1027 | Rendering 16 / 16 samples
06:37.869  render           | Video append frame 1027
06:37.869  render           | Time: 00:00.33 (Saving: 00:00.01)
06:37.869  render           | Rendering frame 1028
06:37.869  render           | Executing sequencer
06:37.869  render           | Rendering frame 1028
06:37.870  render           | Start rendering: KHATIB / Software launch, ViewLayer
06:37.870  render           | Engine: EEVEE
06:37.920  render           | Fra: 1028 | Rendering 1 / 16 samples
06:37.944  render           | Fra: 1028 | Rendering 16 / 16 samples
06:38.190  render           | Video append frame 1028
06:38.190  render           | Time: 00:00.32 (Saving: 00:00.01)
06:38.190  render           | Rendering frame 1029
06:38.190  render           | Executing sequencer
06:38.190  render           | Rendering frame 1029
06:38.190  render           | Start rendering: KHATIB / Software launch, ViewLayer
06:38.190  render           | Engine: EEVEE
06:38.239  render           | Fra: 1029 | Rendering 1 / 16 samples
06:38.262  render           | Fra: 1029 | Rendering 16 / 16 samples
06:38.508  render           | Video append frame 1029
06:38.508  render           | Time: 00:00.31 (Saving: 00:00.01)
06:38.508  render           | Rendering frame 1030
06:38.508  render           | Executing sequencer
06:38.508  render           | Rendering frame 1030
06:38.509  render           | Start rendering: KHATIB / Software launch, ViewLayer
06:38.509  render           | Engine: EEVEE
06:38.557  render           | Fra: 1030 | Rendering 1 / 16 samples
06:38.580  render           | Fra: 1030 | Rendering 16 / 16 samples
06:38.832  render           | Video append frame 1030
06:38.832  render           | Time: 00:00.32 (Saving: 00:00.01)
06:38.832  render           | Rendering frame 1031
06:38.832  render           | Executing sequencer
06:38.832  render           | Rendering frame 1031
06:38.832  render           | Start rendering: KHATIB / Software launch, ViewLayer
06:38.832  render           | Engine: EEVEE
06:38.883  render           | Fra: 1031 | Rendering 1 / 16 samples
06:38.906  render           | Fra: 1031 | Rendering 16 / 16 samples
06:39.151  render           | Video append frame 1031
06:39.151  render           | Time: 00:00.31 (Saving: 00:00.01)
06:39.151  render           | Rendering frame 1032
06:39.152  render           | Executing sequencer
06:39.152  render           | Rendering frame 1032
06:39.152  render           | Start rendering: KHATIB / Software launch, ViewLayer
06:39.152  render           | Engine: EEVEE
06:39.202  render           | Fra: 1032 | Rendering 1 / 16 samples
06:39.225  render           | Fra: 1032 | Rendering 16 / 16 samples
06:39.472  render           | Video append frame 1032
06:39.472  render           | Time: 00:00.32 (Saving: 00:00.01)
06:39.472  render           | Rendering frame 1033
06:39.472  render           | Executing sequencer
06:39.472  render           | Rendering frame 1033
06:39.473  render           | Start rendering: KHATIB / Software launch, ViewLayer
06:39.473  render           | Engine: EEVEE
06:39.529  render           | Fra: 1033 | Rendering 1 / 16 samples
06:39.553  render           | Fra: 1033 | Rendering 16 / 16 samples
06:39.791  render           | Video append frame 1033
06:39.791  render           | Time: 00:00.31 (Saving: 00:00.01)
06:39.791  render           | Rendering frame 1034
06:39.792  render           | Executing sequencer
06:39.792  render           | Rendering frame 1034
06:39.792  render           | Start rendering: KHATIB / Software launch, ViewLayer
06:39.792  render           | Engine: EEVEE
06:39.841  render           | Fra: 1034 | Rendering 1 / 16 samples
06:39.864  render           | Fra: 1034 | Rendering 16 / 16 samples
06:40.116  render           | Video append frame 1034
06:40.116  render           | Time: 00:00.32 (Saving: 00:00.01)
06:40.116  render           | Rendering frame 1035
06:40.117  render           | Executing sequencer
06:40.117  render           | Rendering frame 1035
06:40.117  render           | Start rendering: KHATIB / Software launch, ViewLayer
06:40.117  render           | Engine: EEVEE
06:40.167  render           | Fra: 1035 | Rendering 1 / 16 samples
06:40.192  render           | Fra: 1035 | Rendering 16 / 16 samples
06:40.442  render           | Video append frame 1035
06:40.442  render           | Time: 00:00.32 (Saving: 00:00.01)
06:40.442  render           | Rendering frame 1036
06:40.443  render           | Executing sequencer
06:40.443  render           | Rendering frame 1036
06:40.443  render           | Start rendering: KHATIB / Software launch, ViewLayer
06:40.443  render           | Engine: EEVEE
06:40.492  render           | Fra: 1036 | Rendering 1 / 16 samples
06:40.514  render           | Fra: 1036 | Rendering 16 / 16 samples
06:40.762  render           | Video append frame 1036
06:40.762  render           | Time: 00:00.31 (Saving: 00:00.01)
06:40.762  render           | Rendering frame 1037
06:40.762  render           | Executing sequencer
06:40.762  render           | Rendering frame 1037
06:40.763  render           | Start rendering: KHATIB / Software launch, ViewLayer
06:40.763  render           | Engine: EEVEE
06:40.809  render           | Fra: 1037 | Rendering 1 / 16 samples
06:40.832  render           | Fra: 1037 | Rendering 16 / 16 samples
06:41.077  render           | Video append frame 1037
06:41.077  render           | Time: 00:00.31 (Saving: 00:00.01)
06:41.078  render           | Rendering frame 1038
06:41.078  render           | Executing sequencer
06:41.082  render           | Rendering frame 1038
06:41.082  render           | Start rendering: KHATIB / Software launch, ViewLayer
06:41.082  render           | Engine: EEVEE
06:41.130  render           | Fra: 1038 | Rendering 1 / 16 samples
06:41.153  render           | Fra: 1038 | Rendering 16 / 16 samples
06:41.398  render           | Video append frame 1038
06:41.398  render           | Time: 00:00.32 (Saving: 00:00.01)
06:41.398  render           | Rendering frame 1039
06:41.398  render           | Executing sequencer
06:41.403  render           | Rendering frame 1039
06:41.403  render           | Start rendering: KHATIB / Software launch, ViewLayer
06:41.403  render           | Engine: EEVEE
06:41.448  render           | Fra: 1039 | Rendering 1 / 16 samples
06:41.472  render           | Fra: 1039 | Rendering 16 / 16 samples
06:41.716  render           | Video append frame 1039
06:41.717  render           | Time: 00:00.31 (Saving: 00:00.01)
06:41.717  render           | Rendering frame 1040
06:41.717  render           | Executing sequencer
06:41.721  render           | Rendering frame 1040
06:41.721  render           | Start rendering: KHATIB / Software launch, ViewLayer
06:41.721  render           | Engine: EEVEE
06:41.769  render           | Fra: 1040 | Rendering 1 / 16 samples
06:41.792  render           | Fra: 1040 | Rendering 16 / 16 samples
06:42.039  render           | Video append frame 1040
06:42.039  render           | Time: 00:00.32 (Saving: 00:00.01)
06:42.039  render           | Rendering frame 1041
06:42.039  render           | Executing sequencer
06:42.039  render           | Rendering frame 1041
06:42.040  render           | Start rendering: KHATIB / Software launch, ViewLayer
06:42.040  render           | Engine: EEVEE
06:42.087  render           | Fra: 1041 | Rendering 1 / 16 samples
06:42.109  render           | Fra: 1041 | Rendering 16 / 16 samples
06:42.359  render           | Video append frame 1041
06:42.359  render           | Time: 00:00.31 (Saving: 00:00.01)
06:42.359  render           | Rendering frame 1042
06:42.359  render           | Executing sequencer
06:42.359  render           | Rendering frame 1042
06:42.360  render           | Start rendering: KHATIB / Software launch, ViewLayer
06:42.360  render           | Engine: EEVEE
06:42.406  render           | Fra: 1042 | Rendering 1 / 16 samples
06:42.428  render           | Fra: 1042 | Rendering 16 / 16 samples
06:42.679  render           | Video append frame 1042
06:42.679  render           | Time: 00:00.32 (Saving: 00:00.01)
06:42.679  render           | Rendering frame 1043
06:42.679  render           | Executing sequencer
06:42.680  render           | Rendering frame 1043
06:42.680  render           | Start rendering: KHATIB / Software launch, ViewLayer
06:42.680  render           | Engine: EEVEE
06:42.728  render           | Fra: 1043 | Rendering 1 / 16 samples
06:42.750  render           | Fra: 1043 | Rendering 16 / 16 samples
06:43.024  render           | Video append frame 1043
06:43.024  render           | Time: 00:00.34 (Saving: 00:00.01)
06:43.024  render           | Rendering frame 1044
06:43.025  render           | Executing sequencer
06:43.025  render           | Rendering frame 1044
06:43.026  render           | Start rendering: KHATIB / Software launch, ViewLayer
06:43.026  render           | Engine: EEVEE
06:43.077  render           | Fra: 1044 | Rendering 1 / 16 samples
06:43.101  render           | Fra: 1044 | Rendering 16 / 16 samples
06:43.366  render           | Video append frame 1044
06:43.366  render           | Time: 00:00.34 (Saving: 00:00.01)
06:43.366  render           | Rendering frame 1045
06:43.367  render           | Executing sequencer
06:43.367  render           | Rendering frame 1045
06:43.367  render           | Start rendering: KHATIB / Software launch, ViewLayer
06:43.367  render           | Engine: EEVEE
06:43.417  render           | Fra: 1045 | Rendering 1 / 16 samples
06:43.440  render           | Fra: 1045 | Rendering 16 / 16 samples
06:43.695  render           | Video append frame 1045
06:43.695  render           | Time: 00:00.32 (Saving: 00:00.01)
06:43.695  render           | Rendering frame 1046
06:43.696  render           | Executing sequencer
06:43.696  render           | Rendering frame 1046
06:43.696  render           | Start rendering: KHATIB / Software launch, ViewLayer
06:43.697  render           | Engine: EEVEE
06:43.744  render           | Fra: 1046 | Rendering 1 / 16 samples
06:43.767  render           | Fra: 1046 | Rendering 16 / 16 samples
06:44.038  render           | Video append frame 1046
06:44.038  render           | Time: 00:00.34 (Saving: 00:00.02)
06:44.038  render           | Rendering frame 1047
06:44.039  render           | Executing sequencer
06:44.044  render           | Rendering frame 1047
06:44.045  render           | Start rendering: KHATIB / Software launch, ViewLayer
06:44.045  render           | Engine: EEVEE
06:44.102  render           | Fra: 1047 | Rendering 1 / 16 samples
06:44.127  render           | Fra: 1047 | Rendering 16 / 16 samples
06:44.443  render           | Video append frame 1047
06:44.444  render           | Time: 00:00.40 (Saving: 00:00.02)
06:44.444  render           | Rendering frame 1048
06:44.444  render           | Executing sequencer
06:44.448  render           | Rendering frame 1048
06:44.449  render           | Start rendering: KHATIB / Software launch, ViewLayer
06:44.449  render           | Engine: EEVEE
06:44.504  render           | Fra: 1048 | Rendering 1 / 16 samples
06:44.529  render           | Fra: 1048 | Rendering 16 / 16 samples
06:44.801  render           | Video append frame 1048
06:44.801  render           | Time: 00:00.35 (Saving: 00:00.02)
06:44.801  render           | Rendering frame 1049
06:44.801  render           | Executing sequencer
06:44.806  render           | Rendering frame 1049
06:44.807  render           | Start rendering: KHATIB / Software launch, ViewLayer
06:44.807  render           | Engine: EEVEE
06:44.865  render           | Fra: 1049 | Rendering 1 / 16 samples
06:44.889  render           | Fra: 1049 | Rendering 16 / 16 samples
06:45.158  render           | Video append frame 1049
06:45.159  render           | Time: 00:00.35 (Saving: 00:00.01)
06:45.159  render           | Rendering frame 1050
06:45.159  render           | Executing sequencer
06:45.160  render           | Rendering frame 1050
06:45.161  render           | Start rendering: KHATIB / Software launch, ViewLayer
06:45.161  render           | Engine: EEVEE
06:45.211  render           | Fra: 1050 | Rendering 1 / 16 samples
06:45.234  render           | Fra: 1050 | Rendering 16 / 16 samples
06:45.487  render           | Video append frame 1050
06:45.488  render           | Time: 00:00.32 (Saving: 00:00.01)
06:45.488  render           | Rendering frame 1051
06:45.488  render           | Executing sequencer
06:45.489  render           | Rendering frame 1051
06:45.489  render           | Start rendering: KHATIB / Software launch, ViewLayer
06:45.489  render           | Engine: EEVEE
06:45.550  render           | Fra: 1051 | Rendering 1 / 16 samples
06:45.574  render           | Fra: 1051 | Rendering 16 / 16 samples
06:45.840  render           | Video append frame 1051
06:45.840  render           | Time: 00:00.35 (Saving: 00:00.01)
06:45.840  render           | Rendering frame 1052
06:45.840  render           | Executing sequencer
06:45.840  render           | Rendering frame 1052
06:45.841  render           | Start rendering: KHATIB / Software launch, ViewLayer
06:45.841  render           | Engine: EEVEE
06:45.890  render           | Fra: 1052 | Rendering 1 / 16 samples
06:45.914  render           | Fra: 1052 | Rendering 16 / 16 samples
06:46.193  render           | Video append frame 1052
06:46.193  render           | Time: 00:00.35 (Saving: 00:00.01)
06:46.193  render           | Rendering frame 1053
06:46.193  render           | Executing sequencer
06:46.194  render           | Rendering frame 1053
06:46.194  render           | Start rendering: KHATIB / Software launch, ViewLayer
06:46.194  render           | Engine: EEVEE
06:46.246  render           | Fra: 1053 | Rendering 1 / 16 samples
06:46.269  render           | Fra: 1053 | Rendering 16 / 16 samples
06:46.533  render           | Video append frame 1053
06:46.533  render           | Time: 00:00.34 (Saving: 00:00.01)
06:46.533  render           | Rendering frame 1054
06:46.534  render           | Executing sequencer
06:46.534  render           | Rendering frame 1054
06:46.535  render           | Start rendering: KHATIB / Software launch, ViewLayer
06:46.535  render           | Engine: EEVEE
06:46.587  render           | Fra: 1054 | Rendering 1 / 16 samples
06:46.611  render           | Fra: 1054 | Rendering 16 / 16 samples
06:46.883  render           | Video append frame 1054
06:46.883  render           | Time: 00:00.34 (Saving: 00:00.02)
06:46.883  render           | Rendering frame 1055
06:46.884  render           | Executing sequencer
06:46.932  render           | Rendering frame 1055
06:46.933  render           | Start rendering: KHATIB / Software launch, ViewLayer
06:46.933  render           | Engine: EEVEE
06:46.978  render           | Fra: 1055 | Rendering 1 / 16 samples
06:47.003  render           | Fra: 1055 | Rendering 16 / 16 samples
06:47.267  render           | Video append frame 1055
06:47.267  render           | Time: 00:00.38 (Saving: 00:00.01)
06:47.267  render           | Rendering frame 1056
06:47.268  render           | Executing sequencer
06:47.268  render           | Rendering frame 1056
06:47.268  render           | Start rendering: KHATIB / Software launch, ViewLayer
06:47.268  render           | Engine: EEVEE
06:47.314  render           | Fra: 1056 | Rendering 1 / 16 samples
06:47.337  render           | Fra: 1056 | Rendering 16 / 16 samples
06:47.577  render           | Video append frame 1056
06:47.577  render           | Time: 00:00.30 (Saving: 00:00.01)
06:47.577  render           | Rendering frame 1057
06:47.577  render           | Executing sequencer
06:47.578  render           | Rendering frame 1057
06:47.578  render           | Start rendering: KHATIB / Software launch, ViewLayer
06:47.578  render           | Engine: EEVEE
06:47.623  render           | Fra: 1057 | Rendering 1 / 16 samples
06:47.645  render           | Fra: 1057 | Rendering 16 / 16 samples
06:47.884  render           | Video append frame 1057
06:47.884  render           | Time: 00:00.30 (Saving: 00:00.01)
06:47.884  render           | Rendering frame 1058
06:47.884  render           | Executing sequencer
06:47.885  render           | Rendering frame 1058
06:47.885  render           | Start rendering: KHATIB / Software launch, ViewLayer
06:47.885  render           | Engine: EEVEE
06:47.930  render           | Fra: 1058 | Rendering 1 / 16 samples
06:47.954  render           | Fra: 1058 | Rendering 16 / 16 samples
06:48.229  render           | Video append frame 1058
06:48.229  render           | Time: 00:00.34 (Saving: 00:00.02)
06:48.229  render           | Rendering frame 1059
06:48.229  render           | Executing sequencer
06:48.230  render           | Rendering frame 1059
06:48.230  render           | Start rendering: KHATIB / Software launch, ViewLayer
06:48.230  render           | Engine: EEVEE
06:48.291  render           | Fra: 1059 | Rendering 1 / 16 samples
06:48.314  render           | Fra: 1059 | Rendering 16 / 16 samples
06:48.584  render           | Video append frame 1059
06:48.584  render           | Time: 00:00.35 (Saving: 00:00.01)
06:48.584  render           | Rendering frame 1060
06:48.584  render           | Executing sequencer
06:48.584  render           | Rendering frame 1060
06:48.585  render           | Start rendering: KHATIB / Software launch, ViewLayer
06:48.585  render           | Engine: EEVEE
06:48.631  render           | Fra: 1060 | Rendering 1 / 16 samples
06:48.654  render           | Fra: 1060 | Rendering 16 / 16 samples
06:48.924  render           | Video append frame 1060
06:48.924  render           | Time: 00:00.34 (Saving: 00:00.01)
06:48.924  render           | Rendering frame 1061
06:48.925  render           | Executing sequencer
06:48.925  render           | Rendering frame 1061
06:48.925  render           | Start rendering: KHATIB / Software launch, ViewLayer
06:48.925  render           | Engine: EEVEE
06:48.976  render           | Fra: 1061 | Rendering 1 / 16 samples
06:48.999  render           | Fra: 1061 | Rendering 16 / 16 samples
06:49.274  render           | Video append frame 1061
06:49.274  render           | Time: 00:00.34 (Saving: 00:00.01)
06:49.274  render           | Rendering frame 1062
06:49.275  render           | Executing sequencer
06:49.276  render           | Rendering frame 1062
06:49.276  render           | Start rendering: KHATIB / Software launch, ViewLayer
06:49.276  render           | Engine: EEVEE
06:49.331  render           | Fra: 1062 | Rendering 1 / 16 samples
06:49.374  render           | Fra: 1062 | Rendering 16 / 16 samples
06:49.620  render           | Video append frame 1062
06:49.620  render           | Time: 00:00.34 (Saving: 00:00.01)
06:49.620  render           | Rendering frame 1063
06:49.620  render           | Executing sequencer
06:49.621  render           | Rendering frame 1063
06:49.621  render           | Start rendering: KHATIB / Software launch, ViewLayer
06:49.621  render           | Engine: EEVEE
06:49.672  render           | Fra: 1063 | Rendering 1 / 16 samples
06:49.701  render           | Fra: 1063 | Rendering 16 / 16 samples
06:49.977  render           | Video append frame 1063
06:49.977  render           | Time: 00:00.35 (Saving: 00:00.01)
06:49.977  render           | Rendering frame 1064
06:49.977  render           | Executing sequencer
06:49.978  render           | Rendering frame 1064
06:49.978  render           | Start rendering: KHATIB / Software launch, ViewLayer
06:49.978  render           | Engine: EEVEE
06:50.027  render           | Fra: 1064 | Rendering 1 / 16 samples
06:50.049  render           | Fra: 1064 | Rendering 16 / 16 samples
06:50.337  render           | Video append frame 1064
06:50.337  render           | Time: 00:00.35 (Saving: 00:00.01)
06:50.337  render           | Rendering frame 1065
06:50.337  render           | Executing sequencer
06:50.339  render           | Rendering frame 1065
06:50.340  render           | Start rendering: KHATIB / Software launch, ViewLayer
06:50.340  render           | Engine: EEVEE
06:50.389  render           | Fra: 1065 | Rendering 1 / 16 samples
06:50.412  render           | Fra: 1065 | Rendering 16 / 16 samples
06:50.693  render           | Video append frame 1065
06:50.693  render           | Time: 00:00.35 (Saving: 00:00.01)
06:50.693  render           | Rendering frame 1066
06:50.693  render           | Executing sequencer
06:50.694  render           | Rendering frame 1066
06:50.695  render           | Start rendering: KHATIB / Software launch, ViewLayer
06:50.695  render           | Engine: EEVEE
06:50.747  render           | Fra: 1066 | Rendering 1 / 16 samples
06:50.772  render           | Fra: 1066 | Rendering 16 / 16 samples
06:51.200  render           | Video append frame 1066
06:51.201  render           | Time: 00:00.50 (Saving: 00:00.02)
06:51.201  render           | Rendering frame 1067
06:51.203  render           | Executing sequencer
06:51.204  render           | Rendering frame 1067
06:51.206  render           | Start rendering: KHATIB / Software launch, ViewLayer
06:51.206  render           | Engine: EEVEE
06:51.267  render           | Fra: 1067 | Rendering 1 / 16 samples
06:51.291  render           | Fra: 1067 | Rendering 16 / 16 samples
06:51.597  render           | Video append frame 1067
06:51.597  render           | Time: 00:00.39 (Saving: 00:00.02)
06:51.597  render           | Rendering frame 1068
06:51.598  render           | Executing sequencer
06:51.605  render           | Rendering frame 1068
06:51.605  render           | Start rendering: KHATIB / Software launch, ViewLayer
06:51.605  render           | Engine: EEVEE
06:51.667  render           | Fra: 1068 | Rendering 1 / 16 samples
06:51.693  render           | Fra: 1068 | Rendering 16 / 16 samples
06:51.964  render           | Video append frame 1068
06:51.964  render           | Time: 00:00.36 (Saving: 00:00.01)
06:51.964  render           | Rendering frame 1069
06:51.964  render           | Executing sequencer
06:51.970  render           | Rendering frame 1069
06:51.970  render           | Start rendering: KHATIB / Software launch, ViewLayer
06:51.970  render           | Engine: EEVEE
06:52.022  render           | Fra: 1069 | Rendering 1 / 16 samples
06:52.046  render           | Fra: 1069 | Rendering 16 / 16 samples
06:52.328  render           | Video append frame 1069
06:52.329  render           | Time: 00:00.36 (Saving: 00:00.01)
06:52.329  render           | Rendering frame 1070
06:52.329  render           | Executing sequencer
06:52.334  render           | Rendering frame 1070
06:52.334  render           | Start rendering: KHATIB / Software launch, ViewLayer
06:52.334  render           | Engine: EEVEE
06:52.385  render           | Fra: 1070 | Rendering 1 / 16 samples
06:52.409  render           | Fra: 1070 | Rendering 16 / 16 samples
06:52.705  render           | Video append frame 1070
06:52.705  render           | Time: 00:00.37 (Saving: 00:00.02)
06:52.705  render           | Rendering frame 1071
06:52.705  render           | Executing sequencer
06:52.708  render           | Rendering frame 1071
06:52.709  render           | Start rendering: KHATIB / Software launch, ViewLayer
06:52.709  render           | Engine: EEVEE
06:52.774  render           | Fra: 1071 | Rendering 1 / 16 samples
06:52.797  render           | Fra: 1071 | Rendering 16 / 16 samples
06:53.073  render           | Video append frame 1071
06:53.073  render           | Time: 00:00.36 (Saving: 00:00.01)
06:53.073  render           | Rendering frame 1072
06:53.073  render           | Executing sequencer
06:53.074  render           | Rendering frame 1072
06:53.074  render           | Start rendering: KHATIB / Software launch, ViewLayer
06:53.074  render           | Engine: EEVEE
06:53.122  render           | Fra: 1072 | Rendering 1 / 16 samples
06:53.146  render           | Fra: 1072 | Rendering 16 / 16 samples
06:53.424  render           | Video append frame 1072
06:53.424  render           | Time: 00:00.35 (Saving: 00:00.01)
06:53.424  render           | Rendering frame 1073
06:53.425  render           | Executing sequencer
06:53.425  render           | Rendering frame 1073
06:53.426  render           | Start rendering: KHATIB / Software launch, ViewLayer
06:53.426  render           | Engine: EEVEE
06:53.489  render           | Fra: 1073 | Rendering 1 / 16 samples
06:53.515  render           | Fra: 1073 | Rendering 16 / 16 samples
06:54.325  render           | Video append frame 1073
06:54.325  render           | Time: 00:00.90 (Saving: 00:00.01)
06:54.325  render           | Rendering frame 1074
06:54.325  render           | Executing sequencer
06:54.327  render           | Rendering frame 1074
06:54.327  render           | Start rendering: KHATIB / Software launch, ViewLayer
06:54.327  render           | Engine: EEVEE
06:54.394  render           | Fra: 1074 | Rendering 1 / 16 samples
06:54.418  render           | Fra: 1074 | Rendering 16 / 16 samples
06:54.689  render           | Video append frame 1074
06:54.689  render           | Time: 00:00.36 (Saving: 00:00.01)
06:54.689  render           | Rendering frame 1075
06:54.689  render           | Executing sequencer
06:54.690  render           | Rendering frame 1075
06:54.691  render           | Start rendering: KHATIB / Software launch, ViewLayer
06:54.691  render           | Engine: EEVEE
06:54.756  render           | Fra: 1075 | Rendering 1 / 16 samples
06:54.781  render           | Fra: 1075 | Rendering 16 / 16 samples
06:55.031  render           | Video append frame 1075
06:55.031  render           | Time: 00:00.34 (Saving: 00:00.01)
06:55.031  render           | Rendering frame 1076
06:55.031  render           | Executing sequencer
06:55.032  render           | Rendering frame 1076
06:55.032  render           | Start rendering: KHATIB / Software launch, ViewLayer
06:55.032  render           | Engine: EEVEE
06:55.085  render           | Fra: 1076 | Rendering 1 / 16 samples
06:55.109  render           | Fra: 1076 | Rendering 16 / 16 samples
06:55.360  render           | Video append frame 1076
06:55.360  render           | Time: 00:00.32 (Saving: 00:00.01)
06:55.360  render           | Rendering frame 1077
06:55.361  render           | Executing sequencer
06:55.361  render           | Rendering frame 1077
06:55.362  render           | Start rendering: KHATIB / Software launch, ViewLayer
06:55.362  render           | Engine: EEVEE
06:55.407  render           | Fra: 1077 | Rendering 1 / 16 samples
06:55.430  render           | Fra: 1077 | Rendering 16 / 16 samples
06:55.684  render           | Video append frame 1077
06:55.684  render           | Time: 00:00.32 (Saving: 00:00.01)
06:55.684  render           | Rendering frame 1078
06:55.684  render           | Executing sequencer
06:55.685  render           | Rendering frame 1078
06:55.685  render           | Start rendering: KHATIB / Software launch, ViewLayer
06:55.685  render           | Engine: EEVEE
06:55.729  render           | Fra: 1078 | Rendering 1 / 16 samples
06:55.753  render           | Fra: 1078 | Rendering 16 / 16 samples
06:56.006  render           | Video append frame 1078
06:56.006  render           | Time: 00:00.32 (Saving: 00:00.01)
06:56.006  render           | Rendering frame 1079
06:56.007  render           | Executing sequencer
06:56.007  render           | Rendering frame 1079
06:56.008  render           | Start rendering: KHATIB / Software launch, ViewLayer
06:56.008  render           | Engine: EEVEE
06:56.054  render           | Fra: 1079 | Rendering 1 / 16 samples
06:56.080  render           | Fra: 1079 | Rendering 16 / 16 samples
06:56.325  render           | Video append frame 1079
06:56.325  render           | Time: 00:00.31 (Saving: 00:00.01)
06:56.325  render           | Rendering frame 1080
06:56.325  render           | Executing sequencer
06:56.326  render           | Rendering frame 1080
06:56.326  render           | Start rendering: KHATIB / Software launch, ViewLayer
06:56.326  render           | Engine: EEVEE
06:56.372  render           | Fra: 1080 | Rendering 1 / 16 samples
06:56.396  render           | Fra: 1080 | Rendering 16 / 16 samples
06:56.646  render           | Video append frame 1080
06:56.646  render           | Time: 00:00.32 (Saving: 00:00.01)
06:56.646  render           | Rendering frame 1081
06:56.646  render           | Executing sequencer
06:56.647  render           | Rendering frame 1081
06:56.647  render           | Start rendering: KHATIB / Software launch, ViewLayer
06:56.647  render           | Engine: EEVEE
06:56.693  render           | Fra: 1081 | Rendering 1 / 16 samples
06:56.717  render           | Fra: 1081 | Rendering 16 / 16 samples
06:56.983  render           | Video append frame 1081
06:56.983  render           | Time: 00:00.33 (Saving: 00:00.01)
06:56.983  render           | Rendering frame 1082
06:56.983  render           | Executing sequencer
06:56.984  render           | Rendering frame 1082
06:56.984  render           | Start rendering: KHATIB / Software launch, ViewLayer
06:56.984  render           | Engine: EEVEE
06:57.034  render           | Fra: 1082 | Rendering 1 / 16 samples
06:57.059  render           | Fra: 1082 | Rendering 16 / 16 samples
06:57.323  render           | Video append frame 1082
06:57.323  render           | Time: 00:00.33 (Saving: 00:00.01)
06:57.323  render           | Rendering frame 1083
06:57.324  render           | Executing sequencer
06:57.324  render           | Rendering frame 1083
06:57.325  render           | Start rendering: KHATIB / Software launch, ViewLayer
06:57.325  render           | Engine: EEVEE
06:57.372  render           | Fra: 1083 | Rendering 1 / 16 samples
06:57.396  render           | Fra: 1083 | Rendering 16 / 16 samples
06:57.670  render           | Video append frame 1083
06:57.672  render           | Time: 00:00.34 (Saving: 00:00.01)
06:57.672  render           | Rendering frame 1084
06:57.672  render           | Executing sequencer
06:57.674  render           | Rendering frame 1084
06:57.674  render           | Start rendering: KHATIB / Software launch, ViewLayer
06:57.674  render           | Engine: EEVEE
06:57.720  render           | Fra: 1084 | Rendering 1 / 16 samples
06:57.744  render           | Fra: 1084 | Rendering 16 / 16 samples
06:58.008  render           | Video append frame 1084
06:58.008  render           | Time: 00:00.33 (Saving: 00:00.01)
06:58.008  render           | Rendering frame 1085
06:58.008  render           | Executing sequencer
06:58.009  render           | Rendering frame 1085
06:58.009  render           | Start rendering: KHATIB / Software launch, ViewLayer
06:58.009  render           | Engine: EEVEE
06:58.058  render           | Fra: 1085 | Rendering 1 / 16 samples
06:58.083  render           | Fra: 1085 | Rendering 16 / 16 samples
06:58.353  render           | Video append frame 1085
06:58.353  render           | Time: 00:00.34 (Saving: 00:00.01)
06:58.353  render           | Rendering frame 1086
06:58.353  render           | Executing sequencer
06:58.354  render           | Rendering frame 1086
06:58.354  render           | Start rendering: KHATIB / Software launch, ViewLayer
06:58.354  render           | Engine: EEVEE
06:58.401  render           | Fra: 1086 | Rendering 1 / 16 samples
06:58.424  render           | Fra: 1086 | Rendering 16 / 16 samples
06:58.690  render           | Video append frame 1086
06:58.691  render           | Time: 00:00.33 (Saving: 00:00.01)
06:58.691  render           | Rendering frame 1087
06:58.691  render           | Executing sequencer
06:58.692  render           | Rendering frame 1087
06:58.693  render           | Start rendering: KHATIB / Software launch, ViewLayer
06:58.693  render           | Engine: EEVEE
06:58.738  render           | Fra: 1087 | Rendering 1 / 16 samples
06:58.762  render           | Fra: 1087 | Rendering 16 / 16 samples
06:59.061  render           | Video append frame 1087
06:59.061  render           | Time: 00:00.37 (Saving: 00:00.02)
06:59.061  render           | Rendering frame 1088
06:59.062  render           | Executing sequencer
06:59.062  render           | Rendering frame 1088
06:59.063  render           | Start rendering: KHATIB / Software launch, ViewLayer
06:59.063  render           | Engine: EEVEE
06:59.118  render           | Fra: 1088 | Rendering 1 / 16 samples
06:59.141  render           | Fra: 1088 | Rendering 16 / 16 samples
06:59.459  render           | Video append frame 1088
06:59.459  render           | Time: 00:00.39 (Saving: 00:00.01)
06:59.459  render           | Rendering frame 1089
06:59.459  render           | Executing sequencer
06:59.460  render           | Rendering frame 1089
06:59.460  render           | Start rendering: KHATIB / Software launch, ViewLayer
06:59.461  render           | Engine: EEVEE
06:59.508  render           | Fra: 1089 | Rendering 1 / 16 samples
06:59.532  render           | Fra: 1089 | Rendering 16 / 16 samples
06:59.790  render           | Video append frame 1089
06:59.790  render           | Time: 00:00.33 (Saving: 00:00.01)
06:59.790  render           | Rendering frame 1090
06:59.790  render           | Executing sequencer
06:59.791  render           | Rendering frame 1090
06:59.791  render           | Start rendering: KHATIB / Software launch, ViewLayer
06:59.791  render           | Engine: EEVEE
06:59.835  render           | Fra: 1090 | Rendering 1 / 16 samples
06:59.858  render           | Fra: 1090 | Rendering 16 / 16 samples
07:00.118  render           | Video append frame 1090
07:00.118  render           | Time: 00:00.32 (Saving: 00:00.01)
07:00.118  render           | Rendering frame 1091
07:00.118  render           | Executing sequencer
07:00.172  render           | Rendering frame 1091
07:00.172  render           | Start rendering: KHATIB / Software launch, ViewLayer
07:00.172  render           | Engine: EEVEE
07:00.220  render           | Fra: 1091 | Rendering 1 / 16 samples
07:00.245  render           | Fra: 1091 | Rendering 16 / 16 samples
07:00.497  render           | Video append frame 1091
07:00.497  render           | Time: 00:00.37 (Saving: 00:00.01)
07:00.497  render           | Rendering frame 1092
07:00.498  render           | Executing sequencer
07:00.498  render           | Rendering frame 1092
07:00.499  render           | Start rendering: KHATIB / Software launch, ViewLayer
07:00.499  render           | Engine: EEVEE
07:00.546  render           | Fra: 1092 | Rendering 1 / 16 samples
07:00.568  render           | Fra: 1092 | Rendering 16 / 16 samples
07:00.810  render           | Video append frame 1092
07:00.810  render           | Time: 00:00.31 (Saving: 00:00.01)
07:00.810  render           | Rendering frame 1093
07:00.810  render           | Executing sequencer
07:00.811  render           | Rendering frame 1093
07:00.811  render           | Start rendering: KHATIB / Software launch, ViewLayer
07:00.811  render           | Engine: EEVEE
07:00.858  render           | Fra: 1093 | Rendering 1 / 16 samples
07:00.880  render           | Fra: 1093 | Rendering 16 / 16 samples
07:01.122  render           | Video append frame 1093
07:01.122  render           | Time: 00:00.31 (Saving: 00:00.01)
07:01.122  render           | Rendering frame 1094
07:01.123  render           | Executing sequencer
07:01.123  render           | Rendering frame 1094
07:01.123  render           | Start rendering: KHATIB / Software launch, ViewLayer
07:01.123  render           | Engine: EEVEE
07:01.173  render           | Fra: 1094 | Rendering 1 / 16 samples
07:01.196  render           | Fra: 1094 | Rendering 16 / 16 samples
07:01.442  render           | Video append frame 1094
07:01.442  render           | Time: 00:00.31 (Saving: 00:00.01)
07:01.442  render           | Rendering frame 1095
07:01.442  render           | Executing sequencer
07:01.443  render           | Rendering frame 1095
07:01.443  render           | Start rendering: KHATIB / Software launch, ViewLayer
07:01.443  render           | Engine: EEVEE
07:01.487  render           | Fra: 1095 | Rendering 1 / 16 samples
07:01.510  render           | Fra: 1095 | Rendering 16 / 16 samples
07:01.750  render           | Video append frame 1095
07:01.750  render           | Time: 00:00.30 (Saving: 00:00.01)
07:01.750  render           | Rendering frame 1096
07:01.751  render           | Executing sequencer
07:01.751  render           | Rendering frame 1096
07:01.751  render           | Start rendering: KHATIB / Software launch, ViewLayer
07:01.752  render           | Engine: EEVEE
07:01.796  render           | Fra: 1096 | Rendering 1 / 16 samples
07:01.818  render           | Fra: 1096 | Rendering 16 / 16 samples
07:02.061  render           | Video append frame 1096
07:02.061  render           | Time: 00:00.31 (Saving: 00:00.01)
07:02.061  render           | Rendering frame 1097
07:02.061  render           | Executing sequencer
07:02.062  render           | Rendering frame 1097
07:02.062  render           | Start rendering: KHATIB / Software launch, ViewLayer
07:02.062  render           | Engine: EEVEE
07:02.106  render           | Fra: 1097 | Rendering 1 / 16 samples
07:02.129  render           | Fra: 1097 | Rendering 16 / 16 samples
07:02.369  render           | Video append frame 1097
07:02.369  render           | Time: 00:00.30 (Saving: 00:00.01)
07:02.369  render           | Rendering frame 1098
07:02.370  render           | Executing sequencer
07:02.370  render           | Rendering frame 1098
07:02.371  render           | Start rendering: KHATIB / Software launch, ViewLayer
07:02.371  render           | Engine: EEVEE
07:02.415  render           | Fra: 1098 | Rendering 1 / 16 samples
07:02.438  render           | Fra: 1098 | Rendering 16 / 16 samples
07:02.687  render           | Video append frame 1098
07:02.687  render           | Time: 00:00.31 (Saving: 00:00.01)
07:02.687  render           | Rendering frame 1099
07:02.687  render           | Executing sequencer
07:02.688  render           | Rendering frame 1099
07:02.688  render           | Start rendering: KHATIB / Software launch, ViewLayer
07:02.688  render           | Engine: EEVEE
07:02.736  render           | Fra: 1099 | Rendering 1 / 16 samples
07:02.759  render           | Fra: 1099 | Rendering 16 / 16 samples
07:03.023  render           | Video append frame 1099
07:03.023  render           | Time: 00:00.33 (Saving: 00:00.01)
07:03.023  render           | Rendering frame 1100
07:03.023  render           | Executing sequencer
07:03.024  render           | Rendering frame 1100
07:03.024  render           | Start rendering: KHATIB / Software launch, ViewLayer
07:03.024  render           | Engine: EEVEE
07:03.071  render           | Fra: 1100 | Rendering 1 / 16 samples
07:03.094  render           | Fra: 1100 | Rendering 16 / 16 samples
07:03.350  render           | Video append frame 1100
07:03.350  render           | Time: 00:00.32 (Saving: 00:00.01)
07:03.350  render           | Rendering frame 1101
07:03.350  render           | Executing sequencer
07:03.351  render           | Rendering frame 1101
07:03.351  render           | Start rendering: KHATIB / Software launch, ViewLayer
07:03.351  render           | Engine: EEVEE
07:03.396  render           | Fra: 1101 | Rendering 1 / 16 samples
07:03.419  render           | Fra: 1101 | Rendering 16 / 16 samples
07:03.678  render           | Video append frame 1101
07:03.678  render           | Time: 00:00.32 (Saving: 00:00.01)
07:03.678  render           | Rendering frame 1102
07:03.679  render           | Executing sequencer
07:03.679  render           | Rendering frame 1102
07:03.680  render           | Start rendering: KHATIB / Software launch, ViewLayer
07:03.680  render           | Engine: EEVEE
07:03.723  render           | Fra: 1102 | Rendering 1 / 16 samples
07:03.745  render           | Fra: 1102 | Rendering 16 / 16 samples
07:04.017  render           | Video append frame 1102
07:04.017  render           | Time: 00:00.33 (Saving: 00:00.01)
07:04.017  render           | Rendering frame 1103
07:04.017  render           | Executing sequencer
07:04.018  render           | Rendering frame 1103
07:04.019  render           | Start rendering: KHATIB / Software launch, ViewLayer
07:04.019  render           | Engine: EEVEE
07:04.065  render           | Fra: 1103 | Rendering 1 / 16 samples
07:04.087  render           | Fra: 1103 | Rendering 16 / 16 samples
07:04.354  render           | Video append frame 1103
07:04.354  render           | Time: 00:00.33 (Saving: 00:00.01)
07:04.354  render           | Rendering frame 1104
07:04.355  render           | Executing sequencer
07:04.355  render           | Rendering frame 1104
07:04.356  render           | Start rendering: KHATIB / Software launch, ViewLayer
07:04.356  render           | Engine: EEVEE
07:04.401  render           | Fra: 1104 | Rendering 1 / 16 samples
07:04.423  render           | Fra: 1104 | Rendering 16 / 16 samples
07:04.687  render           | Video append frame 1104
07:04.687  render           | Time: 00:00.33 (Saving: 00:00.01)
07:04.687  render           | Rendering frame 1105
07:04.688  render           | Executing sequencer
07:04.688  render           | Rendering frame 1105
07:04.688  render           | Start rendering: KHATIB / Software launch, ViewLayer
07:04.688  render           | Engine: EEVEE
07:04.736  render           | Fra: 1105 | Rendering 1 / 16 samples
07:04.759  render           | Fra: 1105 | Rendering 16 / 16 samples
07:05.036  render           | Video append frame 1105
07:05.036  render           | Time: 00:00.34 (Saving: 00:00.01)
07:05.036  render           | Rendering frame 1106
07:05.036  render           | Executing sequencer
07:05.037  render           | Rendering frame 1106
07:05.037  render           | Start rendering: KHATIB / Software launch, ViewLayer
07:05.037  render           | Engine: EEVEE
07:05.083  render           | Fra: 1106 | Rendering 1 / 16 samples
07:05.106  render           | Fra: 1106 | Rendering 16 / 16 samples
07:05.386  render           | Video append frame 1106
07:05.386  render           | Time: 00:00.35 (Saving: 00:00.01)
07:05.386  render           | Rendering frame 1107
07:05.387  render           | Executing sequencer
07:05.387  render           | Rendering frame 1107
07:05.388  render           | Start rendering: KHATIB / Software launch, ViewLayer
07:05.388  render           | Engine: EEVEE
07:05.434  render           | Fra: 1107 | Rendering 1 / 16 samples
07:05.457  render           | Fra: 1107 | Rendering 16 / 16 samples
07:05.722  render           | Video append frame 1107
07:05.722  render           | Time: 00:00.33 (Saving: 00:00.01)
07:05.722  render           | Rendering frame 1108
07:05.723  render           | Executing sequencer
07:05.723  render           | Rendering frame 1108
07:05.724  render           | Start rendering: KHATIB / Software launch, ViewLayer
07:05.724  render           | Engine: EEVEE
07:05.772  render           | Fra: 1108 | Rendering 1 / 16 samples
07:05.795  render           | Fra: 1108 | Rendering 16 / 16 samples
07:06.063  render           | Video append frame 1108
07:06.064  render           | Time: 00:00.34 (Saving: 00:00.01)
07:06.064  render           | Rendering frame 1109
07:06.064  render           | Executing sequencer
07:06.065  render           | Rendering frame 1109
07:06.065  render           | Start rendering: KHATIB / Software launch, ViewLayer
07:06.065  render           | Engine: EEVEE
07:06.111  render           | Fra: 1109 | Rendering 1 / 16 samples
07:06.134  render           | Fra: 1109 | Rendering 16 / 16 samples
07:06.396  render           | Video append frame 1109
07:06.396  render           | Time: 00:00.33 (Saving: 00:00.01)
07:06.396  render           | Rendering frame 1110
07:06.396  render           | Executing sequencer
07:06.397  render           | Rendering frame 1110
07:06.397  render           | Start rendering: KHATIB / Software launch, ViewLayer
07:06.397  render           | Engine: EEVEE
07:06.447  render           | Fra: 1110 | Rendering 1 / 16 samples
07:06.470  render           | Fra: 1110 | Rendering 16 / 16 samples
07:06.744  render           | Video append frame 1110
07:06.744  render           | Time: 00:00.34 (Saving: 00:00.02)
07:06.744  render           | Rendering frame 1111
07:06.744  render           | Executing sequencer
07:06.745  render           | Rendering frame 1111
07:06.745  render           | Start rendering: KHATIB / Software launch, ViewLayer
07:06.745  render           | Engine: EEVEE
07:06.793  render           | Fra: 1111 | Rendering 1 / 16 samples
07:06.817  render           | Fra: 1111 | Rendering 16 / 16 samples
07:07.089  render           | Video append frame 1111
07:07.089  render           | Time: 00:00.34 (Saving: 00:00.01)
07:07.089  render           | Rendering frame 1112
07:07.089  render           | Executing sequencer
07:07.090  render           | Rendering frame 1112
07:07.090  render           | Start rendering: KHATIB / Software launch, ViewLayer
07:07.090  render           | Engine: EEVEE
07:07.137  render           | Fra: 1112 | Rendering 1 / 16 samples
07:07.159  render           | Fra: 1112 | Rendering 16 / 16 samples
07:07.429  render           | Video append frame 1112
07:07.429  render           | Time: 00:00.33 (Saving: 00:00.01)
07:07.429  render           | Rendering frame 1113
07:07.429  render           | Executing sequencer
07:07.430  render           | Rendering frame 1113
07:07.430  render           | Start rendering: KHATIB / Software launch, ViewLayer
07:07.430  render           | Engine: EEVEE
07:07.479  render           | Fra: 1113 | Rendering 1 / 16 samples
07:07.504  render           | Fra: 1113 | Rendering 16 / 16 samples
07:07.771  render           | Video append frame 1113
07:07.771  render           | Time: 00:00.34 (Saving: 00:00.01)
07:07.771  render           | Rendering frame 1114
07:07.772  render           | Executing sequencer
07:07.772  render           | Rendering frame 1114
07:07.773  render           | Start rendering: KHATIB / Software launch, ViewLayer
07:07.773  render           | Engine: EEVEE
07:07.818  render           | Fra: 1114 | Rendering 1 / 16 samples
07:07.841  render           | Fra: 1114 | Rendering 16 / 16 samples
07:08.115  render           | Video append frame 1114
07:08.115  render           | Time: 00:00.34 (Saving: 00:00.01)
07:08.115  render           | Rendering frame 1115
07:08.115  render           | Executing sequencer
07:08.116  render           | Rendering frame 1115
07:08.116  render           | Start rendering: KHATIB / Software launch, ViewLayer
07:08.116  render           | Engine: EEVEE
07:08.163  render           | Fra: 1115 | Rendering 1 / 16 samples
07:08.186  render           | Fra: 1115 | Rendering 16 / 16 samples
07:08.454  render           | Video append frame 1115
07:08.454  render           | Time: 00:00.33 (Saving: 00:00.01)
07:08.454  render           | Rendering frame 1116
07:08.454  render           | Executing sequencer
07:08.455  render           | Rendering frame 1116
07:08.456  render           | Start rendering: KHATIB / Software launch, ViewLayer
07:08.456  render           | Engine: EEVEE
07:08.501  render           | Fra: 1116 | Rendering 1 / 16 samples
07:08.524  render           | Fra: 1116 | Rendering 16 / 16 samples
07:08.796  render           | Video append frame 1116
07:08.796  render           | Time: 00:00.34 (Saving: 00:00.01)
07:08.796  render           | Rendering frame 1117
07:08.797  render           | Executing sequencer
07:08.797  render           | Rendering frame 1117
07:08.797  render           | Start rendering: KHATIB / Software launch, ViewLayer
07:08.797  render           | Engine: EEVEE
07:08.843  render           | Fra: 1117 | Rendering 1 / 16 samples
07:08.865  render           | Fra: 1117 | Rendering 16 / 16 samples
07:09.123  render           | Video append frame 1117
07:09.123  render           | Time: 00:00.32 (Saving: 00:00.01)
07:09.123  render           | Rendering frame 1118
07:09.123  render           | Executing sequencer
07:09.124  render           | Rendering frame 1118
07:09.125  render           | Start rendering: KHATIB / Software launch, ViewLayer
07:09.125  render           | Engine: EEVEE
07:09.169  render           | Fra: 1118 | Rendering 1 / 16 samples
07:09.191  render           | Fra: 1118 | Rendering 16 / 16 samples
07:09.470  render           | Video append frame 1118
07:09.471  render           | Time: 00:00.34 (Saving: 00:00.01)
07:09.471  render           | Rendering frame 1119
07:09.472  render           | Executing sequencer
07:09.474  render           | Rendering frame 1119
07:09.474  render           | Start rendering: KHATIB / Software launch, ViewLayer
07:09.474  render           | Engine: EEVEE
07:09.521  render           | Fra: 1119 | Rendering 1 / 16 samples
07:09.544  render           | Fra: 1119 | Rendering 16 / 16 samples
07:09.810  render           | Video append frame 1119
07:09.810  render           | Time: 00:00.33 (Saving: 00:00.01)
07:09.810  render           | Rendering frame 1120
07:09.811  render           | Executing sequencer
07:09.812  render           | Rendering frame 1120
07:09.812  render           | Start rendering: KHATIB / Software launch, ViewLayer
07:09.812  render           | Engine: EEVEE
07:09.859  render           | Fra: 1120 | Rendering 1 / 16 samples
07:09.881  render           | Fra: 1120 | Rendering 16 / 16 samples
07:10.159  render           | Video append frame 1120
07:10.159  render           | Time: 00:00.34 (Saving: 00:00.02)
07:10.159  render           | Rendering frame 1121
07:10.160  render           | Executing sequencer
07:10.160  render           | Rendering frame 1121
07:10.161  render           | Start rendering: KHATIB / Software launch, ViewLayer
07:10.161  render           | Engine: EEVEE
07:10.208  render           | Fra: 1121 | Rendering 1 / 16 samples
07:10.231  render           | Fra: 1121 | Rendering 16 / 16 samples
07:10.510  render           | Video append frame 1121
07:10.510  render           | Time: 00:00.35 (Saving: 00:00.01)
07:10.510  render           | Rendering frame 1122
07:10.511  render           | Executing sequencer
07:10.512  render           | Rendering frame 1122
07:10.512  render           | Start rendering: KHATIB / Software launch, ViewLayer
07:10.512  render           | Engine: EEVEE
07:10.568  render           | Fra: 1122 | Rendering 1 / 16 samples
07:10.591  render           | Fra: 1122 | Rendering 16 / 16 samples
07:10.853  render           | Video append frame 1122
07:10.853  render           | Time: 00:00.34 (Saving: 00:00.01)
07:10.853  render           | Rendering frame 1123
07:10.853  render           | Executing sequencer
07:10.854  render           | Rendering frame 1123
07:10.854  render           | Start rendering: KHATIB / Software launch, ViewLayer
07:10.854  render           | Engine: EEVEE
07:10.899  render           | Fra: 1123 | Rendering 1 / 16 samples
07:10.922  render           | Fra: 1123 | Rendering 16 / 16 samples
07:11.193  render           | Video append frame 1123
07:11.193  render           | Time: 00:00.33 (Saving: 00:00.01)
07:11.193  render           | Rendering frame 1124
07:11.193  render           | Executing sequencer
07:11.227  render           | Rendering frame 1124
07:11.227  render           | Start rendering: KHATIB / Software launch, ViewLayer
07:11.227  render           | Engine: EEVEE
07:11.271  render           | Fra: 1124 | Rendering 1 / 16 samples
07:11.293  render           | Fra: 1124 | Rendering 16 / 16 samples
07:11.555  render           | Video append frame 1124
07:11.555  render           | Time: 00:00.36 (Saving: 00:00.01)
07:11.555  render           | Rendering frame 1125
07:11.555  render           | Executing sequencer
07:11.556  render           | Rendering frame 1125
07:11.556  render           | Start rendering: KHATIB / Software launch, ViewLayer
07:11.556  render           | Engine: EEVEE
07:11.604  render           | Fra: 1125 | Rendering 1 / 16 samples
07:11.625  render           | Fra: 1125 | Rendering 16 / 16 samples
07:11.866  render           | Video append frame 1125
07:11.866  render           | Time: 00:00.31 (Saving: 00:00.01)
07:11.866  render           | Rendering frame 1126
07:11.866  render           | Executing sequencer
07:11.867  render           | Rendering frame 1126
07:11.867  render           | Start rendering: KHATIB / Software launch, ViewLayer
07:11.867  render           | Engine: EEVEE
07:11.910  render           | Fra: 1126 | Rendering 1 / 16 samples
07:11.932  render           | Fra: 1126 | Rendering 16 / 16 samples
07:12.181  render           | Video append frame 1126
07:12.181  render           | Time: 00:00.31 (Saving: 00:00.01)
07:12.181  render           | Rendering frame 1127
07:12.181  render           | Executing sequencer
07:12.182  render           | Rendering frame 1127
07:12.182  render           | Start rendering: KHATIB / Software launch, ViewLayer
07:12.182  render           | Engine: EEVEE
07:12.228  render           | Fra: 1127 | Rendering 1 / 16 samples
07:12.250  render           | Fra: 1127 | Rendering 16 / 16 samples
07:12.505  render           | Video append frame 1127
07:12.505  render           | Time: 00:00.32 (Saving: 00:00.01)
07:12.505  render           | Rendering frame 1128
07:12.505  render           | Executing sequencer
07:12.506  render           | Rendering frame 1128
07:12.506  render           | Start rendering: KHATIB / Software launch, ViewLayer
07:12.506  render           | Engine: EEVEE
07:12.552  render           | Fra: 1128 | Rendering 1 / 16 samples
07:12.575  render           | Fra: 1128 | Rendering 16 / 16 samples
07:12.828  render           | Video append frame 1128
07:12.828  render           | Time: 00:00.32 (Saving: 00:00.01)
07:12.828  render           | Rendering frame 1129
07:12.829  render           | Executing sequencer
07:12.829  render           | Rendering frame 1129
07:12.830  render           | Start rendering: KHATIB / Software launch, ViewLayer
07:12.830  render           | Engine: EEVEE
07:12.876  render           | Fra: 1129 | Rendering 1 / 16 samples
07:12.898  render           | Fra: 1129 | Rendering 16 / 16 samples
07:13.145  render           | Video append frame 1129
07:13.145  render           | Time: 00:00.31 (Saving: 00:00.01)
07:13.145  render           | Rendering frame 1130
07:13.146  render           | Executing sequencer
07:13.146  render           | Rendering frame 1130
07:13.146  render           | Start rendering: KHATIB / Software launch, ViewLayer
07:13.146  render           | Engine: EEVEE
07:13.194  render           | Fra: 1130 | Rendering 1 / 16 samples
07:13.218  render           | Fra: 1130 | Rendering 16 / 16 samples
07:13.473  render           | Video append frame 1130
07:13.473  render           | Time: 00:00.32 (Saving: 00:00.02)
07:13.473  render           | Rendering frame 1131
07:13.473  render           | Executing sequencer
07:13.474  render           | Rendering frame 1131
07:13.474  render           | Start rendering: KHATIB / Software launch, ViewLayer
07:13.474  render           | Engine: EEVEE
07:13.519  render           | Fra: 1131 | Rendering 1 / 16 samples
07:13.541  render           | Fra: 1131 | Rendering 16 / 16 samples
07:13.791  render           | Video append frame 1131
07:13.791  render           | Time: 00:00.31 (Saving: 00:00.01)
07:13.791  render           | Rendering frame 1132
07:13.792  render           | Executing sequencer
07:13.792  render           | Rendering frame 1132
07:13.793  render           | Start rendering: KHATIB / Software launch, ViewLayer
07:13.793  render           | Engine: EEVEE
07:13.838  render           | Fra: 1132 | Rendering 1 / 16 samples
07:13.861  render           | Fra: 1132 | Rendering 16 / 16 samples
07:14.110  render           | Video append frame 1132
07:14.110  render           | Time: 00:00.31 (Saving: 00:00.01)
07:14.110  render           | Rendering frame 1133
07:14.110  render           | Executing sequencer
07:14.111  render           | Rendering frame 1133
07:14.111  render           | Start rendering: KHATIB / Software launch, ViewLayer
07:14.111  render           | Engine: EEVEE
07:14.155  render           | Fra: 1133 | Rendering 1 / 16 samples
07:14.178  render           | Fra: 1133 | Rendering 16 / 16 samples
07:14.438  render           | Video append frame 1133
07:14.438  render           | Time: 00:00.32 (Saving: 00:00.01)
07:14.438  render           | Rendering frame 1134
07:14.438  render           | Executing sequencer
07:14.440  render           | Rendering frame 1134
07:14.440  render           | Start rendering: KHATIB / Software launch, ViewLayer
07:14.440  render           | Engine: EEVEE
07:14.485  render           | Fra: 1134 | Rendering 1 / 16 samples
07:14.507  render           | Fra: 1134 | Rendering 16 / 16 samples
07:14.778  render           | Video append frame 1134
07:14.778  render           | Time: 00:00.33 (Saving: 00:00.01)
07:14.778  render           | Rendering frame 1135
07:14.779  render           | Executing sequencer
07:14.779  render           | Rendering frame 1135
07:14.780  render           | Start rendering: KHATIB / Software launch, ViewLayer
07:14.780  render           | Engine: EEVEE
07:14.832  render           | Fra: 1135 | Rendering 1 / 16 samples
07:14.855  render           | Fra: 1135 | Rendering 16 / 16 samples
07:15.130  render           | Video append frame 1135
07:15.130  render           | Time: 00:00.35 (Saving: 00:00.01)
07:15.130  render           | Rendering frame 1136
07:15.130  render           | Executing sequencer
07:15.131  render           | Rendering frame 1136
07:15.131  render           | Start rendering: KHATIB / Software launch, ViewLayer
07:15.131  render           | Engine: EEVEE
07:15.184  render           | Fra: 1136 | Rendering 1 / 16 samples
07:15.209  render           | Fra: 1136 | Rendering 16 / 16 samples
07:15.526  render           | Video append frame 1136
07:15.526  render           | Time: 00:00.39 (Saving: 00:00.01)
07:15.526  render           | Rendering frame 1137
07:15.526  render           | Executing sequencer
07:15.527  render           | Rendering frame 1137
07:15.528  render           | Start rendering: KHATIB / Software launch, ViewLayer
07:15.528  render           | Engine: EEVEE
07:15.575  render           | Fra: 1137 | Rendering 1 / 16 samples
07:15.598  render           | Fra: 1137 | Rendering 16 / 16 samples
07:15.876  render           | Video append frame 1137
07:15.876  render           | Time: 00:00.35 (Saving: 00:00.01)
07:15.876  render           | Rendering frame 1138
07:15.877  render           | Executing sequencer
07:15.877  render           | Rendering frame 1138
07:15.878  render           | Start rendering: KHATIB / Software launch, ViewLayer
07:15.878  render           | Engine: EEVEE
07:15.924  render           | Fra: 1138 | Rendering 1 / 16 samples
07:15.948  render           | Fra: 1138 | Rendering 16 / 16 samples
07:16.222  render           | Video append frame 1138
07:16.222  render           | Time: 00:00.34 (Saving: 00:00.01)
07:16.222  render           | Rendering frame 1139
07:16.222  render           | Executing sequencer
07:16.223  render           | Rendering frame 1139
07:16.223  render           | Start rendering: KHATIB / Software launch, ViewLayer
07:16.223  render           | Engine: EEVEE
07:16.270  render           | Fra: 1139 | Rendering 1 / 16 samples
07:16.293  render           | Fra: 1139 | Rendering 16 / 16 samples
07:16.565  render           | Video append frame 1139
07:16.566  render           | Time: 00:00.34 (Saving: 00:00.01)
07:16.566  render           | Rendering frame 1140
07:16.566  render           | Executing sequencer
07:16.567  render           | Rendering frame 1140
07:16.567  render           | Start rendering: KHATIB / Software launch, ViewLayer
07:16.567  render           | Engine: EEVEE
07:16.615  render           | Fra: 1140 | Rendering 1 / 16 samples
07:16.639  render           | Fra: 1140 | Rendering 16 / 16 samples
07:16.928  render           | Video append frame 1140
07:16.928  render           | Time: 00:00.36 (Saving: 00:00.02)
07:16.928  render           | Rendering frame 1141
07:16.928  render           | Executing sequencer
07:16.929  render           | Rendering frame 1141
07:16.929  render           | Start rendering: KHATIB / Software launch, ViewLayer
07:16.929  render           | Engine: EEVEE
07:16.979  render           | Fra: 1141 | Rendering 1 / 16 samples
07:17.003  render           | Fra: 1141 | Rendering 16 / 16 samples
07:17.286  render           | Video append frame 1141
07:17.286  render           | Time: 00:00.35 (Saving: 00:00.01)
07:17.286  render           | Rendering frame 1142
07:17.287  render           | Executing sequencer
07:17.288  render           | Rendering frame 1142
07:17.289  render           | Start rendering: KHATIB / Software launch, ViewLayer
07:17.289  render           | Engine: EEVEE
07:17.338  render           | Fra: 1142 | Rendering 1 / 16 samples
07:17.363  render           | Fra: 1142 | Rendering 16 / 16 samples
07:17.639  render           | Video append frame 1142
07:17.639  render           | Time: 00:00.35 (Saving: 00:00.01)
07:17.639  render           | Rendering frame 1143
07:17.639  render           | Executing sequencer
07:17.640  render           | Rendering frame 1143
07:17.640  render           | Start rendering: KHATIB / Software launch, ViewLayer
07:17.640  render           | Engine: EEVEE
07:17.691  render           | Fra: 1143 | Rendering 1 / 16 samples
07:17.715  render           | Fra: 1143 | Rendering 16 / 16 samples
07:18.001  render           | Video append frame 1143
07:18.001  render           | Time: 00:00.36 (Saving: 00:00.01)
07:18.001  render           | Rendering frame 1144
07:18.002  render           | Executing sequencer
07:18.003  render           | Rendering frame 1144
07:18.003  render           | Start rendering: KHATIB / Software launch, ViewLayer
07:18.003  render           | Engine: EEVEE
07:18.051  render           | Fra: 1144 | Rendering 1 / 16 samples
07:18.075  render           | Fra: 1144 | Rendering 16 / 16 samples
07:18.362  render           | Video append frame 1144
07:18.362  render           | Time: 00:00.36 (Saving: 00:00.02)
07:18.362  render           | Rendering frame 1145
07:18.362  render           | Executing sequencer
07:18.363  render           | Rendering frame 1145
07:18.364  render           | Start rendering: KHATIB / Software launch, ViewLayer
07:18.364  render           | Engine: EEVEE
07:18.420  render           | Fra: 1145 | Rendering 1 / 16 samples
07:18.443  render           | Fra: 1145 | Rendering 16 / 16 samples
07:18.716  render           | Video append frame 1145
07:18.716  render           | Time: 00:00.35 (Saving: 00:00.01)
07:18.716  render           | Rendering frame 1146
07:18.716  render           | Executing sequencer
07:18.717  render           | Rendering frame 1146
07:18.717  render           | Start rendering: KHATIB / Software launch, ViewLayer
07:18.717  render           | Engine: EEVEE
07:18.769  render           | Fra: 1146 | Rendering 1 / 16 samples
07:18.791  render           | Fra: 1146 | Rendering 16 / 16 samples
07:19.060  render           | Video append frame 1146
07:19.062  render           | Time: 00:00.34 (Saving: 00:00.01)
07:19.062  render           | Rendering frame 1147
07:19.062  render           | Executing sequencer
07:19.063  render           | Rendering frame 1147
07:19.063  render           | Start rendering: KHATIB / Software launch, ViewLayer
07:19.063  render           | Engine: EEVEE
07:19.108  render           | Fra: 1147 | Rendering 1 / 16 samples
07:19.130  render           | Fra: 1147 | Rendering 16 / 16 samples
07:19.390  render           | Video append frame 1147
07:19.390  render           | Time: 00:00.32 (Saving: 00:00.01)
07:19.390  render           | Rendering frame 1148
07:19.390  render           | Executing sequencer
07:19.391  render           | Rendering frame 1148
07:19.391  render           | Start rendering: KHATIB / Software launch, ViewLayer
07:19.391  render           | Engine: EEVEE
07:19.436  render           | Fra: 1148 | Rendering 1 / 16 samples
07:19.459  render           | Fra: 1148 | Rendering 16 / 16 samples
07:19.739  render           | Video append frame 1148
07:19.739  render           | Time: 00:00.34 (Saving: 00:00.01)
07:19.739  render           | Rendering frame 1149
07:19.740  render           | Executing sequencer
07:19.740  render           | Rendering frame 1149
07:19.741  render           | Start rendering: KHATIB / Software launch, ViewLayer
07:19.741  render           | Engine: EEVEE
07:19.786  render           | Fra: 1149 | Rendering 1 / 16 samples
07:19.808  render           | Fra: 1149 | Rendering 16 / 16 samples
07:20.076  render           | Video append frame 1149
07:20.076  render           | Time: 00:00.33 (Saving: 00:00.01)
07:20.076  render           | Rendering frame 1150
07:20.076  render           | Executing sequencer
07:20.077  render           | Rendering frame 1150
07:20.077  render           | Start rendering: KHATIB / Software launch, ViewLayer
07:20.078  render           | Engine: EEVEE
07:20.125  render           | Fra: 1150 | Rendering 1 / 16 samples
07:20.147  render           | Fra: 1150 | Rendering 16 / 16 samples
07:20.413  render           | Video append frame 1150
07:20.413  render           | Time: 00:00.33 (Saving: 00:00.01)
07:20.413  render           | Rendering frame 1151
07:20.413  render           | Executing sequencer
07:20.414  render           | Rendering frame 1151
07:20.414  render           | Start rendering: KHATIB / Software launch, ViewLayer
07:20.414  render           | Engine: EEVEE
07:20.458  render           | Fra: 1151 | Rendering 1 / 16 samples
07:20.480  render           | Fra: 1151 | Rendering 16 / 16 samples
07:20.760  render           | Video append frame 1151
07:20.760  render           | Time: 00:00.34 (Saving: 00:00.01)
07:20.760  render           | Rendering frame 1152
07:20.761  render           | Executing sequencer
07:20.761  render           | Rendering frame 1152
07:20.762  render           | Start rendering: KHATIB / Software launch, ViewLayer
07:20.762  render           | Engine: EEVEE
07:20.812  render           | Fra: 1152 | Rendering 1 / 16 samples
07:20.835  render           | Fra: 1152 | Rendering 16 / 16 samples
07:21.106  render           | Video append frame 1152
07:21.107  render           | Time: 00:00.34 (Saving: 00:00.01)
07:21.107  render           | Rendering frame 1153
07:21.107  render           | Executing sequencer
07:21.108  render           | Rendering frame 1153
07:21.108  render           | Start rendering: KHATIB / Software launch, ViewLayer
07:21.108  render           | Engine: EEVEE
07:21.155  render           | Fra: 1153 | Rendering 1 / 16 samples
07:21.178  render           | Fra: 1153 | Rendering 16 / 16 samples
07:21.451  render           | Video append frame 1153
07:21.451  render           | Time: 00:00.34 (Saving: 00:00.01)
07:21.451  render           | Rendering frame 1154
07:21.451  render           | Executing sequencer
07:21.452  render           | Rendering frame 1154
07:21.453  render           | Start rendering: KHATIB / Software launch, ViewLayer
07:21.453  render           | Engine: EEVEE
07:21.500  render           | Fra: 1154 | Rendering 1 / 16 samples
07:21.522  render           | Fra: 1154 | Rendering 16 / 16 samples
07:21.806  render           | Video append frame 1154
07:21.806  render           | Time: 00:00.35 (Saving: 00:00.01)
07:21.806  render           | Rendering frame 1155
07:21.806  render           | Executing sequencer
07:21.808  render           | Rendering frame 1155
07:21.808  render           | Start rendering: KHATIB / Software launch, ViewLayer
07:21.808  render           | Engine: EEVEE
07:21.854  render           | Fra: 1155 | Rendering 1 / 16 samples
07:21.876  render           | Fra: 1155 | Rendering 16 / 16 samples
07:22.141  render           | Video append frame 1155
07:22.142  render           | Time: 00:00.33 (Saving: 00:00.01)
07:22.142  render           | Rendering frame 1156
07:22.142  render           | Executing sequencer
07:22.143  render           | Rendering frame 1156
07:22.143  render           | Start rendering: KHATIB / Software launch, ViewLayer
07:22.143  render           | Engine: EEVEE
07:22.189  render           | Fra: 1156 | Rendering 1 / 16 samples
07:22.213  render           | Fra: 1156 | Rendering 16 / 16 samples
07:22.486  render           | Video append frame 1156
07:22.486  render           | Time: 00:00.34 (Saving: 00:00.01)
07:22.486  render           | Rendering frame 1157
07:22.486  render           | Executing sequencer
07:22.522  render           | Rendering frame 1157
07:22.523  render           | Start rendering: KHATIB / Software launch, ViewLayer
07:22.523  render           | Engine: EEVEE
07:22.567  render           | Fra: 1157 | Rendering 1 / 16 samples
07:22.590  render           | Fra: 1157 | Rendering 16 / 16 samples
07:22.847  render           | Video append frame 1157
07:22.847  render           | Time: 00:00.36 (Saving: 00:00.01)
07:22.847  render           | Rendering frame 1158
07:22.847  render           | Executing sequencer
07:22.848  render           | Rendering frame 1158
07:22.848  render           | Start rendering: KHATIB / Software launch, ViewLayer
07:22.848  render           | Engine: EEVEE
07:22.893  render           | Fra: 1158 | Rendering 1 / 16 samples
07:22.915  render           | Fra: 1158 | Rendering 16 / 16 samples
07:23.159  render           | Video append frame 1158
07:23.159  render           | Time: 00:00.31 (Saving: 00:00.01)
07:23.159  render           | Rendering frame 1159
07:23.160  render           | Executing sequencer
07:23.160  render           | Rendering frame 1159
07:23.161  render           | Start rendering: KHATIB / Software launch, ViewLayer
07:23.161  render           | Engine: EEVEE
07:23.205  render           | Fra: 1159 | Rendering 1 / 16 samples
07:23.227  render           | Fra: 1159 | Rendering 16 / 16 samples
07:23.468  render           | Video append frame 1159
07:23.468  render           | Time: 00:00.30 (Saving: 00:00.01)
07:23.468  render           | Rendering frame 1160
07:23.468  render           | Executing sequencer
07:23.469  render           | Rendering frame 1160
07:23.469  render           | Start rendering: KHATIB / Software launch, ViewLayer
07:23.469  render           | Engine: EEVEE
07:23.515  render           | Fra: 1160 | Rendering 1 / 16 samples
07:23.539  render           | Fra: 1160 | Rendering 16 / 16 samples
07:23.793  render           | Video append frame 1160
07:23.793  render           | Time: 00:00.32 (Saving: 00:00.01)
07:23.793  render           | Rendering frame 1161
07:23.793  render           | Executing sequencer
07:23.794  render           | Rendering frame 1161
07:23.794  render           | Start rendering: KHATIB / Software launch, ViewLayer
07:23.794  render           | Engine: EEVEE
07:23.840  render           | Fra: 1161 | Rendering 1 / 16 samples
07:23.863  render           | Fra: 1161 | Rendering 16 / 16 samples
07:24.108  render           | Video append frame 1161
07:24.108  render           | Time: 00:00.31 (Saving: 00:00.01)
07:24.108  render           | Rendering frame 1162
07:24.108  render           | Executing sequencer
07:24.109  render           | Rendering frame 1162
07:24.109  render           | Start rendering: KHATIB / Software launch, ViewLayer
07:24.109  render           | Engine: EEVEE
07:24.158  render           | Fra: 1162 | Rendering 1 / 16 samples
07:24.180  render           | Fra: 1162 | Rendering 16 / 16 samples
07:24.431  render           | Video append frame 1162
07:24.431  render           | Time: 00:00.32 (Saving: 00:00.01)
07:24.431  render           | Rendering frame 1163
07:24.432  render           | Executing sequencer
07:24.433  render           | Rendering frame 1163
07:24.433  render           | Start rendering: KHATIB / Software launch, ViewLayer
07:24.433  render           | Engine: EEVEE
07:24.477  render           | Fra: 1163 | Rendering 1 / 16 samples
07:24.499  render           | Fra: 1163 | Rendering 16 / 16 samples
07:24.758  render           | Video append frame 1163
07:24.758  render           | Time: 00:00.32 (Saving: 00:00.01)
07:24.758  render           | Rendering frame 1164
07:24.758  render           | Executing sequencer
07:24.759  render           | Rendering frame 1164
07:24.759  render           | Start rendering: KHATIB / Software launch, ViewLayer
07:24.759  render           | Engine: EEVEE
07:24.803  render           | Fra: 1164 | Rendering 1 / 16 samples
07:24.826  render           | Fra: 1164 | Rendering 16 / 16 samples
07:25.105  render           | Video append frame 1164
07:25.105  render           | Time: 00:00.34 (Saving: 00:00.01)
07:25.105  render           | Rendering frame 1165
07:25.105  render           | Executing sequencer
07:25.106  render           | Rendering frame 1165
07:25.106  render           | Start rendering: KHATIB / Software launch, ViewLayer
07:25.106  render           | Engine: EEVEE
07:25.153  render           | Fra: 1165 | Rendering 1 / 16 samples
07:25.176  render           | Fra: 1165 | Rendering 16 / 16 samples
07:25.464  render           | Video append frame 1165
07:25.464  render           | Time: 00:00.35 (Saving: 00:00.02)
07:25.464  render           | Rendering frame 1166
07:25.465  render           | Executing sequencer
07:25.465  render           | Rendering frame 1166
07:25.466  render           | Start rendering: KHATIB / Software launch, ViewLayer
07:25.466  render           | Engine: EEVEE
07:25.514  render           | Fra: 1166 | Rendering 1 / 16 samples
07:25.538  render           | Fra: 1166 | Rendering 16 / 16 samples
07:25.820  render           | Video append frame 1166
07:25.820  render           | Time: 00:00.35 (Saving: 00:00.01)
07:25.820  render           | Rendering frame 1167
07:25.820  render           | Executing sequencer
07:25.821  render           | Rendering frame 1167
07:25.821  render           | Start rendering: KHATIB / Software launch, ViewLayer
07:25.821  render           | Engine: EEVEE
07:25.880  render           | Fra: 1167 | Rendering 1 / 16 samples
07:25.908  render           | Fra: 1167 | Rendering 16 / 16 samples
07:26.198  render           | Video append frame 1167
07:26.198  render           | Time: 00:00.37 (Saving: 00:00.01)
07:26.198  render           | Rendering frame 1168
07:26.198  render           | Executing sequencer
07:26.199  render           | Rendering frame 1168
07:26.199  render           | Start rendering: KHATIB / Software launch, ViewLayer
07:26.199  render           | Engine: EEVEE
07:26.252  render           | Fra: 1168 | Rendering 1 / 16 samples
07:26.276  render           | Fra: 1168 | Rendering 16 / 16 samples
07:26.540  render           | Video append frame 1168
07:26.540  render           | Time: 00:00.34 (Saving: 00:00.01)
07:26.540  render           | Rendering frame 1169
07:26.541  render           | Executing sequencer
07:26.541  render           | Rendering frame 1169
07:26.542  render           | Start rendering: KHATIB / Software launch, ViewLayer
07:26.542  render           | Engine: EEVEE
07:26.591  render           | Fra: 1169 | Rendering 1 / 16 samples
07:26.615  render           | Fra: 1169 | Rendering 16 / 16 samples
07:26.896  render           | Video append frame 1169
07:26.897  render           | Time: 00:00.35 (Saving: 00:00.02)
07:26.897  render           | Rendering frame 1170
07:26.904  render           | Executing sequencer
07:26.905  render           | Rendering frame 1170
07:26.905  render           | Start rendering: KHATIB / Software launch, ViewLayer
07:26.905  render           | Engine: EEVEE
07:26.952  render           | Fra: 1170 | Rendering 1 / 16 samples
07:26.975  render           | Fra: 1170 | Rendering 16 / 16 samples
07:27.254  render           | Video append frame 1170
07:27.254  render           | Time: 00:00.35 (Saving: 00:00.01)
07:27.254  render           | Rendering frame 1171
07:27.254  render           | Executing sequencer
07:27.255  render           | Rendering frame 1171
07:27.255  render           | Start rendering: KHATIB / Software launch, ViewLayer
07:27.255  render           | Engine: EEVEE
07:27.302  render           | Fra: 1171 | Rendering 1 / 16 samples
07:27.326  render           | Fra: 1171 | Rendering 16 / 16 samples
07:27.600  render           | Video append frame 1171
07:27.600  render           | Time: 00:00.34 (Saving: 00:00.01)
07:27.600  render           | Rendering frame 1172
07:27.600  render           | Executing sequencer
07:27.601  render           | Rendering frame 1172
07:27.601  render           | Start rendering: KHATIB / Software launch, ViewLayer
07:27.601  render           | Engine: EEVEE
07:27.650  render           | Fra: 1172 | Rendering 1 / 16 samples
07:27.674  render           | Fra: 1172 | Rendering 16 / 16 samples
07:27.979  render           | Video append frame 1172
07:27.981  render           | Time: 00:00.38 (Saving: 00:00.01)
07:27.981  render           | Rendering frame 1173
07:27.981  render           | Executing sequencer
07:27.983  render           | Rendering frame 1173
07:27.983  render           | Start rendering: KHATIB / Software launch, ViewLayer
07:27.983  render           | Engine: EEVEE
07:28.030  render           | Fra: 1173 | Rendering 1 / 16 samples
07:28.053  render           | Fra: 1173 | Rendering 16 / 16 samples
07:28.356  render           | Video append frame 1173
07:28.357  render           | Time: 00:00.37 (Saving: 00:00.02)
07:28.357  render           | Rendering frame 1174
07:28.357  render           | Executing sequencer
07:28.359  render           | Rendering frame 1174
07:28.359  render           | Start rendering: KHATIB / Software launch, ViewLayer
07:28.359  render           | Engine: EEVEE
07:28.407  render           | Fra: 1174 | Rendering 1 / 16 samples
07:28.430  render           | Fra: 1174 | Rendering 16 / 16 samples
07:28.722  render           | Video append frame 1174
07:28.722  render           | Time: 00:00.36 (Saving: 00:00.01)
07:28.722  render           | Rendering frame 1175
07:28.723  render           | Executing sequencer
07:28.724  render           | Rendering frame 1175
07:28.724  render           | Start rendering: KHATIB / Software launch, ViewLayer
07:28.724  render           | Engine: EEVEE
07:28.775  render           | Fra: 1175 | Rendering 1 / 16 samples
07:28.800  render           | Fra: 1175 | Rendering 16 / 16 samples
07:29.062  render           | Video append frame 1175
07:29.062  render           | Time: 00:00.33 (Saving: 00:00.01)
07:29.062  render           | Rendering frame 1176
07:29.062  render           | Executing sequencer
07:29.063  render           | Rendering frame 1176
07:29.063  render           | Start rendering: KHATIB / Software launch, ViewLayer
07:29.063  render           | Engine: EEVEE
07:29.109  render           | Fra: 1176 | Rendering 1 / 16 samples
07:29.132  render           | Fra: 1176 | Rendering 16 / 16 samples
07:29.408  render           | Video append frame 1176
07:29.408  render           | Time: 00:00.34 (Saving: 00:00.02)
07:29.409  render           | Rendering frame 1177
07:29.409  render           | Executing sequencer
07:29.410  render           | Rendering frame 1177
07:29.410  render           | Start rendering: KHATIB / Software launch, ViewLayer
07:29.410  render           | Engine: EEVEE
07:29.486  render           | Fra: 1177 | Rendering 1 / 16 samples
07:29.513  render           | Fra: 1177 | Rendering 16 / 16 samples
07:29.929  render           | Video append frame 1177
07:29.929  render           | Time: 00:00.52 (Saving: 00:00.01)
07:29.929  render           | Rendering frame 1178
07:29.930  render           | Executing sequencer
07:29.931  render           | Rendering frame 1178
07:29.931  render           | Start rendering: KHATIB / Software launch, ViewLayer
07:29.932  render           | Engine: EEVEE
07:29.994  render           | Fra: 1178 | Rendering 1 / 16 samples
07:30.020  render           | Fra: 1178 | Rendering 16 / 16 samples
07:30.326  render           | Video append frame 1178
07:30.326  render           | Time: 00:00.39 (Saving: 00:00.01)
07:30.326  render           | Rendering frame 1179
07:30.326  render           | Executing sequencer
07:30.327  render           | Rendering frame 1179
07:30.327  render           | Start rendering: KHATIB / Software launch, ViewLayer
07:30.327  render           | Engine: EEVEE
07:30.391  render           | Fra: 1179 | Rendering 1 / 16 samples
07:30.417  render           | Fra: 1179 | Rendering 16 / 16 samples
07:30.708  render           | Video append frame 1179
07:30.708  render           | Time: 00:00.38 (Saving: 00:00.02)
07:30.708  render           | Rendering frame 1180
07:30.708  render           | Executing sequencer
07:30.710  render           | Rendering frame 1180
07:30.710  render           | Start rendering: KHATIB / Software launch, ViewLayer
07:30.710  render           | Engine: EEVEE
07:30.766  render           | Fra: 1180 | Rendering 1 / 16 samples
07:30.792  render           | Fra: 1180 | Rendering 16 / 16 samples
07:31.097  render           | Video append frame 1180
07:31.097  render           | Time: 00:00.38 (Saving: 00:00.01)
07:31.097  render           | Rendering frame 1181
07:31.098  render           | Executing sequencer
07:31.098  render           | Rendering frame 1181
07:31.099  render           | Start rendering: KHATIB / Software launch, ViewLayer
07:31.099  render           | Engine: EEVEE
07:31.152  render           | Fra: 1181 | Rendering 1 / 16 samples
07:31.176  render           | Fra: 1181 | Rendering 16 / 16 samples
07:31.471  render           | Video append frame 1181
07:31.471  render           | Time: 00:00.37 (Saving: 00:00.01)
07:31.471  render           | Rendering frame 1182
07:31.471  render           | Executing sequencer
07:31.472  render           | Rendering frame 1182
07:31.472  render           | Start rendering: KHATIB / Software launch, ViewLayer
07:31.472  render           | Engine: EEVEE
07:31.524  render           | Fra: 1182 | Rendering 1 / 16 samples
07:31.548  render           | Fra: 1182 | Rendering 16 / 16 samples
07:31.823  render           | Video append frame 1182
07:31.823  render           | Time: 00:00.35 (Saving: 00:00.01)
07:31.823  render           | Rendering frame 1183
07:31.823  render           | Executing sequencer
07:31.824  render           | Rendering frame 1183
07:31.825  render           | Start rendering: KHATIB / Software launch, ViewLayer
07:31.825  render           | Engine: EEVEE
07:31.885  render           | Fra: 1183 | Rendering 1 / 16 samples
07:31.909  render           | Fra: 1183 | Rendering 16 / 16 samples
07:32.187  render           | Video append frame 1183
07:32.188  render           | Time: 00:00.36 (Saving: 00:00.01)
07:32.188  render           | Rendering frame 1184
07:32.188  render           | Executing sequencer
07:32.189  render           | Rendering frame 1184
07:32.189  render           | Start rendering: KHATIB / Software launch, ViewLayer
07:32.189  render           | Engine: EEVEE
07:32.240  render           | Fra: 1184 | Rendering 1 / 16 samples
07:32.263  render           | Fra: 1184 | Rendering 16 / 16 samples
07:32.549  render           | Video append frame 1184
07:32.549  render           | Time: 00:00.36 (Saving: 00:00.01)
07:32.549  render           | Rendering frame 1185
07:32.549  render           | Executing sequencer
07:32.550  render           | Rendering frame 1185
07:32.550  render           | Start rendering: KHATIB / Software launch, ViewLayer
07:32.550  render           | Engine: EEVEE
07:32.594  render           | Fra: 1185 | Rendering 1 / 16 samples
07:32.616  render           | Fra: 1185 | Rendering 16 / 16 samples
07:32.942  render           | Video append frame 1185
07:32.942  render           | Time: 00:00.39 (Saving: 00:00.01)
07:32.942  render           | Rendering frame 1186
07:32.942  render           | Executing sequencer
07:32.943  render           | Rendering frame 1186
07:32.946  render           | Start rendering: KHATIB / Software launch, ViewLayer
07:32.946  render           | Engine: EEVEE
07:33.000  render           | Fra: 1186 | Rendering 1 / 16 samples
07:33.021  render           | Fra: 1186 | Rendering 16 / 16 samples
07:33.316  render           | Video append frame 1186
07:33.316  render           | Time: 00:00.37 (Saving: 00:00.01)
07:33.316  render           | Rendering frame 1187
07:33.316  render           | Executing sequencer
07:33.317  render           | Rendering frame 1187
07:33.317  render           | Start rendering: KHATIB / Software launch, ViewLayer
07:33.317  render           | Engine: EEVEE
07:33.364  render           | Fra: 1187 | Rendering 1 / 16 samples
07:33.386  render           | Fra: 1187 | Rendering 16 / 16 samples
07:33.684  render           | Video append frame 1187
07:33.684  render           | Time: 00:00.36 (Saving: 00:00.01)
07:33.684  render           | Rendering frame 1188
07:33.684  render           | Executing sequencer
07:33.685  render           | Rendering frame 1188
07:33.686  render           | Start rendering: KHATIB / Software launch, ViewLayer
07:33.686  render           | Engine: EEVEE
07:33.754  render           | Fra: 1188 | Rendering 1 / 16 samples
07:33.776  render           | Fra: 1188 | Rendering 16 / 16 samples
07:34.051  render           | Video append frame 1188
07:34.051  render           | Time: 00:00.36 (Saving: 00:00.02)
07:34.051  render           | Rendering frame 1189
07:34.052  render           | Executing sequencer
07:34.052  render           | Rendering frame 1189
07:34.053  render           | Start rendering: KHATIB / Software launch, ViewLayer
07:34.053  render           | Engine: EEVEE
07:34.099  render           | Fra: 1189 | Rendering 1 / 16 samples
07:34.123  render           | Fra: 1189 | Rendering 16 / 16 samples
07:34.401  render           | Video append frame 1189
07:34.401  render           | Time: 00:00.34 (Saving: 00:00.01)
07:34.401  render           | Rendering frame 1190
07:34.401  render           | Executing sequencer
07:34.437  render           | Rendering frame 1190
07:34.437  render           | Start rendering: KHATIB / Software launch, ViewLayer
07:34.437  render           | Engine: EEVEE
07:34.487  render           | Fra: 1190 | Rendering 1 / 16 samples
07:34.510  render           | Fra: 1190 | Rendering 16 / 16 samples
07:34.769  render           | Video append frame 1190
07:34.769  render           | Time: 00:00.36 (Saving: 00:00.01)
07:34.769  render           | Rendering frame 1191
07:34.770  render           | Executing sequencer
07:34.771  render           | Rendering frame 1191
07:34.771  render           | Start rendering: KHATIB / Software launch, ViewLayer
07:34.771  render           | Engine: EEVEE
07:34.814  render           | Fra: 1191 | Rendering 1 / 16 samples
07:34.837  render           | Fra: 1191 | Rendering 16 / 16 samples
07:35.095  render           | Video append frame 1191
07:35.095  render           | Time: 00:00.32 (Saving: 00:00.01)
07:35.095  render           | Rendering frame 1192
07:35.095  render           | Executing sequencer
07:35.096  render           | Rendering frame 1192
07:35.096  render           | Start rendering: KHATIB / Software launch, ViewLayer
07:35.096  render           | Engine: EEVEE
07:35.149  render           | Fra: 1192 | Rendering 1 / 16 samples
07:35.172  render           | Fra: 1192 | Rendering 16 / 16 samples
07:35.417  render           | Video append frame 1192
07:35.417  render           | Time: 00:00.32 (Saving: 00:00.01)
07:35.417  render           | Rendering frame 1193
07:35.418  render           | Executing sequencer
07:35.418  render           | Rendering frame 1193
07:35.418  render           | Start rendering: KHATIB / Software launch, ViewLayer
07:35.418  render           | Engine: EEVEE
07:35.463  render           | Fra: 1193 | Rendering 1 / 16 samples
07:35.488  render           | Fra: 1193 | Rendering 16 / 16 samples
07:35.739  render           | Video append frame 1193
07:35.739  render           | Time: 00:00.32 (Saving: 00:00.01)
07:35.739  render           | Rendering frame 1194
07:35.740  render           | Executing sequencer
07:35.740  render           | Rendering frame 1194
07:35.741  render           | Start rendering: KHATIB / Software launch, ViewLayer
07:35.741  render           | Engine: EEVEE
07:35.791  render           | Fra: 1194 | Rendering 1 / 16 samples
07:35.814  render           | Fra: 1194 | Rendering 16 / 16 samples
07:36.080  render           | Video append frame 1194
07:36.080  render           | Time: 00:00.34 (Saving: 00:00.02)
07:36.080  render           | Rendering frame 1195
07:36.080  render           | Executing sequencer
07:36.081  render           | Rendering frame 1195
07:36.081  render           | Start rendering: KHATIB / Software launch, ViewLayer
07:36.081  render           | Engine: EEVEE
07:36.138  render           | Fra: 1195 | Rendering 1 / 16 samples
07:36.164  render           | Fra: 1195 | Rendering 16 / 16 samples
07:36.410  render           | Video append frame 1195
07:36.411  render           | Time: 00:00.33 (Saving: 00:00.01)
07:36.411  render           | Rendering frame 1196
07:36.411  render           | Executing sequencer
07:36.412  render           | Rendering frame 1196
07:36.413  render           | Start rendering: KHATIB / Software launch, ViewLayer
07:36.413  render           | Engine: EEVEE
07:36.461  render           | Fra: 1196 | Rendering 1 / 16 samples
07:36.485  render           | Fra: 1196 | Rendering 16 / 16 samples
07:36.738  render           | Video append frame 1196
07:36.738  render           | Time: 00:00.32 (Saving: 00:00.01)
07:36.738  render           | Rendering frame 1197
07:36.738  render           | Executing sequencer
07:36.739  render           | Rendering frame 1197
07:36.739  render           | Start rendering: KHATIB / Software launch, ViewLayer
07:36.739  render           | Engine: EEVEE
07:36.788  render           | Fra: 1197 | Rendering 1 / 16 samples
07:36.811  render           | Fra: 1197 | Rendering 16 / 16 samples
07:37.088  render           | Video append frame 1197
07:37.089  render           | Time: 00:00.35 (Saving: 00:00.01)
07:37.089  render           | Rendering frame 1198
07:37.089  render           | Executing sequencer
07:37.089  render           | Rendering frame 1198
07:37.090  render           | Start rendering: KHATIB / Software launch, ViewLayer
07:37.090  render           | Engine: EEVEE
07:37.142  render           | Fra: 1198 | Rendering 1 / 16 samples
07:37.166  render           | Fra: 1198 | Rendering 16 / 16 samples
07:37.441  render           | Video append frame 1198
07:37.441  render           | Time: 00:00.35 (Saving: 00:00.01)
07:37.442  render           | Rendering frame 1199
07:37.442  render           | Executing sequencer
07:37.442  render           | Rendering frame 1199
07:37.442  render           | Start rendering: KHATIB / Software launch, ViewLayer
07:37.443  render           | Engine: EEVEE
07:37.495  render           | Fra: 1199 | Rendering 1 / 16 samples
07:37.519  render           | Fra: 1199 | Rendering 16 / 16 samples
07:37.798  render           | Video append frame 1199
07:37.798  render           | Time: 00:00.35 (Saving: 00:00.01)
07:37.798  render           | Rendering frame 1200
07:37.799  render           | Executing sequencer
07:37.799  render           | Rendering frame 1200
07:37.799  render           | Start rendering: KHATIB / Software launch, ViewLayer
07:37.799  render           | Engine: EEVEE
07:37.854  render           | Fra: 1200 | Rendering 1 / 16 samples
07:37.878  render           | Fra: 1200 | Rendering 16 / 16 samples
07:38.133  render           | Video append frame 1200
07:38.133  render           | Time: 00:00.33 (Saving: 00:00.01)

Blender quit
