00:00.971  blend            | Read blend: "/Users/nesbes/chess/promo/edit/Khatib-Promo.blend"
00:00.979  render           | Rendering animation (frames 1..1200)
00:00.993  render           | Rendering frame 1
00:00.994  render           | Executing sequencer
00:01.183  render           | Video append frame 1
00:01.183  render           | Time: 00:00.18 (Saving: 00:00.08)
Blender 5.2.0 LTS (hash fbe6228777e7 built 2026-07-14 01:31:22)
00:01.183  render           | Rendering frame 2
00:01.184  render           | Executing sequencer
00:01.201  render           | Video append frame 2
00:01.202  render           | Time: 00:00.01 (Saving: 00:00.00)
00:01.202  render           | Rendering frame 3
00:01.203  render           | Executing sequencer
00:01.215  render           | Video append frame 3
00:01.215  render           | Time: 00:00.01 (Saving: 00:00.00)
00:01.215  render           | Rendering frame 4
00:01.216  render           | Executing sequencer
00:01.230  render           | Video append frame 4
00:01.231  render           | Time: 00:00.01 (Saving: 00:00.00)
00:01.231  render           | Rendering frame 5
00:01.232  render           | Executing sequencer
00:01.245  render           | Video append frame 5
00:01.245  render           | Time: 00:00.01 (Saving: 00:00.00)
00:01.245  render           | Rendering frame 6
00:01.246  render           | Executing sequencer
00:01.280  render           | Video append frame 6
00:01.280  render           | Time: 00:00.03 (Saving: 00:00.00)
00:01.280  render           | Rendering frame 7
00:01.281  render           | Executing sequencer
00:01.312  render           | Video append frame 7
00:01.312  render           | Time: 00:00.03 (Saving: 00:00.00)
00:01.312  render           | Rendering frame 8
00:01.313  render           | Executing sequencer
00:01.343  render           | Video append frame 8
00:01.343  render           | Time: 00:00.02 (Saving: 00:00.00)
00:01.343  render           | Rendering frame 9
00:01.344  render           | Executing sequencer
00:01.376  render           | Video append frame 9
00:01.376  render           | Time: 00:00.03 (Saving: 00:00.00)
00:01.376  render           | Rendering frame 10
00:01.376  render           | Executing sequencer
00:01.411  render           | Video append frame 10
00:01.411  render           | Time: 00:00.03 (Saving: 00:00.00)
00:01.411  render           | Rendering frame 11
00:01.412  render           | Executing sequencer
00:01.510  render           | Video append frame 11
00:01.510  render           | Time: 00:00.09 (Saving: 00:00.00)
00:01.510  render           | Rendering frame 12
00:01.511  render           | Executing sequencer
00:01.535  render           | Video append frame 12
00:01.535  render           | Time: 00:00.02 (Saving: 00:00.00)
00:01.535  render           | Rendering frame 13
00:01.536  render           | Executing sequencer
00:01.567  render           | Video append frame 13
00:01.567  render           | Time: 00:00.03 (Saving: 00:00.00)
00:01.567  render           | Rendering frame 14
00:01.568  render           | Executing sequencer
00:01.597  render           | Video append frame 14
00:01.597  render           | Time: 00:00.02 (Saving: 00:00.00)
00:01.597  render           | Rendering frame 15
00:01.598  render           | Executing sequencer
00:01.638  render           | Video append frame 15
00:01.638  render           | Time: 00:00.04 (Saving: 00:00.00)
00:01.638  render           | Rendering frame 16
00:01.639  render           | Executing sequencer
00:01.669  render           | Video append frame 16
00:01.669  render           | Time: 00:00.02 (Saving: 00:00.00)
00:01.669  render           | Rendering frame 17
00:01.669  render           | Executing sequencer
00:01.695  render           | Video append frame 17
00:01.695  render           | Time: 00:00.02 (Saving: 00:00.00)
00:01.695  render           | Rendering frame 18
00:01.696  render           | Executing sequencer
00:01.723  render           | Video append frame 18
00:01.723  render           | Time: 00:00.02 (Saving: 00:00.00)
00:01.723  render           | Rendering frame 19
00:01.723  render           | Executing sequencer
00:01.750  render           | Video append frame 19
00:01.750  render           | Time: 00:00.02 (Saving: 00:00.00)
00:01.750  render           | Rendering frame 20
00:01.750  render           | Executing sequencer
00:01.776  render           | Video append frame 20
00:01.776  render           | Time: 00:00.02 (Saving: 00:00.00)
00:01.776  render           | Rendering frame 21
00:01.777  render           | Executing sequencer
00:01.834  render           | Video append frame 21
00:01.834  render           | Time: 00:00.05 (Saving: 00:00.03)
00:01.834  render           | Rendering frame 22
00:01.834  render           | Executing sequencer
00:01.861  render           | Video append frame 22
00:01.861  render           | Time: 00:00.02 (Saving: 00:00.00)
00:01.861  render           | Rendering frame 23
00:01.862  render           | Executing sequencer
00:01.893  render           | Video append frame 23
00:01.893  render           | Time: 00:00.03 (Saving: 00:00.00)
00:01.893  render           | Rendering frame 24
00:01.894  render           | Executing sequencer
00:01.924  render           | Video append frame 24
00:01.926  render           | Time: 00:00.03 (Saving: 00:00.00)
00:01.926  render           | Rendering frame 25
00:01.927  render           | Executing sequencer
00:01.956  render           | Video append frame 25
00:01.956  render           | Time: 00:00.02 (Saving: 00:00.00)
00:01.956  render           | Rendering frame 26
00:01.956  render           | Executing sequencer
00:01.988  render           | Video append frame 26
00:01.988  render           | Time: 00:00.03 (Saving: 00:00.00)
00:01.988  render           | Rendering frame 27
00:01.989  render           | Executing sequencer
00:02.035  render           | Video append frame 27
00:02.035  render           | Time: 00:00.04 (Saving: 00:00.00)
00:02.035  render           | Rendering frame 28
00:02.036  render           | Executing sequencer
00:02.111  render           | Video append frame 28
00:02.111  render           | Time: 00:00.07 (Saving: 00:00.00)
00:02.113  render           | Rendering frame 29
00:02.114  render           | Executing sequencer
00:02.193  render           | Video append frame 29
00:02.193  render           | Time: 00:00.07 (Saving: 00:00.01)
00:02.193  render           | Rendering frame 30
00:02.194  render           | Executing sequencer
00:02.232  render           | Video append frame 30
00:02.232  render           | Time: 00:00.03 (Saving: 00:00.00)
00:02.232  render           | Rendering frame 31
00:02.232  render           | Executing sequencer
00:02.321  render           | Video append frame 31
00:02.321  render           | Time: 00:00.08 (Saving: 00:00.00)
00:02.322  render           | Rendering frame 32
00:02.322  render           | Executing sequencer
00:02.360  render           | Video append frame 32
00:02.360  render           | Time: 00:00.03 (Saving: 00:00.00)
00:02.360  render           | Rendering frame 33
00:02.361  render           | Executing sequencer
00:02.402  render           | Video append frame 33
00:02.403  render           | Time: 00:00.04 (Saving: 00:00.00)
00:02.403  render           | Rendering frame 34
00:02.403  render           | Executing sequencer
00:02.449  render           | Video append frame 34
00:02.450  render           | Time: 00:00.04 (Saving: 00:00.01)
00:02.450  render           | Rendering frame 35
00:02.451  render           | Executing sequencer
00:02.502  render           | Video append frame 35
00:02.505  render           | Time: 00:00.05 (Saving: 00:00.01)
00:02.505  render           | Rendering frame 36
00:02.505  render           | Executing sequencer
00:02.570  render           | Video append frame 36
00:02.570  render           | Time: 00:00.06 (Saving: 00:00.00)
00:02.570  render           | Rendering frame 37
00:02.571  render           | Executing sequencer
00:02.633  render           | Video append frame 37
00:02.633  render           | Time: 00:00.06 (Saving: 00:00.00)
00:02.633  render           | Rendering frame 38
00:02.634  render           | Executing sequencer
00:02.690  render           | Video append frame 38
00:02.690  render           | Time: 00:00.05 (Saving: 00:00.01)
00:02.690  render           | Rendering frame 39
00:02.691  render           | Executing sequencer
00:02.740  render           | Video append frame 39
00:02.740  render           | Time: 00:00.04 (Saving: 00:00.00)
00:02.740  render           | Rendering frame 40
00:02.741  render           | Executing sequencer
00:02.782  render           | Video append frame 40
00:02.783  render           | Time: 00:00.04 (Saving: 00:00.00)
00:02.783  render           | Rendering frame 41
00:02.783  render           | Executing sequencer
00:02.823  render           | Video append frame 41
00:02.823  render           | Time: 00:00.03 (Saving: 00:00.00)
00:02.823  render           | Rendering frame 42
00:02.824  render           | Executing sequencer
00:02.873  render           | Video append frame 42
00:02.873  render           | Time: 00:00.04 (Saving: 00:00.00)
00:02.873  render           | Rendering frame 43
00:02.874  render           | Executing sequencer
00:02.920  render           | Video append frame 43
00:02.922  render           | Time: 00:00.04 (Saving: 00:00.00)
00:02.922  render           | Rendering frame 44
00:02.923  render           | Executing sequencer
00:02.972  render           | Video append frame 44
00:02.972  render           | Time: 00:00.04 (Saving: 00:00.00)
00:02.972  render           | Rendering frame 45
00:02.973  render           | Executing sequencer
00:03.019  render           | Video append frame 45
00:03.019  render           | Time: 00:00.04 (Saving: 00:00.00)
00:03.019  render           | Rendering frame 46
00:03.020  render           | Executing sequencer
00:03.072  render           | Video append frame 46
00:03.072  render           | Time: 00:00.05 (Saving: 00:00.00)
00:03.072  render           | Rendering frame 47
00:03.073  render           | Executing sequencer
00:03.123  render           | Video append frame 47
00:03.123  render           | Time: 00:00.05 (Saving: 00:00.01)
00:03.123  render           | Rendering frame 48
00:03.124  render           | Executing sequencer
00:03.176  render           | Video append frame 48
00:03.176  render           | Time: 00:00.05 (Saving: 00:00.00)
00:03.176  render           | Rendering frame 49
00:03.177  render           | Executing sequencer
00:03.213  render           | Video append frame 49
00:03.213  render           | Time: 00:00.03 (Saving: 00:00.00)
00:03.213  render           | Rendering frame 50
00:03.214  render           | Executing sequencer
00:03.250  render           | Video append frame 50
00:03.251  render           | Time: 00:00.03 (Saving: 00:00.00)
00:03.251  render           | Rendering frame 51
00:03.252  render           | Executing sequencer
00:03.284  render           | Video append frame 51
00:03.285  render           | Time: 00:00.03 (Saving: 00:00.00)
00:03.285  render           | Rendering frame 52
00:03.286  render           | Executing sequencer
00:03.331  render           | Video append frame 52
00:03.331  render           | Time: 00:00.04 (Saving: 00:00.00)
00:03.331  render           | Rendering frame 53
00:03.333  render           | Executing sequencer
00:03.369  render           | Video append frame 53
00:03.369  render           | Time: 00:00.03 (Saving: 00:00.00)
00:03.369  render           | Rendering frame 54
00:03.370  render           | Executing sequencer
00:03.409  render           | Video append frame 54
00:03.409  render           | Time: 00:00.03 (Saving: 00:00.00)
00:03.409  render           | Rendering frame 55
00:03.409  render           | Executing sequencer
00:03.450  render           | Video append frame 55
00:03.450  render           | Time: 00:00.04 (Saving: 00:00.00)
00:03.450  render           | Rendering frame 56
00:03.451  render           | Executing sequencer
00:03.509  render           | Video append frame 56
00:03.509  render           | Time: 00:00.05 (Saving: 00:00.00)
00:03.509  render           | Rendering frame 57
00:03.510  render           | Executing sequencer
00:03.556  render           | Video append frame 57
00:03.556  render           | Time: 00:00.04 (Saving: 00:00.00)
00:03.556  render           | Rendering frame 58
00:03.556  render           | Executing sequencer
00:03.589  render           | Video append frame 58
00:03.589  render           | Time: 00:00.03 (Saving: 00:00.00)
00:03.589  render           | Rendering frame 59
00:03.590  render           | Executing sequencer
00:03.614  render           | Video append frame 59
00:03.614  render           | Time: 00:00.02 (Saving: 00:00.00)
00:03.615  render           | Rendering frame 60
00:03.616  render           | Executing sequencer
00:03.644  render           | Video append frame 60
00:03.644  render           | Time: 00:00.02 (Saving: 00:00.00)
00:03.644  render           | Rendering frame 61
00:03.645  render           | Executing sequencer
00:03.860  render           | Video append frame 61
00:03.861  render           | Time: 00:00.21 (Saving: 00:00.01)
00:03.861  render           | Rendering frame 62
00:03.863  render           | Executing sequencer
00:03.923  render           | Video append frame 62
00:03.923  render           | Time: 00:00.06 (Saving: 00:00.02)
00:03.923  render           | Rendering frame 63
00:03.924  render           | Executing sequencer
00:03.952  render           | Video append frame 63
00:03.952  render           | Time: 00:00.02 (Saving: 00:00.00)
00:03.952  render           | Rendering frame 64
00:03.953  render           | Executing sequencer
00:03.994  render           | Video append frame 64
00:03.994  render           | Time: 00:00.04 (Saving: 00:00.01)
00:03.994  render           | Rendering frame 65
00:03.994  render           | Executing sequencer
00:04.041  render           | Video append frame 65
00:04.041  render           | Time: 00:00.04 (Saving: 00:00.01)
00:04.041  render           | Rendering frame 66
00:04.041  render           | Executing sequencer
00:04.085  render           | Video append frame 66
00:04.085  render           | Time: 00:00.04 (Saving: 00:00.00)
00:04.085  render           | Rendering frame 67
00:04.090  render           | Executing sequencer
00:04.180  render           | Video append frame 67
00:04.180  render           | Time: 00:00.08 (Saving: 00:00.02)
00:04.180  render           | Rendering frame 68
00:04.181  render           | Executing sequencer
00:04.219  render           | Video append frame 68
00:04.219  render           | Time: 00:00.03 (Saving: 00:00.02)
00:04.219  render           | Rendering frame 69
00:04.220  render           | Executing sequencer
00:04.263  render           | Video append frame 69
00:04.263  render           | Time: 00:00.04 (Saving: 00:00.01)
00:04.263  render           | Rendering frame 70
00:04.264  render           | Executing sequencer
00:04.386  render           | Video append frame 70
00:04.386  render           | Time: 00:00.12 (Saving: 00:00.09)
00:04.386  render           | Rendering frame 71
00:04.389  render           | Executing sequencer
00:04.474  render           | Video append frame 71
00:04.474  render           | Time: 00:00.08 (Saving: 00:00.04)
00:04.474  render           | Rendering frame 72
00:04.475  render           | Executing sequencer
00:04.527  render           | Video append frame 72
00:04.527  render           | Time: 00:00.05 (Saving: 00:00.00)
00:04.568  render           | Rendering frame 73
00:04.573  render           | Executing sequencer
00:04.725  render           | Video append frame 73
00:04.725  render           | Time: 00:00.15 (Saving: 00:00.02)
00:04.725  render           | Rendering frame 74
00:04.730  render           | Executing sequencer
00:04.764  render           | Video append frame 74
00:04.764  render           | Time: 00:00.03 (Saving: 00:00.01)
00:04.764  render           | Rendering frame 75
00:04.765  render           | Executing sequencer
00:04.809  render           | Video append frame 75
00:04.809  render           | Time: 00:00.04 (Saving: 00:00.01)
00:04.809  render           | Rendering frame 76
00:04.810  render           | Executing sequencer
00:04.926  render           | Video append frame 76
00:04.926  render           | Time: 00:00.11 (Saving: 00:00.01)
00:04.926  render           | Rendering frame 77
00:04.927  render           | Executing sequencer
00:05.025  render           | Video append frame 77
00:05.025  render           | Time: 00:00.09 (Saving: 00:00.01)
00:05.025  render           | Rendering frame 78
00:05.025  render           | Executing sequencer
00:05.150  render           | Video append frame 78
00:05.150  render           | Time: 00:00.12 (Saving: 00:00.02)
00:05.150  render           | Rendering frame 79
00:05.151  render           | Executing sequencer
00:05.315  render           | Video append frame 79
00:05.315  render           | Time: 00:00.16 (Saving: 00:00.00)
00:05.315  render           | Rendering frame 80
00:05.315  render           | Executing sequencer
00:05.364  render           | Video append frame 80
00:05.364  render           | Time: 00:00.04 (Saving: 00:00.00)
00:05.364  render           | Rendering frame 81
00:05.365  render           | Executing sequencer
00:05.406  render           | Video append frame 81
00:05.406  render           | Time: 00:00.04 (Saving: 00:00.00)
00:05.406  render           | Rendering frame 82
00:05.407  render           | Executing sequencer
00:05.443  render           | Video append frame 82
00:05.444  render           | Time: 00:00.03 (Saving: 00:00.00)
00:05.444  render           | Rendering frame 83
00:05.444  render           | Executing sequencer
00:05.480  render           | Video append frame 83
00:05.480  render           | Time: 00:00.03 (Saving: 00:00.00)
00:05.480  render           | Rendering frame 84
00:05.481  render           | Executing sequencer
00:05.524  render           | Video append frame 84
00:05.524  render           | Time: 00:00.04 (Saving: 00:00.00)
00:05.524  render           | Rendering frame 85
00:05.524  render           | Executing sequencer
00:05.559  render           | Video append frame 85
00:05.559  render           | Time: 00:00.03 (Saving: 00:00.00)
00:05.559  render           | Rendering frame 86
00:05.560  render           | Executing sequencer
00:05.600  render           | Video append frame 86
00:05.600  render           | Time: 00:00.04 (Saving: 00:00.00)
00:05.600  render           | Rendering frame 87
00:05.600  render           | Executing sequencer
00:05.638  render           | Video append frame 87
00:05.638  render           | Time: 00:00.03 (Saving: 00:00.00)
00:05.638  render           | Rendering frame 88
00:05.639  render           | Executing sequencer
00:05.681  render           | Video append frame 88
00:05.681  render           | Time: 00:00.04 (Saving: 00:00.00)
00:05.681  render           | Rendering frame 89
00:05.682  render           | Executing sequencer
00:05.722  render           | Video append frame 89
00:05.722  render           | Time: 00:00.03 (Saving: 00:00.00)
00:05.722  render           | Rendering frame 90
00:05.722  render           | Executing sequencer
00:05.764  render           | Video append frame 90
00:05.764  render           | Time: 00:00.04 (Saving: 00:00.00)
00:05.764  render           | Rendering frame 91
00:05.764  render           | Executing sequencer
00:05.804  render           | Video append frame 91
00:05.804  render           | Time: 00:00.03 (Saving: 00:00.00)
00:05.805  render           | Rendering frame 92
00:05.806  render           | Executing sequencer
00:05.843  render           | Video append frame 92
00:05.843  render           | Time: 00:00.03 (Saving: 00:00.01)
00:05.843  render           | Rendering frame 93
00:05.844  render           | Executing sequencer
00:05.890  render           | Video append frame 93
00:05.890  render           | Time: 00:00.04 (Saving: 00:00.00)
00:05.890  render           | Rendering frame 94
00:05.891  render           | Executing sequencer
00:05.934  render           | Video append frame 94
00:05.934  render           | Time: 00:00.04 (Saving: 00:00.00)
00:05.934  render           | Rendering frame 95
00:05.934  render           | Executing sequencer
00:05.978  render           | Video append frame 95
00:05.978  render           | Time: 00:00.04 (Saving: 00:00.01)
00:05.978  render           | Rendering frame 96
00:05.980  render           | Executing sequencer
00:06.023  render           | Video append frame 96
00:06.024  render           | Time: 00:00.04 (Saving: 00:00.00)
00:06.027  render           | Rendering frame 97
00:06.028  render           | Executing sequencer
00:06.063  render           | Video append frame 97
00:06.063  render           | Time: 00:00.03 (Saving: 00:00.00)
00:06.063  render           | Rendering frame 98
00:06.064  render           | Executing sequencer
00:06.102  render           | Video append frame 98
00:06.102  render           | Time: 00:00.03 (Saving: 00:00.00)
00:06.102  render           | Rendering frame 99
00:06.103  render           | Executing sequencer
00:06.147  render           | Video append frame 99
00:06.147  render           | Time: 00:00.04 (Saving: 00:00.00)
00:06.147  render           | Rendering frame 100
00:06.147  render           | Executing sequencer
00:06.181  render           | Video append frame 100
00:06.181  render           | Time: 00:00.03 (Saving: 00:00.00)
00:06.181  render           | Rendering frame 101
00:06.182  render           | Executing sequencer
00:06.218  render           | Video append frame 101
00:06.218  render           | Time: 00:00.03 (Saving: 00:00.00)
00:06.218  render           | Rendering frame 102
00:06.219  render           | Executing sequencer
00:06.257  render           | Video append frame 102
00:06.257  render           | Time: 00:00.03 (Saving: 00:00.00)
00:06.257  render           | Rendering frame 103
00:06.257  render           | Executing sequencer
00:06.277  render           | Video append frame 103
00:06.277  render           | Time: 00:00.01 (Saving: 00:00.00)
00:06.277  render           | Rendering frame 104
00:06.278  render           | Executing sequencer
00:06.301  render           | Video append frame 104
00:06.301  render           | Time: 00:00.02 (Saving: 00:00.00)
00:06.301  render           | Rendering frame 105
00:06.302  render           | Executing sequencer
00:06.320  render           | Video append frame 105
00:06.320  render           | Time: 00:00.01 (Saving: 00:00.00)
00:06.320  render           | Rendering frame 106
00:06.322  render           | Executing sequencer
00:06.380  render           | Video append frame 106
00:06.380  render           | Time: 00:00.05 (Saving: 00:00.00)
00:06.380  render           | Rendering frame 107
00:06.381  render           | Executing sequencer
00:06.431  render           | Video append frame 107
00:06.431  render           | Time: 00:00.05 (Saving: 00:00.00)
00:06.431  render           | Rendering frame 108
00:06.432  render           | Executing sequencer
00:06.484  render           | Video append frame 108
00:06.484  render           | Time: 00:00.05 (Saving: 00:00.00)
00:06.484  render           | Rendering frame 109
00:06.485  render           | Executing sequencer
00:06.539  render           | Video append frame 109
00:06.539  render           | Time: 00:00.05 (Saving: 00:00.00)
00:06.540  render           | Rendering frame 110
00:06.541  render           | Executing sequencer
00:06.603  render           | Video append frame 110
00:06.603  render           | Time: 00:00.06 (Saving: 00:00.00)
00:06.603  render           | Rendering frame 111
00:06.604  render           | Executing sequencer
00:06.669  render           | Video append frame 111
00:06.669  render           | Time: 00:00.06 (Saving: 00:00.01)
00:06.669  render           | Rendering frame 112
00:06.671  render           | Executing sequencer
00:06.736  render           | Video append frame 112
00:06.736  render           | Time: 00:00.06 (Saving: 00:00.00)
00:06.736  render           | Rendering frame 113
00:06.738  render           | Executing sequencer
00:06.787  render           | Video append frame 113
00:06.787  render           | Time: 00:00.04 (Saving: 00:00.00)
00:06.787  render           | Rendering frame 114
00:06.788  render           | Executing sequencer
00:06.859  render           | Video append frame 114
00:06.859  render           | Time: 00:00.07 (Saving: 00:00.00)
00:06.859  render           | Rendering frame 115
00:06.859  render           | Executing sequencer
00:06.905  render           | Video append frame 115
00:06.905  render           | Time: 00:00.04 (Saving: 00:00.00)
00:06.905  render           | Rendering frame 116
00:06.906  render           | Executing sequencer
00:06.943  render           | Video append frame 116
00:06.943  render           | Time: 00:00.03 (Saving: 00:00.00)
00:06.943  render           | Rendering frame 117
00:06.943  render           | Executing sequencer
00:06.976  render           | Video append frame 117
00:06.976  render           | Time: 00:00.03 (Saving: 00:00.00)
00:06.976  render           | Rendering frame 118
00:06.977  render           | Executing sequencer
00:07.014  render           | Video append frame 118
00:07.014  render           | Time: 00:00.03 (Saving: 00:00.00)
00:07.014  render           | Rendering frame 119
00:07.015  render           | Executing sequencer
00:07.062  render           | Video append frame 119
00:07.062  render           | Time: 00:00.04 (Saving: 00:00.00)
00:07.062  render           | Rendering frame 120
00:07.063  render           | Executing sequencer
00:07.097  render           | Video append frame 120
00:07.097  render           | Time: 00:00.03 (Saving: 00:00.00)
00:07.097  render           | Rendering frame 121
00:07.098  render           | Executing sequencer
00:07.166  render           | Video append frame 121
00:07.166  render           | Time: 00:00.06 (Saving: 00:00.00)
00:07.166  render           | Rendering frame 122
00:07.167  render           | Executing sequencer
00:07.197  render           | Video append frame 122
00:07.197  render           | Time: 00:00.03 (Saving: 00:00.00)
00:07.197  render           | Rendering frame 123
00:07.198  render           | Executing sequencer
00:07.234  render           | Video append frame 123
00:07.234  render           | Time: 00:00.03 (Saving: 00:00.00)
00:07.235  render           | Rendering frame 124
00:07.237  render           | Executing sequencer
00:07.283  render           | Video append frame 124
00:07.283  render           | Time: 00:00.04 (Saving: 00:00.00)
00:07.283  render           | Rendering frame 125
00:07.285  render           | Executing sequencer
00:07.328  render           | Video append frame 125
00:07.328  render           | Time: 00:00.04 (Saving: 00:00.00)
00:07.328  render           | Rendering frame 126
00:07.328  render           | Executing sequencer
00:07.367  render           | Video append frame 126
00:07.367  render           | Time: 00:00.03 (Saving: 00:00.00)
00:07.367  render           | Rendering frame 127
00:07.368  render           | Executing sequencer
00:07.419  render           | Video append frame 127
00:07.419  render           | Time: 00:00.05 (Saving: 00:00.00)
00:07.419  render           | Rendering frame 128
00:07.420  render           | Executing sequencer
00:07.465  render           | Video append frame 128
00:07.465  render           | Time: 00:00.04 (Saving: 00:00.00)
00:07.465  render           | Rendering frame 129
00:07.465  render           | Executing sequencer
00:07.505  render           | Video append frame 129
00:07.505  render           | Time: 00:00.03 (Saving: 00:00.00)
00:07.505  render           | Rendering frame 130
00:07.506  render           | Executing sequencer
00:07.550  render           | Video append frame 130
00:07.550  render           | Time: 00:00.04 (Saving: 00:00.00)
00:07.550  render           | Rendering frame 131
00:07.551  render           | Executing sequencer
00:07.614  render           | Video append frame 131
00:07.615  render           | Time: 00:00.06 (Saving: 00:00.01)
00:07.615  render           | Rendering frame 132
00:07.616  render           | Executing sequencer
00:07.665  render           | Video append frame 132
00:07.665  render           | Time: 00:00.04 (Saving: 00:00.00)
00:07.665  render           | Rendering frame 133
00:07.666  render           | Executing sequencer
00:07.681  render           | Video append frame 133
00:07.681  render           | Time: 00:00.01 (Saving: 00:00.00)
00:07.681  render           | Rendering frame 134
00:07.681  render           | Executing sequencer
00:07.697  render           | Video append frame 134
00:07.697  render           | Time: 00:00.01 (Saving: 00:00.00)
00:07.697  render           | Rendering frame 135
00:07.698  render           | Executing sequencer
00:07.726  render           | Video append frame 135
00:07.726  render           | Time: 00:00.02 (Saving: 00:00.01)
00:07.726  render           | Rendering frame 136
00:07.726  render           | Executing sequencer
00:07.836  render           | Video append frame 136
00:07.836  render           | Time: 00:00.10 (Saving: 00:00.02)
00:07.836  render           | Rendering frame 137
00:07.837  render           | Executing sequencer
00:07.870  render           | Video append frame 137
00:07.870  render           | Time: 00:00.03 (Saving: 00:00.01)
00:07.870  render           | Rendering frame 138
00:07.871  render           | Executing sequencer
00:07.888  render           | Video append frame 138
00:07.888  render           | Time: 00:00.01 (Saving: 00:00.00)
00:07.888  render           | Rendering frame 139
00:07.888  render           | Executing sequencer
00:07.901  render           | Video append frame 139
00:07.901  render           | Time: 00:00.01 (Saving: 00:00.00)
00:07.901  render           | Rendering frame 140
00:07.902  render           | Executing sequencer
00:07.916  render           | Video append frame 140
00:07.916  render           | Time: 00:00.01 (Saving: 00:00.00)
00:07.916  render           | Rendering frame 141
00:07.916  render           | Executing sequencer
00:07.933  render           | Video append frame 141
00:07.933  render           | Time: 00:00.01 (Saving: 00:00.00)
00:07.933  render           | Rendering frame 142
00:07.934  render           | Executing sequencer
00:07.952  render           | Video append frame 142
00:07.952  render           | Time: 00:00.01 (Saving: 00:00.00)
00:07.952  render           | Rendering frame 143
00:07.953  render           | Executing sequencer
00:07.971  render           | Video append frame 143
00:07.971  render           | Time: 00:00.01 (Saving: 00:00.00)
00:07.971  render           | Rendering frame 144
00:07.972  render           | Executing sequencer
00:07.991  render           | Video append frame 144
00:07.991  render           | Time: 00:00.01 (Saving: 00:00.00)
00:07.991  render           | Rendering frame 145
00:07.991  render           | Executing sequencer
00:08.010  render           | Video append frame 145
00:08.010  render           | Time: 00:00.01 (Saving: 00:00.00)
00:08.010  render           | Rendering frame 146
00:08.013  render           | Executing sequencer
00:08.030  render           | Video append frame 146
00:08.030  render           | Time: 00:00.01 (Saving: 00:00.00)
00:08.030  render           | Rendering frame 147
00:08.031  render           | Executing sequencer
00:08.045  render           | Video append frame 147
00:08.047  render           | Time: 00:00.01 (Saving: 00:00.00)
00:08.047  render           | Rendering frame 148
00:08.048  render           | Executing sequencer
00:08.071  render           | Video append frame 148
00:08.071  render           | Time: 00:00.02 (Saving: 00:00.00)
00:08.071  render           | Rendering frame 149
00:08.072  render           | Executing sequencer
00:08.086  render           | Video append frame 149
00:08.086  render           | Time: 00:00.01 (Saving: 00:00.00)
00:08.087  render           | Rendering frame 150
00:08.088  render           | Executing sequencer
00:08.108  render           | Video append frame 150
00:08.108  render           | Time: 00:00.02 (Saving: 00:00.00)
00:08.108  render           | Rendering frame 151
00:08.109  render           | Executing sequencer
00:08.173  render           | Video append frame 151
00:08.174  render           | Time: 00:00.06 (Saving: 00:00.00)
00:08.174  render           | Rendering frame 152
00:08.175  render           | Executing sequencer
00:08.216  render           | Video append frame 152
00:08.216  render           | Time: 00:00.04 (Saving: 00:00.00)
00:08.216  render           | Rendering frame 153
00:08.217  render           | Executing sequencer
00:08.249  render           | Video append frame 153
00:08.250  render           | Time: 00:00.03 (Saving: 00:00.00)
00:08.250  render           | Rendering frame 154
00:08.251  render           | Executing sequencer
00:08.292  render           | Video append frame 154
00:08.292  render           | Time: 00:00.04 (Saving: 00:00.00)
00:08.292  render           | Rendering frame 155
00:08.293  render           | Executing sequencer
00:08.346  render           | Video append frame 155
00:08.346  render           | Time: 00:00.05 (Saving: 00:00.00)
00:08.346  render           | Rendering frame 156
00:08.347  render           | Executing sequencer
00:08.379  render           | Video append frame 156
00:08.379  render           | Time: 00:00.03 (Saving: 00:00.00)
00:08.379  render           | Rendering frame 157
00:08.379  render           | Executing sequencer
00:08.411  render           | Video append frame 157
00:08.411  render           | Time: 00:00.03 (Saving: 00:00.00)
00:08.411  render           | Rendering frame 158
00:08.412  render           | Executing sequencer
00:08.445  render           | Video append frame 158
00:08.446  render           | Time: 00:00.03 (Saving: 00:00.01)
00:08.446  render           | Rendering frame 159
00:08.447  render           | Executing sequencer
00:08.489  render           | Video append frame 159
00:08.490  render           | Time: 00:00.04 (Saving: 00:00.01)
00:08.490  render           | Rendering frame 160
00:08.490  render           | Executing sequencer
00:08.556  render           | Video append frame 160
00:08.556  render           | Time: 00:00.06 (Saving: 00:00.00)
00:08.556  render           | Rendering frame 161
00:08.557  render           | Executing sequencer
00:08.608  render           | Video append frame 161
00:08.608  render           | Time: 00:00.05 (Saving: 00:00.00)
00:08.608  render           | Rendering frame 162
00:08.609  render           | Executing sequencer
00:08.649  render           | Video append frame 162
00:08.649  render           | Time: 00:00.04 (Saving: 00:00.00)
00:08.649  render           | Rendering frame 163
00:08.650  render           | Executing sequencer
00:08.699  render           | Video append frame 163
00:08.699  render           | Time: 00:00.04 (Saving: 00:00.00)
00:08.699  render           | Rendering frame 164
00:08.700  render           | Executing sequencer
00:08.739  render           | Video append frame 164
00:08.739  render           | Time: 00:00.03 (Saving: 00:00.00)
00:08.739  render           | Rendering frame 165
00:08.740  render           | Executing sequencer
00:08.772  render           | Video append frame 165
00:08.772  render           | Time: 00:00.03 (Saving: 00:00.00)
00:08.772  render           | Rendering frame 166
00:08.774  render           | Executing sequencer
00:08.810  render           | Video append frame 166
00:08.810  render           | Time: 00:00.03 (Saving: 00:00.00)
00:08.810  render           | Rendering frame 167
00:08.811  render           | Executing sequencer
00:08.848  render           | Video append frame 167
00:08.848  render           | Time: 00:00.03 (Saving: 00:00.00)
00:08.848  render           | Rendering frame 168
00:08.848  render           | Executing sequencer
00:08.889  render           | Video append frame 168
00:08.889  render           | Time: 00:00.04 (Saving: 00:00.00)
00:08.889  render           | Rendering frame 169
00:08.890  render           | Executing sequencer
00:08.923  render           | Video append frame 169
00:08.923  render           | Time: 00:00.03 (Saving: 00:00.00)
00:08.923  render           | Rendering frame 170
00:08.924  render           | Executing sequencer
00:08.962  render           | Video append frame 170
00:08.962  render           | Time: 00:00.03 (Saving: 00:00.00)
00:08.962  render           | Rendering frame 171
00:08.963  render           | Executing sequencer
00:09.022  render           | Video append frame 171
00:09.022  render           | Time: 00:00.05 (Saving: 00:00.00)
00:09.022  render           | Rendering frame 172
00:09.023  render           | Executing sequencer
00:09.080  render           | Video append frame 172
00:09.080  render           | Time: 00:00.05 (Saving: 00:00.00)
00:09.080  render           | Rendering frame 173
00:09.081  render           | Executing sequencer
00:09.116  render           | Video append frame 173
00:09.116  render           | Time: 00:00.03 (Saving: 00:00.00)
00:09.116  render           | Rendering frame 174
00:09.117  render           | Executing sequencer
00:09.160  render           | Video append frame 174
00:09.160  render           | Time: 00:00.04 (Saving: 00:00.00)
00:09.161  render           | Rendering frame 175
00:09.161  render           | Executing sequencer
00:09.198  render           | Video append frame 175
00:09.198  render           | Time: 00:00.03 (Saving: 00:00.00)
00:09.198  render           | Rendering frame 176
00:09.199  render           | Executing sequencer
00:09.230  render           | Video append frame 176
00:09.230  render           | Time: 00:00.03 (Saving: 00:00.00)
00:09.230  render           | Rendering frame 177
00:09.231  render           | Executing sequencer
00:09.266  render           | Video append frame 177
00:09.266  render           | Time: 00:00.03 (Saving: 00:00.00)
00:09.266  render           | Rendering frame 178
00:09.266  render           | Executing sequencer
00:09.279  render           | Video append frame 178
00:09.279  render           | Time: 00:00.01 (Saving: 00:00.00)
00:09.279  render           | Rendering frame 179
00:09.280  render           | Executing sequencer
00:09.297  render           | Video append frame 179
00:09.297  render           | Time: 00:00.01 (Saving: 00:00.00)
00:09.297  render           | Rendering frame 180
00:09.298  render           | Executing sequencer
00:09.315  render           | Video append frame 180
00:09.315  render           | Time: 00:00.01 (Saving: 00:00.00)
00:09.315  render           | Rendering frame 181
00:09.316  render           | Executing sequencer
00:09.354  render           | Video append frame 181
00:09.354  render           | Time: 00:00.03 (Saving: 00:00.00)
00:09.354  render           | Rendering frame 182
00:09.355  render           | Executing sequencer
00:09.400  render           | Video append frame 182
00:09.400  render           | Time: 00:00.04 (Saving: 00:00.00)
00:09.400  render           | Rendering frame 183
00:09.401  render           | Executing sequencer
00:09.459  render           | Video append frame 183
00:09.459  render           | Time: 00:00.05 (Saving: 00:00.00)
00:09.459  render           | Rendering frame 184
00:09.460  render           | Executing sequencer
00:09.524  render           | Video append frame 184
00:09.524  render           | Time: 00:00.06 (Saving: 00:00.00)
00:09.524  render           | Rendering frame 185
00:09.525  render           | Executing sequencer
00:09.566  render           | Video append frame 185
00:09.566  render           | Time: 00:00.04 (Saving: 00:00.00)
00:09.566  render           | Rendering frame 186
00:09.567  render           | Executing sequencer
00:09.599  render           | Video append frame 186
00:09.599  render           | Time: 00:00.03 (Saving: 00:00.00)
00:09.599  render           | Rendering frame 187
00:09.600  render           | Executing sequencer
00:09.635  render           | Video append frame 187
00:09.635  render           | Time: 00:00.03 (Saving: 00:00.00)
00:09.635  render           | Rendering frame 188
00:09.635  render           | Executing sequencer
00:09.665  render           | Video append frame 188
00:09.666  render           | Time: 00:00.03 (Saving: 00:00.00)
00:09.666  render           | Rendering frame 189
00:09.666  render           | Executing sequencer
00:09.715  render           | Video append frame 189
00:09.716  render           | Time: 00:00.04 (Saving: 00:00.00)
00:09.716  render           | Rendering frame 190
00:09.716  render           | Executing sequencer
00:09.755  render           | Video append frame 190
00:09.755  render           | Time: 00:00.03 (Saving: 00:00.00)
00:09.755  render           | Rendering frame 191
00:09.756  render           | Executing sequencer
00:09.796  render           | Video append frame 191
00:09.796  render           | Time: 00:00.04 (Saving: 00:00.00)
00:09.796  render           | Rendering frame 192
00:09.797  render           | Executing sequencer
00:09.830  render           | Video append frame 192
00:09.830  render           | Time: 00:00.03 (Saving: 00:00.00)
00:09.830  render           | Rendering frame 193
00:09.831  render           | Executing sequencer
00:09.864  render           | Video append frame 193
00:09.864  render           | Time: 00:00.03 (Saving: 00:00.00)
00:09.864  render           | Rendering frame 194
00:09.865  render           | Executing sequencer
00:09.926  render           | Video append frame 194
00:09.926  render           | Time: 00:00.06 (Saving: 00:00.01)
00:09.926  render           | Rendering frame 195
00:09.927  render           | Executing sequencer
00:09.964  render           | Video append frame 195
00:09.964  render           | Time: 00:00.03 (Saving: 00:00.00)
00:09.964  render           | Rendering frame 196
00:09.965  render           | Executing sequencer
00:10.067  render           | Video append frame 196
00:10.067  render           | Time: 00:00.10 (Saving: 00:00.00)
00:10.067  render           | Rendering frame 197
00:10.068  render           | Executing sequencer
00:10.107  render           | Video append frame 197
00:10.107  render           | Time: 00:00.03 (Saving: 00:00.00)
00:10.107  render           | Rendering frame 198
00:10.108  render           | Executing sequencer
00:10.166  render           | Video append frame 198
00:10.166  render           | Time: 00:00.05 (Saving: 00:00.00)
00:10.167  render           | Rendering frame 199
00:10.168  render           | Executing sequencer
00:10.201  render           | Video append frame 199
00:10.201  render           | Time: 00:00.03 (Saving: 00:00.00)
00:10.201  render           | Rendering frame 200
00:10.202  render           | Executing sequencer
00:10.237  render           | Video append frame 200
00:10.238  render           | Time: 00:00.03 (Saving: 00:00.00)
00:10.238  render           | Rendering frame 201
00:10.238  render           | Executing sequencer
00:10.275  render           | Video append frame 201
00:10.275  render           | Time: 00:00.03 (Saving: 00:00.00)
00:10.275  render           | Rendering frame 202
00:10.276  render           | Executing sequencer
00:10.310  render           | Video append frame 202
00:10.310  render           | Time: 00:00.03 (Saving: 00:00.00)
00:10.310  render           | Rendering frame 203
00:10.310  render           | Executing sequencer
00:10.342  render           | Video append frame 203
00:10.342  render           | Time: 00:00.03 (Saving: 00:00.00)
00:10.342  render           | Rendering frame 204
00:10.343  render           | Executing sequencer
00:10.377  render           | Video append frame 204
00:10.379  render           | Time: 00:00.03 (Saving: 00:00.00)
00:10.379  render           | Rendering frame 205
00:10.380  render           | Executing sequencer
00:10.422  render           | Video append frame 205
00:10.422  render           | Time: 00:00.04 (Saving: 00:00.00)
00:10.422  render           | Rendering frame 206
00:10.423  render           | Executing sequencer
00:10.473  render           | Video append frame 206
00:10.473  render           | Time: 00:00.05 (Saving: 00:00.00)
00:10.473  render           | Rendering frame 207
00:10.475  render           | Executing sequencer
00:10.522  render           | Video append frame 207
00:10.522  render           | Time: 00:00.04 (Saving: 00:00.00)
00:10.522  render           | Rendering frame 208
00:10.523  render           | Executing sequencer
00:10.536  render           | Video append frame 208
00:10.536  render           | Time: 00:00.01 (Saving: 00:00.00)
00:10.536  render           | Rendering frame 209
00:10.536  render           | Executing sequencer
00:10.555  render           | Video append frame 209
00:10.555  render           | Time: 00:00.01 (Saving: 00:00.00)
00:10.555  render           | Rendering frame 210
00:10.556  render           | Executing sequencer
00:10.575  render           | Video append frame 210
00:10.575  render           | Time: 00:00.01 (Saving: 00:00.00)
00:10.575  render           | Rendering frame 211
00:10.576  render           | Executing sequencer
00:10.679  render           | Video append frame 211
00:10.681  render           | Time: 00:00.10 (Saving: 00:00.01)
00:10.681  render           | Rendering frame 212
00:10.682  render           | Executing sequencer
00:10.701  render           | Video append frame 212
00:10.701  render           | Time: 00:00.01 (Saving: 00:00.00)
00:10.701  render           | Rendering frame 213
00:10.702  render           | Executing sequencer
00:10.724  render           | Video append frame 213
00:10.724  render           | Time: 00:00.02 (Saving: 00:00.00)
00:10.724  render           | Rendering frame 214
00:10.725  render           | Executing sequencer
00:10.755  render           | Video append frame 214
00:10.755  render           | Time: 00:00.02 (Saving: 00:00.00)
00:10.755  render           | Rendering frame 215
00:10.756  render           | Executing sequencer
00:10.777  render           | Video append frame 215
00:10.777  render           | Time: 00:00.02 (Saving: 00:00.00)
00:10.777  render           | Rendering frame 216
00:10.778  render           | Executing sequencer
00:10.802  render           | Video append frame 216
00:10.802  render           | Time: 00:00.02 (Saving: 00:00.00)
00:10.802  render           | Rendering frame 217
00:10.803  render           | Executing sequencer
00:10.826  render           | Video append frame 217
00:10.826  render           | Time: 00:00.02 (Saving: 00:00.01)
00:10.826  render           | Rendering frame 218
00:10.826  render           | Executing sequencer
00:10.848  render           | Video append frame 218
00:10.848  render           | Time: 00:00.02 (Saving: 00:00.00)
00:10.848  render           | Rendering frame 219
00:10.848  render           | Executing sequencer
00:10.876  render           | Video append frame 219
00:10.876  render           | Time: 00:00.02 (Saving: 00:00.01)
00:10.876  render           | Rendering frame 220
00:10.877  render           | Executing sequencer
00:10.895  render           | Video append frame 220
00:10.895  render           | Time: 00:00.01 (Saving: 00:00.00)
00:10.895  render           | Rendering frame 221
00:10.896  render           | Executing sequencer
00:10.914  render           | Video append frame 221
00:10.915  render           | Time: 00:00.01 (Saving: 00:00.00)
00:10.915  render           | Rendering frame 222
00:10.915  render           | Executing sequencer
00:10.938  render           | Video append frame 222
00:10.938  render           | Time: 00:00.02 (Saving: 00:00.00)
00:10.938  render           | Rendering frame 223
00:10.939  render           | Executing sequencer
00:10.959  render           | Video append frame 223
00:10.959  render           | Time: 00:00.02 (Saving: 00:00.00)
00:10.959  render           | Rendering frame 224
00:10.960  render           | Executing sequencer
00:10.985  render           | Video append frame 224
00:10.985  render           | Time: 00:00.02 (Saving: 00:00.00)
00:10.985  render           | Rendering frame 225
00:10.985  render           | Executing sequencer
00:11.018  render           | Video append frame 225
00:11.018  render           | Time: 00:00.03 (Saving: 00:00.01)
00:11.018  render           | Rendering frame 226
00:11.019  render           | Executing sequencer
00:11.097  render           | Video append frame 226
00:11.098  render           | Time: 00:00.07 (Saving: 00:00.01)
00:11.098  render           | Rendering frame 227
00:11.099  render           | Executing sequencer
00:11.158  render           | Video append frame 227
00:11.159  render           | Time: 00:00.05 (Saving: 00:00.00)
00:11.159  render           | Rendering frame 228
00:11.160  render           | Executing sequencer
00:11.202  render           | Video append frame 228
00:11.202  render           | Time: 00:00.04 (Saving: 00:00.00)
00:11.202  render           | Rendering frame 229
00:11.203  render           | Executing sequencer
00:11.258  render           | Video append frame 229
00:11.258  render           | Time: 00:00.05 (Saving: 00:00.00)
00:11.258  render           | Rendering frame 230
00:11.258  render           | Executing sequencer
00:11.301  render           | Video append frame 230
00:11.301  render           | Time: 00:00.04 (Saving: 00:00.00)
00:11.301  render           | Rendering frame 231
00:11.302  render           | Executing sequencer
00:11.334  render           | Video append frame 231
00:11.334  render           | Time: 00:00.03 (Saving: 00:00.00)
00:11.334  render           | Rendering frame 232
00:11.335  render           | Executing sequencer
00:11.372  render           | Video append frame 232
00:11.372  render           | Time: 00:00.03 (Saving: 00:00.01)
00:11.372  render           | Rendering frame 233
00:11.373  render           | Executing sequencer
00:11.432  render           | Video append frame 233
00:11.432  render           | Time: 00:00.05 (Saving: 00:00.01)
00:11.432  render           | Rendering frame 234
00:11.433  render           | Executing sequencer
00:11.486  render           | Video append frame 234
00:11.488  render           | Time: 00:00.05 (Saving: 00:00.01)
00:11.489  render           | Rendering frame 235
00:11.490  render           | Executing sequencer
00:11.538  render           | Video append frame 235
00:11.538  render           | Time: 00:00.04 (Saving: 00:00.00)
00:11.538  render           | Rendering frame 236
00:11.539  render           | Executing sequencer
00:11.582  render           | Video append frame 236
00:11.582  render           | Time: 00:00.04 (Saving: 00:00.00)
00:11.582  render           | Rendering frame 237
00:11.582  render           | Executing sequencer
00:11.638  render           | Video append frame 237
00:11.638  render           | Time: 00:00.05 (Saving: 00:00.00)
00:11.638  render           | Rendering frame 238
00:11.639  render           | Executing sequencer
00:11.717  render           | Video append frame 238
00:11.717  render           | Time: 00:00.07 (Saving: 00:00.00)
00:11.717  render           | Rendering frame 239
00:11.717  render           | Executing sequencer
00:11.736  render           | Video append frame 239
00:11.736  render           | Time: 00:00.01 (Saving: 00:00.00)
00:11.736  render           | Rendering frame 240
00:11.737  render           | Executing sequencer
00:11.757  render           | Video append frame 240
00:11.757  render           | Time: 00:00.01 (Saving: 00:00.00)
00:11.757  render           | Rendering frame 241
00:11.758  render           | Executing sequencer
00:11.830  render           | Video append frame 241
00:11.830  render           | Time: 00:00.07 (Saving: 00:00.00)
00:11.830  render           | Rendering frame 242
00:11.831  render           | Executing sequencer
00:11.897  render           | Video append frame 242
00:11.897  render           | Time: 00:00.06 (Saving: 00:00.01)
00:11.897  render           | Rendering frame 243
00:11.897  render           | Executing sequencer
00:11.960  render           | Video append frame 243
00:11.960  render           | Time: 00:00.06 (Saving: 00:00.01)
00:11.960  render           | Rendering frame 244
00:11.962  render           | Executing sequencer
00:11.996  render           | Video append frame 244
00:11.996  render           | Time: 00:00.03 (Saving: 00:00.00)
00:11.996  render           | Rendering frame 245
00:11.997  render           | Executing sequencer
00:12.034  render           | Video append frame 245
00:12.034  render           | Time: 00:00.03 (Saving: 00:00.00)
00:12.034  render           | Rendering frame 246
00:12.035  render           | Executing sequencer
00:12.072  render           | Video append frame 246
00:12.072  render           | Time: 00:00.03 (Saving: 00:00.00)
00:12.072  render           | Rendering frame 247
00:12.073  render           | Executing sequencer
00:12.104  render           | Video append frame 247
00:12.106  render           | Time: 00:00.03 (Saving: 00:00.00)
00:12.106  render           | Rendering frame 248
00:12.107  render           | Executing sequencer
00:12.145  render           | Video append frame 248
00:12.145  render           | Time: 00:00.03 (Saving: 00:00.00)
00:12.145  render           | Rendering frame 249
00:12.146  render           | Executing sequencer
00:12.342  render           | Video append frame 249
00:12.342  render           | Time: 00:00.19 (Saving: 00:00.04)
00:12.342  render           | Rendering frame 250
00:12.343  render           | Executing sequencer
00:12.429  render           | Video append frame 250
00:12.429  render           | Time: 00:00.08 (Saving: 00:00.01)
00:12.430  render           | Rendering frame 251
00:12.431  render           | Executing sequencer
00:12.469  render           | Video append frame 251
00:12.469  render           | Time: 00:00.03 (Saving: 00:00.00)
00:12.469  render           | Rendering frame 252
00:12.471  render           | Executing sequencer
00:12.556  render           | Video append frame 252
00:12.556  render           | Time: 00:00.08 (Saving: 00:00.01)
00:12.556  render           | Rendering frame 253
00:12.557  render           | Executing sequencer
00:12.617  render           | Video append frame 253
00:12.617  render           | Time: 00:00.06 (Saving: 00:00.01)
00:12.618  render           | Rendering frame 254
00:12.620  render           | Executing sequencer
00:12.653  render           | Video append frame 254
00:12.653  render           | Time: 00:00.03 (Saving: 00:00.00)
00:12.655  render           | Rendering frame 255
00:12.656  render           | Executing sequencer
00:12.693  render           | Video append frame 255
00:12.693  render           | Time: 00:00.03 (Saving: 00:00.01)
00:12.693  render           | Rendering frame 256
00:12.693  render           | Executing sequencer
00:12.783  render           | Video append frame 256
00:12.783  render           | Time: 00:00.08 (Saving: 00:00.00)
00:12.783  render           | Rendering frame 257
00:12.784  render           | Executing sequencer
00:12.842  render           | Video append frame 257
00:12.842  render           | Time: 00:00.05 (Saving: 00:00.01)
00:12.842  render           | Rendering frame 258
00:12.843  render           | Executing sequencer
00:12.936  render           | Video append frame 258
00:12.936  render           | Time: 00:00.09 (Saving: 00:00.00)
00:12.936  render           | Rendering frame 259
00:12.937  render           | Executing sequencer
00:12.988  render           | Video append frame 259
00:12.989  render           | Time: 00:00.05 (Saving: 00:00.01)
00:12.989  render           | Rendering frame 260
00:12.991  render           | Executing sequencer
00:13.060  render           | Video append frame 260
00:13.061  render           | Time: 00:00.07 (Saving: 00:00.00)
00:13.061  render           | Rendering frame 261
00:13.062  render           | Executing sequencer
00:13.100  render           | Video append frame 261
00:13.100  render           | Time: 00:00.03 (Saving: 00:00.00)
00:13.100  render           | Rendering frame 262
00:13.101  render           | Executing sequencer
00:13.155  render           | Video append frame 262
00:13.155  render           | Time: 00:00.05 (Saving: 00:00.01)
00:13.156  render           | Rendering frame 263
00:13.158  render           | Executing sequencer
00:13.227  render           | Video append frame 263
00:13.227  render           | Time: 00:00.06 (Saving: 00:00.00)
00:13.227  render           | Rendering frame 264
00:13.227  render           | Executing sequencer
00:13.258  render           | Video append frame 264
00:13.258  render           | Time: 00:00.03 (Saving: 00:00.00)
00:13.258  render           | Rendering frame 265
00:13.259  render           | Executing sequencer
00:13.294  render           | Video append frame 265
00:13.295  render           | Time: 00:00.03 (Saving: 00:00.00)
00:13.295  render           | Rendering frame 266
00:13.296  render           | Executing sequencer
00:13.340  render           | Video append frame 266
00:13.340  render           | Time: 00:00.04 (Saving: 00:00.00)
00:13.340  render           | Rendering frame 267
00:13.341  render           | Executing sequencer
00:13.383  render           | Video append frame 267
00:13.383  render           | Time: 00:00.04 (Saving: 00:00.00)
00:13.383  render           | Rendering frame 268
00:13.384  render           | Executing sequencer
00:13.424  render           | Video append frame 268
00:13.424  render           | Time: 00:00.03 (Saving: 00:00.00)
00:13.425  render           | Rendering frame 269
00:13.425  render           | Executing sequencer
00:13.442  render           | Video append frame 269
00:13.442  render           | Time: 00:00.01 (Saving: 00:00.00)
00:13.442  render           | Rendering frame 270
00:13.443  render           | Executing sequencer
00:13.477  render           | Video append frame 270
00:13.477  render           | Time: 00:00.03 (Saving: 00:00.01)
00:13.477  render           | Rendering frame 271
00:13.480  render           | Executing sequencer
00:13.544  render           | Video append frame 271
00:13.544  render           | Time: 00:00.06 (Saving: 00:00.01)
00:13.544  render           | Rendering frame 272
00:13.545  render           | Executing sequencer
00:13.593  render           | Video append frame 272
00:13.593  render           | Time: 00:00.04 (Saving: 00:00.00)
00:13.593  render           | Rendering frame 273
00:13.594  render           | Executing sequencer
00:13.633  render           | Video append frame 273
00:13.633  render           | Time: 00:00.03 (Saving: 00:00.00)
00:13.633  render           | Rendering frame 274
00:13.633  render           | Executing sequencer
00:13.672  render           | Video append frame 274
00:13.672  render           | Time: 00:00.03 (Saving: 00:00.00)
00:13.672  render           | Rendering frame 275
00:13.672  render           | Executing sequencer
00:13.709  render           | Video append frame 275
00:13.709  render           | Time: 00:00.03 (Saving: 00:00.00)
00:13.709  render           | Rendering frame 276
00:13.710  render           | Executing sequencer
00:13.740  render           | Video append frame 276
00:13.740  render           | Time: 00:00.03 (Saving: 00:00.00)
00:13.740  render           | Rendering frame 277
00:13.740  render           | Executing sequencer
00:13.771  render           | Video append frame 277
00:13.771  render           | Time: 00:00.03 (Saving: 00:00.00)
00:13.771  render           | Rendering frame 278
00:13.772  render           | Executing sequencer
00:13.808  render           | Video append frame 278
00:13.808  render           | Time: 00:00.03 (Saving: 00:00.00)
00:13.808  render           | Rendering frame 279
00:13.809  render           | Executing sequencer
00:13.865  render           | Video append frame 279
00:13.865  render           | Time: 00:00.05 (Saving: 00:00.00)
00:13.866  render           | Rendering frame 280
00:13.866  render           | Executing sequencer
00:13.896  render           | Video append frame 280
00:13.897  render           | Time: 00:00.03 (Saving: 00:00.00)
00:13.897  render           | Rendering frame 281
00:13.897  render           | Executing sequencer
00:13.930  render           | Video append frame 281
00:13.930  render           | Time: 00:00.03 (Saving: 00:00.00)
00:13.930  render           | Rendering frame 282
00:13.931  render           | Executing sequencer
00:13.963  render           | Video append frame 282
00:13.963  render           | Time: 00:00.03 (Saving: 00:00.00)
00:13.963  render           | Rendering frame 283
00:13.963  render           | Executing sequencer
00:14.003  render           | Video append frame 283
00:14.003  render           | Time: 00:00.03 (Saving: 00:00.00)
00:14.003  render           | Rendering frame 284
00:14.004  render           | Executing sequencer
00:14.063  render           | Video append frame 284
00:14.063  render           | Time: 00:00.05 (Saving: 00:00.00)
00:14.063  render           | Rendering frame 285
00:14.064  render           | Executing sequencer
00:14.081  render           | Video append frame 285
00:14.081  render           | Time: 00:00.01 (Saving: 00:00.00)
00:14.081  render           | Rendering frame 286
00:14.082  render           | Executing sequencer
00:14.140  render           | Video append frame 286
00:14.140  render           | Time: 00:00.05 (Saving: 00:00.00)
00:14.140  render           | Rendering frame 287
00:14.141  render           | Executing sequencer
00:14.197  render           | Video append frame 287
00:14.197  render           | Time: 00:00.05 (Saving: 00:00.00)
00:14.197  render           | Rendering frame 288
00:14.198  render           | Executing sequencer
00:14.249  render           | Video append frame 288
00:14.249  render           | Time: 00:00.05 (Saving: 00:00.00)
00:14.249  render           | Rendering frame 289
00:14.250  render           | Executing sequencer
00:14.295  render           | Video append frame 289
00:14.295  render           | Time: 00:00.04 (Saving: 00:00.00)
00:14.296  render           | Rendering frame 290
00:14.296  render           | Executing sequencer
00:14.344  render           | Video append frame 290
00:14.344  render           | Time: 00:00.04 (Saving: 00:00.01)
00:14.344  render           | Rendering frame 291
00:14.345  render           | Executing sequencer
00:14.375  render           | Video append frame 291
00:14.375  render           | Time: 00:00.03 (Saving: 00:00.00)
00:14.375  render           | Rendering frame 292
00:14.376  render           | Executing sequencer
00:14.422  render           | Video append frame 292
00:14.422  render           | Time: 00:00.04 (Saving: 00:00.00)
00:14.422  render           | Rendering frame 293
00:14.423  render           | Executing sequencer
00:14.470  render           | Video append frame 293
00:14.471  render           | Time: 00:00.04 (Saving: 00:00.00)
00:14.471  render           | Rendering frame 294
00:14.471  render           | Executing sequencer
00:14.521  render           | Video append frame 294
00:14.521  render           | Time: 00:00.04 (Saving: 00:00.00)
00:14.521  render           | Rendering frame 295
00:14.523  render           | Executing sequencer
00:14.564  render           | Video append frame 295
00:14.564  render           | Time: 00:00.04 (Saving: 00:00.00)
00:14.564  render           | Rendering frame 296
00:14.564  render           | Executing sequencer
00:14.626  render           | Video append frame 296
00:14.626  render           | Time: 00:00.06 (Saving: 00:00.01)
00:14.626  render           | Rendering frame 297
00:14.627  render           | Executing sequencer
00:14.728  render           | Video append frame 297
00:14.728  render           | Time: 00:00.10 (Saving: 00:00.06)
00:14.728  render           | Rendering frame 298
00:14.728  render           | Executing sequencer
00:14.838  render           | Video append frame 298
00:14.838  render           | Time: 00:00.10 (Saving: 00:00.03)
00:14.838  render           | Rendering frame 299
00:14.839  render           | Executing sequencer
00:14.914  render           | Video append frame 299
00:14.914  render           | Time: 00:00.07 (Saving: 00:00.00)
00:14.914  render           | Rendering frame 300
00:14.916  render           | Executing sequencer
00:14.973  render           | Video append frame 300
00:14.973  render           | Time: 00:00.05 (Saving: 00:00.01)
00:14.973  render           | Rendering frame 301
00:14.974  render           | Executing sequencer
00:14.993  render           | Video append frame 301
00:14.993  render           | Time: 00:00.01 (Saving: 00:00.01)
00:14.993  render           | Rendering frame 302
00:14.993  render           | Executing sequencer
00:15.011  render           | Video append frame 302
00:15.011  render           | Time: 00:00.01 (Saving: 00:00.01)
00:15.011  render           | Rendering frame 303
00:15.011  render           | Executing sequencer
00:15.027  render           | Video append frame 303
00:15.027  render           | Time: 00:00.01 (Saving: 00:00.01)
00:15.027  render           | Rendering frame 304
00:15.027  render           | Executing sequencer
00:15.040  render           | Video append frame 304
00:15.040  render           | Time: 00:00.01 (Saving: 00:00.00)
00:15.040  render           | Rendering frame 305
00:15.041  render           | Executing sequencer
00:15.053  render           | Video append frame 305
00:15.053  render           | Time: 00:00.01 (Saving: 00:00.00)
00:15.053  render           | Rendering frame 306
00:15.054  render           | Executing sequencer
00:15.096  render           | Video append frame 306
00:15.096  render           | Time: 00:00.04 (Saving: 00:00.03)
00:15.096  render           | Rendering frame 307
00:15.096  render           | Executing sequencer
00:15.166  render           | Video append frame 307
00:15.166  render           | Time: 00:00.06 (Saving: 00:00.04)
00:15.166  render           | Rendering frame 308
00:15.169  render           | Executing sequencer
00:15.187  render           | Video append frame 308
00:15.187  render           | Time: 00:00.01 (Saving: 00:00.01)
00:15.187  render           | Rendering frame 309
00:15.188  render           | Executing sequencer
00:15.217  render           | Video append frame 309
00:15.217  render           | Time: 00:00.02 (Saving: 00:00.02)
00:15.217  render           | Rendering frame 310
00:15.218  render           | Executing sequencer
00:15.230  render           | Video append frame 310
00:15.230  render           | Time: 00:00.01 (Saving: 00:00.01)
00:15.230  render           | Rendering frame 311
00:15.231  render           | Executing sequencer
00:15.241  render           | Video append frame 311
00:15.241  render           | Time: 00:00.00 (Saving: 00:00.00)
00:15.241  render           | Rendering frame 312
00:15.242  render           | Executing sequencer
00:15.260  render           | Video append frame 312
00:15.260  render           | Time: 00:00.01 (Saving: 00:00.01)
00:15.260  render           | Rendering frame 313
00:15.261  render           | Executing sequencer
00:15.269  render           | Video append frame 313
00:15.269  render           | Time: 00:00.00 (Saving: 00:00.00)
00:15.269  render           | Rendering frame 314
00:15.270  render           | Executing sequencer
00:15.278  render           | Video append frame 314
00:15.278  render           | Time: 00:00.00 (Saving: 00:00.00)
00:15.278  render           | Rendering frame 315
00:15.280  render           | Executing sequencer
00:15.289  render           | Video append frame 315
00:15.289  render           | Time: 00:00.00 (Saving: 00:00.00)
00:15.289  render           | Rendering frame 316
00:15.290  render           | Executing sequencer
00:15.298  render           | Video append frame 316
00:15.298  render           | Time: 00:00.00 (Saving: 00:00.00)
00:15.298  render           | Rendering frame 317
00:15.299  render           | Executing sequencer
00:15.307  render           | Video append frame 317
00:15.307  render           | Time: 00:00.00 (Saving: 00:00.00)
00:15.307  render           | Rendering frame 318
00:15.307  render           | Executing sequencer
00:15.315  render           | Video append frame 318
00:15.315  render           | Time: 00:00.00 (Saving: 00:00.00)
00:15.315  render           | Rendering frame 319
00:15.315  render           | Executing sequencer
00:15.323  render           | Video append frame 319
00:15.323  render           | Time: 00:00.00 (Saving: 00:00.00)
00:15.323  render           | Rendering frame 320
00:15.323  render           | Executing sequencer
00:15.331  render           | Video append frame 320
00:15.331  render           | Time: 00:00.00 (Saving: 00:00.00)
00:15.331  render           | Rendering frame 321
00:15.332  render           | Executing sequencer
00:15.343  render           | Video append frame 321
00:15.343  render           | Time: 00:00.01 (Saving: 00:00.00)
00:15.343  render           | Rendering frame 322
00:15.344  render           | Executing sequencer
00:15.353  render           | Video append frame 322
00:15.353  render           | Time: 00:00.00 (Saving: 00:00.00)
00:15.353  render           | Rendering frame 323
00:15.354  render           | Executing sequencer
00:15.363  render           | Video append frame 323
00:15.363  render           | Time: 00:00.00 (Saving: 00:00.00)
00:15.363  render           | Rendering frame 324
00:15.364  render           | Executing sequencer
00:15.370  render           | Video append frame 324
00:15.370  render           | Time: 00:00.00 (Saving: 00:00.00)
00:15.370  render           | Rendering frame 325
00:15.370  render           | Executing sequencer
00:15.378  render           | Video append frame 325
00:15.378  render           | Time: 00:00.00 (Saving: 00:00.00)
00:15.378  render           | Rendering frame 326
00:15.379  render           | Executing sequencer
00:15.385  render           | Video append frame 326
00:15.385  render           | Time: 00:00.00 (Saving: 00:00.00)
00:15.385  render           | Rendering frame 327
00:15.385  render           | Executing sequencer
00:15.391  render           | Video append frame 327
00:15.391  render           | Time: 00:00.00 (Saving: 00:00.00)
00:15.391  render           | Rendering frame 328
00:15.391  render           | Executing sequencer
00:15.396  render           | Video append frame 328
00:15.396  render           | Time: 00:00.00 (Saving: 00:00.00)
00:15.396  render           | Rendering frame 329
00:15.397  render           | Executing sequencer
00:15.402  render           | Video append frame 329
00:15.402  render           | Time: 00:00.00 (Saving: 00:00.00)
00:15.402  render           | Rendering frame 330
00:15.403  render           | Executing sequencer
00:15.408  render           | Video append frame 330
00:15.408  render           | Time: 00:00.00 (Saving: 00:00.00)
00:15.408  render           | Rendering frame 331
00:15.409  render           | Executing sequencer
00:15.416  render           | Video append frame 331
00:15.416  render           | Time: 00:00.00 (Saving: 00:00.00)
00:15.416  render           | Rendering frame 332
00:15.416  render           | Executing sequencer
00:15.423  render           | Video append frame 332
00:15.423  render           | Time: 00:00.00 (Saving: 00:00.00)
00:15.423  render           | Rendering frame 333
00:15.424  render           | Executing sequencer
00:15.432  render           | Video append frame 333
00:15.432  render           | Time: 00:00.00 (Saving: 00:00.00)
00:15.432  render           | Rendering frame 334
00:15.433  render           | Executing sequencer
00:15.442  render           | Video append frame 334
00:15.442  render           | Time: 00:00.00 (Saving: 00:00.00)
00:15.442  render           | Rendering frame 335
00:15.443  render           | Executing sequencer
00:15.451  render           | Video append frame 335
00:15.451  render           | Time: 00:00.00 (Saving: 00:00.00)
00:15.451  render           | Rendering frame 336
00:15.452  render           | Executing sequencer
00:15.460  render           | Video append frame 336
00:15.460  render           | Time: 00:00.00 (Saving: 00:00.00)
00:15.460  render           | Rendering frame 337
00:15.461  render           | Executing sequencer
00:15.469  render           | Video append frame 337
00:15.469  render           | Time: 00:00.00 (Saving: 00:00.00)
00:15.469  render           | Rendering frame 338
00:15.470  render           | Executing sequencer
00:15.479  render           | Video append frame 338
00:15.479  render           | Time: 00:00.00 (Saving: 00:00.00)
00:15.479  render           | Rendering frame 339
00:15.480  render           | Executing sequencer
00:15.488  render           | Video append frame 339
00:15.488  render           | Time: 00:00.00 (Saving: 00:00.00)
00:15.488  render           | Rendering frame 340
00:15.489  render           | Executing sequencer
00:15.497  render           | Video append frame 340
00:15.497  render           | Time: 00:00.00 (Saving: 00:00.00)
00:15.497  render           | Rendering frame 341
00:15.498  render           | Executing sequencer
00:15.506  render           | Video append frame 341
00:15.506  render           | Time: 00:00.00 (Saving: 00:00.00)
00:15.506  render           | Rendering frame 342
00:15.507  render           | Executing sequencer
00:15.517  render           | Video append frame 342
00:15.518  render           | Time: 00:00.01 (Saving: 00:00.00)
00:15.518  render           | Rendering frame 343
00:15.519  render           | Executing sequencer
00:15.530  render           | Video append frame 343
00:15.530  render           | Time: 00:00.01 (Saving: 00:00.00)
00:15.531  render           | Rendering frame 344
00:15.531  render           | Executing sequencer
00:15.541  render           | Video append frame 344
00:15.541  render           | Time: 00:00.00 (Saving: 00:00.00)
00:15.541  render           | Rendering frame 345
00:15.542  render           | Executing sequencer
00:15.550  render           | Video append frame 345
00:15.550  render           | Time: 00:00.00 (Saving: 00:00.00)
00:15.550  render           | Rendering frame 346
00:15.550  render           | Executing sequencer
00:15.560  render           | Video append frame 346
00:15.561  render           | Time: 00:00.01 (Saving: 00:00.00)
00:15.561  render           | Rendering frame 347
00:15.561  render           | Executing sequencer
00:15.572  render           | Video append frame 347
00:15.572  render           | Time: 00:00.01 (Saving: 00:00.00)
00:15.572  render           | Rendering frame 348
00:15.573  render           | Executing sequencer
00:15.584  render           | Video append frame 348
00:15.584  render           | Time: 00:00.01 (Saving: 00:00.00)
00:15.584  render           | Rendering frame 349
00:15.585  render           | Executing sequencer
00:15.595  render           | Video append frame 349
00:15.595  render           | Time: 00:00.00 (Saving: 00:00.00)
00:15.595  render           | Rendering frame 350
00:15.595  render           | Executing sequencer
00:15.602  render           | Video append frame 350
00:15.602  render           | Time: 00:00.00 (Saving: 00:00.00)
00:15.602  render           | Rendering frame 351
00:15.603  render           | Executing sequencer
00:15.612  render           | Video append frame 351
00:15.613  render           | Time: 00:00.00 (Saving: 00:00.00)
00:15.613  render           | Rendering frame 352
00:15.613  render           | Executing sequencer
00:15.622  render           | Video append frame 352
00:15.622  render           | Time: 00:00.00 (Saving: 00:00.00)
00:15.622  render           | Rendering frame 353
00:15.623  render           | Executing sequencer
00:15.632  render           | Video append frame 353
00:15.632  render           | Time: 00:00.00 (Saving: 00:00.00)
00:15.632  render           | Rendering frame 354
00:15.633  render           | Executing sequencer
00:15.640  render           | Video append frame 354
00:15.640  render           | Time: 00:00.00 (Saving: 00:00.00)
00:15.640  render           | Rendering frame 355
00:15.641  render           | Executing sequencer
00:15.648  render           | Video append frame 355
00:15.649  render           | Time: 00:00.00 (Saving: 00:00.00)
00:15.649  render           | Rendering frame 356
00:15.649  render           | Executing sequencer
00:15.782  render           | Video append frame 356
00:15.782  render           | Time: 00:00.13 (Saving: 00:00.00)
00:15.782  render           | Rendering frame 357
00:15.782  render           | Executing sequencer
00:15.788  render           | Video append frame 357
00:15.788  render           | Time: 00:00.00 (Saving: 00:00.00)
00:15.789  render           | Rendering frame 358
00:15.789  render           | Executing sequencer
00:15.795  render           | Video append frame 358
00:15.795  render           | Time: 00:00.00 (Saving: 00:00.00)
00:15.795  render           | Rendering frame 359
00:15.796  render           | Executing sequencer
00:15.802  render           | Video append frame 359
00:15.802  render           | Time: 00:00.00 (Saving: 00:00.00)
00:15.802  render           | Rendering frame 360
00:15.802  render           | Executing sequencer
00:15.809  render           | Video append frame 360
00:15.809  render           | Time: 00:00.00 (Saving: 00:00.00)
00:15.809  render           | Rendering frame 361
00:15.809  render           | Executing sequencer
00:15.815  render           | Video append frame 361
00:15.815  render           | Time: 00:00.00 (Saving: 00:00.00)
00:15.815  render           | Rendering frame 362
00:15.816  render           | Executing sequencer
00:15.822  render           | Video append frame 362
00:15.822  render           | Time: 00:00.00 (Saving: 00:00.00)
00:15.822  render           | Rendering frame 363
00:15.823  render           | Executing sequencer
00:15.829  render           | Video append frame 363
00:15.829  render           | Time: 00:00.00 (Saving: 00:00.00)
00:15.829  render           | Rendering frame 364
00:15.830  render           | Executing sequencer
00:15.837  render           | Video append frame 364
00:15.837  render           | Time: 00:00.00 (Saving: 00:00.00)
00:15.837  render           | Rendering frame 365
00:15.837  render           | Executing sequencer
00:15.845  render           | Video append frame 365
00:15.845  render           | Time: 00:00.00 (Saving: 00:00.00)
00:15.845  render           | Rendering frame 366
00:15.846  render           | Executing sequencer
00:15.852  render           | Video append frame 366
00:15.852  render           | Time: 00:00.00 (Saving: 00:00.00)
00:15.852  render           | Rendering frame 367
00:15.852  render           | Executing sequencer
00:15.859  render           | Video append frame 367
00:15.859  render           | Time: 00:00.00 (Saving: 00:00.00)
00:15.859  render           | Rendering frame 368
00:15.860  render           | Executing sequencer
00:15.866  render           | Video append frame 368
00:15.866  render           | Time: 00:00.00 (Saving: 00:00.00)
00:15.866  render           | Rendering frame 369
00:15.866  render           | Executing sequencer
00:15.872  render           | Video append frame 369
00:15.872  render           | Time: 00:00.00 (Saving: 00:00.00)
00:15.872  render           | Rendering frame 370
00:15.873  render           | Executing sequencer
00:15.879  render           | Video append frame 370
00:15.879  render           | Time: 00:00.00 (Saving: 00:00.00)
00:15.879  render           | Rendering frame 371
00:15.880  render           | Executing sequencer
00:15.886  render           | Video append frame 371
00:15.886  render           | Time: 00:00.00 (Saving: 00:00.00)
00:15.886  render           | Rendering frame 372
00:15.887  render           | Executing sequencer
00:15.893  render           | Video append frame 372
00:15.893  render           | Time: 00:00.00 (Saving: 00:00.00)
00:15.893  render           | Rendering frame 373
00:15.894  render           | Executing sequencer
00:15.899  render           | Video append frame 373
00:15.899  render           | Time: 00:00.00 (Saving: 00:00.00)
00:15.899  render           | Rendering frame 374
00:15.900  render           | Executing sequencer
00:15.906  render           | Video append frame 374
00:15.906  render           | Time: 00:00.00 (Saving: 00:00.00)
00:15.906  render           | Rendering frame 375
00:15.907  render           | Executing sequencer
00:15.913  render           | Video append frame 375
00:15.913  render           | Time: 00:00.00 (Saving: 00:00.00)
00:15.913  render           | Rendering frame 376
00:15.913  render           | Executing sequencer
00:15.919  render           | Video append frame 376
00:15.919  render           | Time: 00:00.00 (Saving: 00:00.00)
00:15.920  render           | Rendering frame 377
00:15.920  render           | Executing sequencer
00:15.927  render           | Video append frame 377
00:15.927  render           | Time: 00:00.00 (Saving: 00:00.00)
00:15.927  render           | Rendering frame 378
00:15.927  render           | Executing sequencer
00:15.933  render           | Video append frame 378
00:15.933  render           | Time: 00:00.00 (Saving: 00:00.00)
00:15.933  render           | Rendering frame 379
00:15.934  render           | Executing sequencer
00:15.940  render           | Video append frame 379
00:15.940  render           | Time: 00:00.00 (Saving: 00:00.00)
00:15.940  render           | Rendering frame 380
00:15.941  render           | Executing sequencer
00:15.946  render           | Video append frame 380
00:15.946  render           | Time: 00:00.00 (Saving: 00:00.00)
00:15.946  render           | Rendering frame 381
00:15.947  render           | Executing sequencer
00:15.953  render           | Video append frame 381
00:15.953  render           | Time: 00:00.00 (Saving: 00:00.00)
00:15.953  render           | Rendering frame 382
00:15.954  render           | Executing sequencer
00:15.961  render           | Video append frame 382
00:15.961  render           | Time: 00:00.00 (Saving: 00:00.00)
00:15.961  render           | Rendering frame 383
00:15.961  render           | Executing sequencer
00:15.967  render           | Video append frame 383
00:15.968  render           | Time: 00:00.00 (Saving: 00:00.00)
00:15.968  render           | Rendering frame 384
00:15.968  render           | Executing sequencer
00:15.975  render           | Video append frame 384
00:15.975  render           | Time: 00:00.00 (Saving: 00:00.00)
00:15.975  render           | Rendering frame 385
00:15.975  render           | Executing sequencer
00:15.980  render           | Video append frame 385
00:15.980  render           | Time: 00:00.00 (Saving: 00:00.00)
00:15.980  render           | Rendering frame 386
00:15.980  render           | Executing sequencer
00:15.985  render           | Video append frame 386
00:15.985  render           | Time: 00:00.00 (Saving: 00:00.00)
00:15.985  render           | Rendering frame 387
00:15.986  render           | Executing sequencer
00:15.992  render           | Video append frame 387
00:15.992  render           | Time: 00:00.00 (Saving: 00:00.00)
00:15.992  render           | Rendering frame 388
00:15.992  render           | Executing sequencer
00:15.997  render           | Video append frame 388
00:15.997  render           | Time: 00:00.00 (Saving: 00:00.00)
00:15.997  render           | Rendering frame 389
00:15.997  render           | Executing sequencer
00:16.002  render           | Video append frame 389
00:16.002  render           | Time: 00:00.00 (Saving: 00:00.00)
00:16.002  render           | Rendering frame 390
00:16.003  render           | Executing sequencer
00:16.009  render           | Video append frame 390
00:16.009  render           | Time: 00:00.00 (Saving: 00:00.00)
00:16.009  render           | Rendering frame 391
00:16.010  render           | Executing sequencer
00:16.041  render           | Video append frame 391
00:16.041  render           | Time: 00:00.03 (Saving: 00:00.00)
00:16.041  render           | Rendering frame 392
00:16.042  render           | Executing sequencer
00:16.076  render           | Video append frame 392
00:16.076  render           | Time: 00:00.03 (Saving: 00:00.00)
00:16.076  render           | Rendering frame 393
00:16.077  render           | Executing sequencer
00:16.113  render           | Video append frame 393
00:16.113  render           | Time: 00:00.03 (Saving: 00:00.00)
00:16.113  render           | Rendering frame 394
00:16.114  render           | Executing sequencer
00:16.151  render           | Video append frame 394
00:16.151  render           | Time: 00:00.03 (Saving: 00:00.00)
00:16.151  render           | Rendering frame 395
00:16.151  render           | Executing sequencer
00:16.191  render           | Video append frame 395
00:16.191  render           | Time: 00:00.03 (Saving: 00:00.00)
00:16.191  render           | Rendering frame 396
00:16.192  render           | Executing sequencer
00:16.226  render           | Video append frame 396
00:16.226  render           | Time: 00:00.03 (Saving: 00:00.00)
00:16.226  render           | Rendering frame 397
00:16.227  render           | Executing sequencer
00:16.274  render           | Video append frame 397
00:16.274  render           | Time: 00:00.04 (Saving: 00:00.00)
00:16.274  render           | Rendering frame 398
00:16.274  render           | Executing sequencer
00:16.313  render           | Video append frame 398
00:16.313  render           | Time: 00:00.03 (Saving: 00:00.00)
00:16.313  render           | Rendering frame 399
00:16.314  render           | Executing sequencer
00:16.344  render           | Video append frame 399
00:16.344  render           | Time: 00:00.03 (Saving: 00:00.00)
00:16.344  render           | Rendering frame 400
00:16.345  render           | Executing sequencer
00:16.372  render           | Video append frame 400
00:16.372  render           | Time: 00:00.02 (Saving: 00:00.00)
00:16.372  render           | Rendering frame 401
00:16.373  render           | Executing sequencer
00:16.401  render           | Video append frame 401
00:16.402  render           | Time: 00:00.02 (Saving: 00:00.00)
00:16.402  render           | Rendering frame 402
00:16.402  render           | Executing sequencer
00:16.430  render           | Video append frame 402
00:16.430  render           | Time: 00:00.02 (Saving: 00:00.00)
00:16.430  render           | Rendering frame 403
00:16.431  render           | Executing sequencer
00:16.460  render           | Video append frame 403
00:16.461  render           | Time: 00:00.02 (Saving: 00:00.00)
00:16.461  render           | Rendering frame 404
00:16.461  render           | Executing sequencer
00:16.496  render           | Video append frame 404
00:16.496  render           | Time: 00:00.03 (Saving: 00:00.00)
00:16.496  render           | Rendering frame 405
00:16.497  render           | Executing sequencer
00:16.540  render           | Video append frame 405
00:16.540  render           | Time: 00:00.04 (Saving: 00:00.00)
00:16.540  render           | Rendering frame 406
00:16.540  render           | Executing sequencer
00:16.576  render           | Video append frame 406
00:16.576  render           | Time: 00:00.03 (Saving: 00:00.00)
00:16.576  render           | Rendering frame 407
00:16.576  render           | Executing sequencer
00:16.611  render           | Video append frame 407
00:16.611  render           | Time: 00:00.03 (Saving: 00:00.00)
00:16.611  render           | Rendering frame 408
00:16.612  render           | Executing sequencer
00:16.648  render           | Video append frame 408
00:16.648  render           | Time: 00:00.03 (Saving: 00:00.00)
00:16.648  render           | Rendering frame 409
00:16.649  render           | Executing sequencer
00:16.690  render           | Video append frame 409
00:16.690  render           | Time: 00:00.04 (Saving: 00:00.00)
00:16.690  render           | Rendering frame 410
00:16.691  render           | Executing sequencer
00:16.730  render           | Video append frame 410
00:16.730  render           | Time: 00:00.03 (Saving: 00:00.00)
00:16.730  render           | Rendering frame 411
00:16.731  render           | Executing sequencer
00:16.763  render           | Video append frame 411
00:16.763  render           | Time: 00:00.03 (Saving: 00:00.00)
00:16.763  render           | Rendering frame 412
00:16.763  render           | Executing sequencer
00:16.797  render           | Video append frame 412
00:16.797  render           | Time: 00:00.03 (Saving: 00:00.00)
00:16.797  render           | Rendering frame 413
00:16.797  render           | Executing sequencer
00:16.834  render           | Video append frame 413
00:16.834  render           | Time: 00:00.03 (Saving: 00:00.00)
00:16.834  render           | Rendering frame 414
00:16.834  render           | Executing sequencer
00:16.877  render           | Video append frame 414
00:16.877  render           | Time: 00:00.04 (Saving: 00:00.00)
00:16.877  render           | Rendering frame 415
00:16.878  render           | Executing sequencer
00:16.927  render           | Video append frame 415
00:16.927  render           | Time: 00:00.04 (Saving: 00:00.00)
00:16.927  render           | Rendering frame 416
00:16.928  render           | Executing sequencer
00:16.974  render           | Video append frame 416
00:16.974  render           | Time: 00:00.04 (Saving: 00:00.00)
00:16.974  render           | Rendering frame 417
00:16.975  render           | Executing sequencer
00:17.017  render           | Video append frame 417
00:17.017  render           | Time: 00:00.04 (Saving: 00:00.00)
00:17.017  render           | Rendering frame 418
00:17.017  render           | Executing sequencer
00:17.060  render           | Video append frame 418
00:17.060  render           | Time: 00:00.04 (Saving: 00:00.00)
00:17.060  render           | Rendering frame 419
00:17.061  render           | Executing sequencer
00:17.098  render           | Video append frame 419
00:17.098  render           | Time: 00:00.03 (Saving: 00:00.00)
00:17.098  render           | Rendering frame 420
00:17.099  render           | Executing sequencer
00:17.144  render           | Video append frame 420
00:17.144  render           | Time: 00:00.04 (Saving: 00:00.00)
00:17.144  render           | Rendering frame 421
00:17.146  render           | Executing sequencer
00:17.186  render           | Video append frame 421
00:17.186  render           | Time: 00:00.03 (Saving: 00:00.00)
00:17.186  render           | Rendering frame 422
00:17.187  render           | Executing sequencer
00:17.225  render           | Video append frame 422
00:17.225  render           | Time: 00:00.03 (Saving: 00:00.00)
00:17.225  render           | Rendering frame 423
00:17.226  render           | Executing sequencer
00:17.266  render           | Video append frame 423
00:17.267  render           | Time: 00:00.04 (Saving: 00:00.00)
00:17.267  render           | Rendering frame 424
00:17.267  render           | Executing sequencer
00:17.307  render           | Video append frame 424
00:17.307  render           | Time: 00:00.03 (Saving: 00:00.00)
00:17.307  render           | Rendering frame 425
00:17.308  render           | Executing sequencer
00:17.346  render           | Video append frame 425
00:17.346  render           | Time: 00:00.03 (Saving: 00:00.00)
00:17.346  render           | Rendering frame 426
00:17.347  render           | Executing sequencer
00:17.393  render           | Video append frame 426
00:17.393  render           | Time: 00:00.04 (Saving: 00:00.00)
00:17.393  render           | Rendering frame 427
00:17.394  render           | Executing sequencer
00:17.440  render           | Video append frame 427
00:17.440  render           | Time: 00:00.04 (Saving: 00:00.00)
00:17.440  render           | Rendering frame 428
00:17.440  render           | Executing sequencer
00:17.488  render           | Video append frame 428
00:17.488  render           | Time: 00:00.04 (Saving: 00:00.00)
00:17.488  render           | Rendering frame 429
00:17.489  render           | Executing sequencer
00:17.537  render           | Video append frame 429
00:17.537  render           | Time: 00:00.04 (Saving: 00:00.00)
00:17.537  render           | Rendering frame 430
00:17.538  render           | Executing sequencer
00:17.585  render           | Video append frame 430
00:17.585  render           | Time: 00:00.04 (Saving: 00:00.00)
00:17.585  render           | Rendering frame 431
00:17.586  render           | Executing sequencer
00:17.657  render           | Video append frame 431
00:17.657  render           | Time: 00:00.07 (Saving: 00:00.01)
00:17.657  render           | Rendering frame 432
00:17.658  render           | Executing sequencer
00:17.725  render           | Video append frame 432
00:17.725  render           | Time: 00:00.06 (Saving: 00:00.00)
00:17.725  render           | Rendering frame 433
00:17.725  render           | Executing sequencer
00:17.773  render           | Video append frame 433
00:17.773  render           | Time: 00:00.04 (Saving: 00:00.00)
00:17.773  render           | Rendering frame 434
00:17.773  render           | Executing sequencer
00:17.817  render           | Video append frame 434
00:17.817  render           | Time: 00:00.04 (Saving: 00:00.00)
00:17.817  render           | Rendering frame 435
00:17.818  render           | Executing sequencer
00:17.858  render           | Video append frame 435
00:17.858  render           | Time: 00:00.04 (Saving: 00:00.00)
00:17.858  render           | Rendering frame 436
00:17.859  render           | Executing sequencer
00:17.901  render           | Video append frame 436
00:17.901  render           | Time: 00:00.04 (Saving: 00:00.00)
00:17.901  render           | Rendering frame 437
00:17.902  render           | Executing sequencer
00:17.939  render           | Video append frame 437
00:17.939  render           | Time: 00:00.03 (Saving: 00:00.00)
00:17.939  render           | Rendering frame 438
00:17.940  render           | Executing sequencer
00:17.982  render           | Video append frame 438
00:17.982  render           | Time: 00:00.04 (Saving: 00:00.00)
00:17.982  render           | Rendering frame 439
00:17.983  render           | Executing sequencer
00:18.038  render           | Video append frame 439
00:18.039  render           | Time: 00:00.05 (Saving: 00:00.00)
00:18.040  render           | Rendering frame 440
00:18.041  render           | Executing sequencer
00:18.085  render           | Video append frame 440
00:18.085  render           | Time: 00:00.04 (Saving: 00:00.00)
00:18.085  render           | Rendering frame 441
00:18.086  render           | Executing sequencer
00:18.134  render           | Video append frame 441
00:18.134  render           | Time: 00:00.04 (Saving: 00:00.00)
00:18.134  render           | Rendering frame 442
00:18.135  render           | Executing sequencer
00:18.186  render           | Video append frame 442
00:18.186  render           | Time: 00:00.05 (Saving: 00:00.00)
00:18.186  render           | Rendering frame 443
00:18.186  render           | Executing sequencer
00:18.236  render           | Video append frame 443
00:18.236  render           | Time: 00:00.05 (Saving: 00:00.00)
00:18.236  render           | Rendering frame 444
00:18.238  render           | Executing sequencer
00:18.369  render           | Video append frame 444
00:18.369  render           | Time: 00:00.13 (Saving: 00:00.01)
00:18.369  render           | Rendering frame 445
00:18.372  render           | Executing sequencer
00:18.614  render           | Video append frame 445
00:18.617  render           | Time: 00:00.24 (Saving: 00:00.02)
00:18.620  render           | Rendering frame 446
00:18.625  render           | Executing sequencer
00:18.747  render           | Video append frame 446
00:18.747  render           | Time: 00:00.12 (Saving: 00:00.01)
00:18.747  render           | Rendering frame 447
00:18.750  render           | Executing sequencer
00:18.870  render           | Video append frame 447
00:18.870  render           | Time: 00:00.11 (Saving: 00:00.01)
00:18.870  render           | Rendering frame 448
00:18.871  render           | Executing sequencer
00:19.056  render           | Video append frame 448
00:19.056  render           | Time: 00:00.18 (Saving: 00:00.10)
00:19.056  render           | Rendering frame 449
00:19.056  render           | Executing sequencer
00:19.106  render           | Video append frame 449
00:19.106  render           | Time: 00:00.04 (Saving: 00:00.00)
00:19.106  render           | Rendering frame 450
00:19.107  render           | Executing sequencer
00:19.154  render           | Video append frame 450
00:19.154  render           | Time: 00:00.04 (Saving: 00:00.00)
00:19.154  render           | Rendering frame 451
00:19.155  render           | Executing sequencer
00:19.231  render           | Video append frame 451
00:19.231  render           | Time: 00:00.07 (Saving: 00:00.00)
00:19.231  render           | Rendering frame 452
00:19.232  render           | Executing sequencer
00:19.275  render           | Video append frame 452
00:19.275  render           | Time: 00:00.04 (Saving: 00:00.00)
00:19.275  render           | Rendering frame 453
00:19.276  render           | Executing sequencer
00:19.315  render           | Video append frame 453
00:19.315  render           | Time: 00:00.03 (Saving: 00:00.00)
00:19.315  render           | Rendering frame 454
00:19.316  render           | Executing sequencer
00:19.371  render           | Video append frame 454
00:19.371  render           | Time: 00:00.05 (Saving: 00:00.00)
00:19.371  render           | Rendering frame 455
00:19.372  render           | Executing sequencer
00:19.415  render           | Video append frame 455
00:19.416  render           | Time: 00:00.04 (Saving: 00:00.00)
00:19.416  render           | Rendering frame 456
00:19.417  render           | Executing sequencer
00:19.474  render           | Video append frame 456
00:19.474  render           | Time: 00:00.05 (Saving: 00:00.00)
00:19.474  render           | Rendering frame 457
00:19.475  render           | Executing sequencer
00:19.529  render           | Video append frame 457
00:19.529  render           | Time: 00:00.05 (Saving: 00:00.00)
00:19.529  render           | Rendering frame 458
00:19.530  render           | Executing sequencer
00:19.578  render           | Video append frame 458
00:19.578  render           | Time: 00:00.04 (Saving: 00:00.00)
00:19.578  render           | Rendering frame 459
00:19.578  render           | Executing sequencer
00:19.623  render           | Video append frame 459
00:19.623  render           | Time: 00:00.04 (Saving: 00:00.00)
00:19.623  render           | Rendering frame 460
00:19.624  render           | Executing sequencer
00:19.680  render           | Video append frame 460
00:19.681  render           | Time: 00:00.05 (Saving: 00:00.00)
00:19.681  render           | Rendering frame 461
00:19.681  render           | Executing sequencer
00:19.744  render           | Video append frame 461
00:19.744  render           | Time: 00:00.06 (Saving: 00:00.00)
00:19.744  render           | Rendering frame 462
00:19.745  render           | Executing sequencer
00:19.801  render           | Video append frame 462
00:19.801  render           | Time: 00:00.05 (Saving: 00:00.00)
00:19.801  render           | Rendering frame 463
00:19.802  render           | Executing sequencer
00:19.852  render           | Video append frame 463
00:19.852  render           | Time: 00:00.04 (Saving: 00:00.00)
00:19.852  render           | Rendering frame 464
00:19.853  render           | Executing sequencer
00:19.902  render           | Video append frame 464
00:19.902  render           | Time: 00:00.04 (Saving: 00:00.00)
00:19.902  render           | Rendering frame 465
00:19.903  render           | Executing sequencer
00:19.948  render           | Video append frame 465
00:19.948  render           | Time: 00:00.04 (Saving: 00:00.00)
00:19.950  render           | Rendering frame 466
00:19.951  render           | Executing sequencer
00:19.998  render           | Video append frame 466
00:19.998  render           | Time: 00:00.04 (Saving: 00:00.00)
00:19.998  render           | Rendering frame 467
00:19.999  render           | Executing sequencer
00:20.040  render           | Video append frame 467
00:20.040  render           | Time: 00:00.04 (Saving: 00:00.00)
00:20.040  render           | Rendering frame 468
00:20.041  render           | Executing sequencer
00:20.081  render           | Video append frame 468
00:20.081  render           | Time: 00:00.04 (Saving: 00:00.00)
00:20.081  render           | Rendering frame 469
00:20.082  render           | Executing sequencer
00:20.127  render           | Video append frame 469
00:20.127  render           | Time: 00:00.04 (Saving: 00:00.00)
00:20.127  render           | Rendering frame 470
00:20.128  render           | Executing sequencer
00:20.189  render           | Video append frame 470
00:20.189  render           | Time: 00:00.06 (Saving: 00:00.00)
00:20.189  render           | Rendering frame 471
00:20.190  render           | Executing sequencer
00:20.251  render           | Video append frame 471
00:20.252  render           | Time: 00:00.06 (Saving: 00:00.00)
00:20.252  render           | Rendering frame 472
00:20.254  render           | Executing sequencer
00:20.327  render           | Video append frame 472
00:20.327  render           | Time: 00:00.07 (Saving: 00:00.00)
00:20.328  render           | Rendering frame 473
00:20.328  render           | Executing sequencer
00:20.418  render           | Video append frame 473
00:20.418  render           | Time: 00:00.08 (Saving: 00:00.00)
00:20.418  render           | Rendering frame 474
00:20.420  render           | Executing sequencer
00:20.510  render           | Video append frame 474
00:20.510  render           | Time: 00:00.09 (Saving: 00:00.01)
00:20.510  render           | Rendering frame 475
00:20.511  render           | Executing sequencer
00:20.607  render           | Video append frame 475
00:20.608  render           | Time: 00:00.09 (Saving: 00:00.02)
00:20.608  render           | Rendering frame 476
00:20.610  render           | Executing sequencer
00:20.667  render           | Video append frame 476
00:20.668  render           | Time: 00:00.05 (Saving: 00:00.00)
00:20.668  render           | Rendering frame 477
00:20.669  render           | Executing sequencer
00:20.735  render           | Video append frame 477
00:20.735  render           | Time: 00:00.06 (Saving: 00:00.01)
00:20.735  render           | Rendering frame 478
00:20.736  render           | Executing sequencer
00:20.793  render           | Video append frame 478
00:20.793  render           | Time: 00:00.05 (Saving: 00:00.01)
00:20.793  render           | Rendering frame 479
00:20.794  render           | Executing sequencer
00:20.840  render           | Video append frame 479
00:20.840  render           | Time: 00:00.04 (Saving: 00:00.00)
00:20.840  render           | Rendering frame 480
00:20.841  render           | Executing sequencer
00:20.884  render           | Video append frame 480
00:20.884  render           | Time: 00:00.04 (Saving: 00:00.00)
00:20.884  render           | Rendering frame 481
00:20.885  render           | Executing sequencer
00:20.930  render           | Video append frame 481
00:20.934  render           | Time: 00:00.04 (Saving: 00:00.01)
00:20.934  render           | Rendering frame 482
00:20.935  render           | Executing sequencer
00:20.987  render           | Video append frame 482
00:20.987  render           | Time: 00:00.05 (Saving: 00:00.00)
00:20.987  render           | Rendering frame 483
00:20.988  render           | Executing sequencer
00:21.031  render           | Video append frame 483
00:21.032  render           | Time: 00:00.04 (Saving: 00:00.00)
00:21.032  render           | Rendering frame 484
00:21.032  render           | Executing sequencer
00:21.076  render           | Video append frame 484
00:21.077  render           | Time: 00:00.04 (Saving: 00:00.00)
00:21.077  render           | Rendering frame 485
00:21.077  render           | Executing sequencer
00:21.140  render           | Video append frame 485
00:21.141  render           | Time: 00:00.06 (Saving: 00:00.00)
00:21.141  render           | Rendering frame 486
00:21.142  render           | Executing sequencer
00:21.205  render           | Video append frame 486
00:21.205  render           | Time: 00:00.06 (Saving: 00:00.01)
00:21.205  render           | Rendering frame 487
00:21.206  render           | Executing sequencer
00:21.298  render           | Video append frame 487
00:21.298  render           | Time: 00:00.09 (Saving: 00:00.01)
00:21.298  render           | Rendering frame 488
00:21.299  render           | Executing sequencer
00:21.364  render           | Video append frame 488
00:21.365  render           | Time: 00:00.06 (Saving: 00:00.00)
00:21.365  render           | Rendering frame 489
00:21.366  render           | Executing sequencer
00:21.445  render           | Video append frame 489
00:21.445  render           | Time: 00:00.07 (Saving: 00:00.00)
00:21.445  render           | Rendering frame 490
00:21.446  render           | Executing sequencer
00:21.503  render           | Video append frame 490
00:21.503  render           | Time: 00:00.05 (Saving: 00:00.00)
00:21.504  render           | Rendering frame 491
00:21.505  render           | Executing sequencer
00:21.731  render           | Video append frame 491
00:21.731  render           | Time: 00:00.22 (Saving: 00:00.01)
00:21.734  render           | Rendering frame 492
00:21.759  render           | Executing sequencer
00:21.880  render           | Video append frame 492
00:21.880  render           | Time: 00:00.12 (Saving: 00:00.01)
00:21.880  render           | Rendering frame 493
00:21.881  render           | Executing sequencer
00:21.961  render           | Video append frame 493
00:21.961  render           | Time: 00:00.08 (Saving: 00:00.01)
00:21.961  render           | Rendering frame 494
00:21.962  render           | Executing sequencer
00:22.034  render           | Video append frame 494
00:22.034  render           | Time: 00:00.07 (Saving: 00:00.00)
00:22.035  render           | Rendering frame 495
00:22.037  render           | Executing sequencer
00:22.105  render           | Video append frame 495
00:22.105  render           | Time: 00:00.06 (Saving: 00:00.00)
00:22.105  render           | Rendering frame 496
00:22.107  render           | Executing sequencer
00:22.199  render           | Video append frame 496
00:22.199  render           | Time: 00:00.09 (Saving: 00:00.00)
00:22.199  render           | Rendering frame 497
00:22.200  render           | Executing sequencer
00:22.271  render           | Video append frame 497
00:22.271  render           | Time: 00:00.07 (Saving: 00:00.00)
00:22.271  render           | Rendering frame 498
00:22.272  render           | Executing sequencer
00:22.359  render           | Video append frame 498
00:22.359  render           | Time: 00:00.08 (Saving: 00:00.00)
00:22.359  render           | Rendering frame 499
00:22.360  render           | Executing sequencer
00:22.483  render           | Video append frame 499
00:22.483  render           | Time: 00:00.12 (Saving: 00:00.00)
00:22.483  render           | Rendering frame 500
00:22.484  render           | Executing sequencer
00:22.552  render           | Video append frame 500
00:22.552  render           | Time: 00:00.06 (Saving: 00:00.01)
00:22.552  render           | Rendering frame 501
00:22.553  render           | Executing sequencer
00:22.626  render           | Video append frame 501
00:22.626  render           | Time: 00:00.07 (Saving: 00:00.00)
00:22.626  render           | Rendering frame 502
00:22.627  render           | Executing sequencer
00:22.691  render           | Video append frame 502
00:22.691  render           | Time: 00:00.06 (Saving: 00:00.00)
00:22.691  render           | Rendering frame 503
00:22.693  render           | Executing sequencer
00:22.751  render           | Video append frame 503
00:22.751  render           | Time: 00:00.05 (Saving: 00:00.00)
00:22.751  render           | Rendering frame 504
00:22.752  render           | Executing sequencer
00:22.805  render           | Video append frame 504
00:22.805  render           | Time: 00:00.05 (Saving: 00:00.00)
00:22.805  render           | Rendering frame 505
00:22.806  render           | Executing sequencer
00:22.858  render           | Video append frame 505
00:22.858  render           | Time: 00:00.05 (Saving: 00:00.00)
00:22.858  render           | Rendering frame 506
00:22.859  render           | Executing sequencer
00:22.917  render           | Video append frame 506
00:22.917  render           | Time: 00:00.05 (Saving: 00:00.00)
00:22.917  render           | Rendering frame 507
00:22.918  render           | Executing sequencer
00:22.971  render           | Video append frame 507
00:22.973  render           | Time: 00:00.05 (Saving: 00:00.01)
00:22.974  render           | Rendering frame 508
00:22.975  render           | Executing sequencer
00:22.999  render           | Video append frame 508
00:23.000  render           | Time: 00:00.02 (Saving: 00:00.00)
00:23.000  render           | Rendering frame 509
00:23.001  render           | Executing sequencer
00:23.017  render           | Video append frame 509
00:23.017  render           | Time: 00:00.01 (Saving: 00:00.00)
00:23.017  render           | Rendering frame 510
00:23.018  render           | Executing sequencer
00:23.040  render           | Video append frame 510
00:23.040  render           | Time: 00:00.02 (Saving: 00:00.00)
00:23.040  render           | Rendering frame 511
00:23.041  render           | Executing sequencer
00:23.118  render           | Video append frame 511
00:23.119  render           | Time: 00:00.07 (Saving: 00:00.00)
00:23.119  render           | Rendering frame 512
00:23.120  render           | Executing sequencer
00:23.146  render           | Video append frame 512
00:23.146  render           | Time: 00:00.02 (Saving: 00:00.00)
00:23.146  render           | Rendering frame 513
00:23.147  render           | Executing sequencer
00:23.175  render           | Video append frame 513
00:23.175  render           | Time: 00:00.02 (Saving: 00:00.00)
00:23.175  render           | Rendering frame 514
00:23.176  render           | Executing sequencer
00:23.197  render           | Video append frame 514
00:23.197  render           | Time: 00:00.02 (Saving: 00:00.00)
00:23.197  render           | Rendering frame 515
00:23.198  render           | Executing sequencer
00:23.252  render           | Video append frame 515
00:23.252  render           | Time: 00:00.05 (Saving: 00:00.00)
00:23.252  render           | Rendering frame 516
00:23.253  render           | Executing sequencer
00:23.300  render           | Video append frame 516
00:23.300  render           | Time: 00:00.04 (Saving: 00:00.00)
00:23.300  render           | Rendering frame 517
00:23.301  render           | Executing sequencer
00:23.346  render           | Video append frame 517
00:23.348  render           | Time: 00:00.04 (Saving: 00:00.00)
00:23.348  render           | Rendering frame 518
00:23.349  render           | Executing sequencer
00:23.398  render           | Video append frame 518
00:23.398  render           | Time: 00:00.04 (Saving: 00:00.01)
00:23.398  render           | Rendering frame 519
00:23.398  render           | Executing sequencer
00:23.438  render           | Video append frame 519
00:23.438  render           | Time: 00:00.03 (Saving: 00:00.00)
00:23.438  render           | Rendering frame 520
00:23.439  render           | Executing sequencer
00:23.477  render           | Video append frame 520
00:23.477  render           | Time: 00:00.03 (Saving: 00:00.00)
00:23.477  render           | Rendering frame 521
00:23.478  render           | Executing sequencer
00:23.526  render           | Video append frame 521
00:23.527  render           | Time: 00:00.04 (Saving: 00:00.01)
00:23.527  render           | Rendering frame 522
00:23.528  render           | Executing sequencer
00:23.591  render           | Video append frame 522
00:23.591  render           | Time: 00:00.06 (Saving: 00:00.01)
00:23.591  render           | Rendering frame 523
00:23.592  render           | Executing sequencer
00:23.635  render           | Video append frame 523
00:23.636  render           | Time: 00:00.04 (Saving: 00:00.01)
00:23.636  render           | Rendering frame 524
00:23.636  render           | Executing sequencer
00:23.708  render           | Video append frame 524
00:23.708  render           | Time: 00:00.07 (Saving: 00:00.01)
00:23.708  render           | Rendering frame 525
00:23.709  render           | Executing sequencer
00:23.747  render           | Video append frame 525
00:23.747  render           | Time: 00:00.03 (Saving: 00:00.00)
00:23.747  render           | Rendering frame 526
00:23.748  render           | Executing sequencer
00:23.791  render           | Video append frame 526
00:23.791  render           | Time: 00:00.04 (Saving: 00:00.01)
00:23.791  render           | Rendering frame 527
00:23.792  render           | Executing sequencer
00:23.826  render           | Video append frame 527
00:23.826  render           | Time: 00:00.03 (Saving: 00:00.00)
00:23.826  render           | Rendering frame 528
00:23.827  render           | Executing sequencer
00:23.867  render           | Video append frame 528
00:23.867  render           | Time: 00:00.04 (Saving: 00:00.01)
00:23.867  render           | Rendering frame 529
00:23.869  render           | Executing sequencer
00:23.925  render           | Video append frame 529
00:23.925  render           | Time: 00:00.05 (Saving: 00:00.00)
00:23.925  render           | Rendering frame 530
00:23.926  render           | Executing sequencer
00:23.968  render           | Video append frame 530
00:23.968  render           | Time: 00:00.04 (Saving: 00:00.01)
00:23.968  render           | Rendering frame 531
00:23.969  render           | Executing sequencer
00:24.004  render           | Video append frame 531
00:24.004  render           | Time: 00:00.03 (Saving: 00:00.00)
00:24.004  render           | Rendering frame 532
00:24.005  render           | Executing sequencer
00:24.039  render           | Video append frame 532
00:24.039  render           | Time: 00:00.03 (Saving: 00:00.00)
00:24.039  render           | Rendering frame 533
00:24.040  render           | Executing sequencer
00:24.083  render           | Video append frame 533
00:24.083  render           | Time: 00:00.04 (Saving: 00:00.00)
00:24.083  render           | Rendering frame 534
00:24.086  render           | Executing sequencer
00:24.120  render           | Video append frame 534
00:24.120  render           | Time: 00:00.03 (Saving: 00:00.01)
00:24.120  render           | Rendering frame 535
00:24.121  render           | Executing sequencer
00:24.160  render           | Video append frame 535
00:24.160  render           | Time: 00:00.03 (Saving: 00:00.00)
00:24.160  render           | Rendering frame 536
00:24.163  render           | Executing sequencer
00:24.200  render           | Video append frame 536
00:24.201  render           | Time: 00:00.03 (Saving: 00:00.00)
00:24.201  render           | Rendering frame 537
00:24.201  render           | Executing sequencer
00:24.237  render           | Video append frame 537
00:24.237  render           | Time: 00:00.03 (Saving: 00:00.00)
00:24.237  render           | Rendering frame 538
00:24.238  render           | Executing sequencer
00:24.278  render           | Video append frame 538
00:24.278  render           | Time: 00:00.04 (Saving: 00:00.00)
00:24.278  render           | Rendering frame 539
00:24.279  render           | Executing sequencer
00:24.316  render           | Video append frame 539
00:24.316  render           | Time: 00:00.03 (Saving: 00:00.00)
00:24.316  render           | Rendering frame 540
00:24.317  render           | Executing sequencer
00:24.348  render           | Video append frame 540
00:24.348  render           | Time: 00:00.03 (Saving: 00:00.00)
00:24.348  render           | Rendering frame 541
00:24.350  render           | Executing sequencer
00:24.440  render           | Video append frame 541
00:24.440  render           | Time: 00:00.09 (Saving: 00:00.01)
00:24.440  render           | Rendering frame 542
00:24.441  render           | Executing sequencer
00:24.474  render           | Video append frame 542
00:24.474  render           | Time: 00:00.03 (Saving: 00:00.00)
00:24.474  render           | Rendering frame 543
00:24.475  render           | Executing sequencer
00:24.518  render           | Video append frame 543
00:24.519  render           | Time: 00:00.04 (Saving: 00:00.00)
00:24.519  render           | Rendering frame 544
00:24.519  render           | Executing sequencer
00:24.563  render           | Video append frame 544
00:24.563  render           | Time: 00:00.04 (Saving: 00:00.00)
00:24.563  render           | Rendering frame 545
00:24.564  render           | Executing sequencer
00:24.597  render           | Video append frame 545
00:24.597  render           | Time: 00:00.03 (Saving: 00:00.00)
00:24.598  render           | Rendering frame 546
00:24.598  render           | Executing sequencer
00:24.637  render           | Video append frame 546
00:24.638  render           | Time: 00:00.03 (Saving: 00:00.00)
00:24.638  render           | Rendering frame 547
00:24.638  render           | Executing sequencer
00:24.675  render           | Video append frame 547
00:24.675  render           | Time: 00:00.03 (Saving: 00:00.00)
00:24.675  render           | Rendering frame 548
00:24.676  render           | Executing sequencer
00:24.705  render           | Video append frame 548
00:24.705  render           | Time: 00:00.02 (Saving: 00:00.00)
00:24.705  render           | Rendering frame 549
00:24.706  render           | Executing sequencer
00:24.734  render           | Video append frame 549
00:24.734  render           | Time: 00:00.02 (Saving: 00:00.00)
00:24.734  render           | Rendering frame 550
00:24.735  render           | Executing sequencer
00:24.763  render           | Video append frame 550
00:24.763  render           | Time: 00:00.02 (Saving: 00:00.00)
00:24.763  render           | Rendering frame 551
00:24.764  render           | Executing sequencer
00:24.778  render           | Video append frame 551
00:24.778  render           | Time: 00:00.01 (Saving: 00:00.00)
00:24.778  render           | Rendering frame 552
00:24.780  render           | Executing sequencer
00:24.798  render           | Video append frame 552
00:24.798  render           | Time: 00:00.01 (Saving: 00:00.00)
00:24.798  render           | Rendering frame 553
00:24.798  render           | Executing sequencer
00:24.818  render           | Video append frame 553
00:24.818  render           | Time: 00:00.01 (Saving: 00:00.00)
00:24.818  render           | Rendering frame 554
00:24.819  render           | Executing sequencer
00:24.862  render           | Video append frame 554
00:24.862  render           | Time: 00:00.04 (Saving: 00:00.00)
00:24.862  render           | Rendering frame 555
00:24.863  render           | Executing sequencer
00:24.909  render           | Video append frame 555
00:24.910  render           | Time: 00:00.04 (Saving: 00:00.00)
00:24.910  render           | Rendering frame 556
00:24.910  render           | Executing sequencer
00:24.947  render           | Video append frame 556
00:24.947  render           | Time: 00:00.03 (Saving: 00:00.00)
00:24.947  render           | Rendering frame 557
00:24.948  render           | Executing sequencer
00:24.990  render           | Video append frame 557
00:24.990  render           | Time: 00:00.04 (Saving: 00:00.00)
00:24.990  render           | Rendering frame 558
00:24.991  render           | Executing sequencer
00:25.019  render           | Video append frame 558
00:25.019  render           | Time: 00:00.02 (Saving: 00:00.00)
00:25.019  render           | Rendering frame 559
00:25.019  render           | Executing sequencer
00:25.050  render           | Video append frame 559
00:25.050  render           | Time: 00:00.03 (Saving: 00:00.00)
00:25.050  render           | Rendering frame 560
00:25.051  render           | Executing sequencer
00:25.084  render           | Video append frame 560
00:25.084  render           | Time: 00:00.03 (Saving: 00:00.00)
00:25.084  render           | Rendering frame 561
00:25.084  render           | Executing sequencer
00:25.126  render           | Video append frame 561
00:25.126  render           | Time: 00:00.04 (Saving: 00:00.00)
00:25.126  render           | Rendering frame 562
00:25.126  render           | Executing sequencer
00:25.171  render           | Video append frame 562
00:25.171  render           | Time: 00:00.04 (Saving: 00:00.01)
00:25.171  render           | Rendering frame 563
00:25.171  render           | Executing sequencer
00:25.201  render           | Video append frame 563
00:25.201  render           | Time: 00:00.02 (Saving: 00:00.00)
00:25.201  render           | Rendering frame 564
00:25.201  render           | Executing sequencer
00:25.236  render           | Video append frame 564
00:25.236  render           | Time: 00:00.03 (Saving: 00:00.00)
00:25.236  render           | Rendering frame 565
00:25.238  render           | Executing sequencer
00:25.281  render           | Video append frame 565
00:25.281  render           | Time: 00:00.04 (Saving: 00:00.00)
00:25.281  render           | Rendering frame 566
00:25.282  render           | Executing sequencer
00:25.313  render           | Video append frame 566
00:25.313  render           | Time: 00:00.03 (Saving: 00:00.00)
00:25.313  render           | Rendering frame 567
00:25.313  render           | Executing sequencer
00:25.361  render           | Video append frame 567
00:25.361  render           | Time: 00:00.04 (Saving: 00:00.00)
00:25.361  render           | Rendering frame 568
00:25.362  render           | Executing sequencer
00:25.425  render           | Video append frame 568
00:25.425  render           | Time: 00:00.06 (Saving: 00:00.00)
00:25.425  render           | Rendering frame 569
00:25.426  render           | Executing sequencer
00:25.457  render           | Video append frame 569
00:25.457  render           | Time: 00:00.03 (Saving: 00:00.00)
00:25.457  render           | Rendering frame 570
00:25.458  render           | Executing sequencer
00:25.488  render           | Video append frame 570
00:25.488  render           | Time: 00:00.03 (Saving: 00:00.00)
00:25.488  render           | Rendering frame 571
00:25.489  render           | Executing sequencer
00:25.565  render           | Video append frame 571
00:25.565  render           | Time: 00:00.07 (Saving: 00:00.00)
00:25.565  render           | Rendering frame 572
00:25.566  render           | Executing sequencer
00:25.591  render           | Video append frame 572
00:25.591  render           | Time: 00:00.02 (Saving: 00:00.00)
00:25.591  render           | Rendering frame 573
00:25.592  render           | Executing sequencer
00:25.618  render           | Video append frame 573
00:25.618  render           | Time: 00:00.02 (Saving: 00:00.00)
00:25.618  render           | Rendering frame 574
00:25.619  render           | Executing sequencer
00:25.650  render           | Video append frame 574
00:25.650  render           | Time: 00:00.03 (Saving: 00:00.00)
00:25.650  render           | Rendering frame 575
00:25.652  render           | Executing sequencer
00:25.698  render           | Video append frame 575
00:25.698  render           | Time: 00:00.04 (Saving: 00:00.00)
00:25.698  render           | Rendering frame 576
00:25.699  render           | Executing sequencer
00:25.732  render           | Video append frame 576
00:25.732  render           | Time: 00:00.03 (Saving: 00:00.00)
00:25.732  render           | Rendering frame 577
00:25.732  render           | Executing sequencer
00:25.767  render           | Video append frame 577
00:25.767  render           | Time: 00:00.03 (Saving: 00:00.00)
00:25.767  render           | Rendering frame 578
00:25.768  render           | Executing sequencer
00:25.798  render           | Video append frame 578
00:25.799  render           | Time: 00:00.03 (Saving: 00:00.00)
00:25.799  render           | Rendering frame 579
00:25.799  render           | Executing sequencer
00:25.828  render           | Video append frame 579
00:25.828  render           | Time: 00:00.02 (Saving: 00:00.00)
00:25.828  render           | Rendering frame 580
00:25.829  render           | Executing sequencer
00:25.861  render           | Video append frame 580
00:25.861  render           | Time: 00:00.03 (Saving: 00:00.00)
00:25.861  render           | Rendering frame 581
00:25.862  render           | Executing sequencer
00:25.879  render           | Video append frame 581
00:25.879  render           | Time: 00:00.01 (Saving: 00:00.00)
00:25.879  render           | Rendering frame 582
00:25.879  render           | Executing sequencer
00:25.897  render           | Video append frame 582
00:25.897  render           | Time: 00:00.01 (Saving: 00:00.00)
00:25.897  render           | Rendering frame 583
00:25.898  render           | Executing sequencer
00:25.916  render           | Video append frame 583
00:25.916  render           | Time: 00:00.01 (Saving: 00:00.00)
00:25.916  render           | Rendering frame 584
00:25.917  render           | Executing sequencer
00:25.965  render           | Video append frame 584
00:25.965  render           | Time: 00:00.04 (Saving: 00:00.00)
00:25.965  render           | Rendering frame 585
00:25.966  render           | Executing sequencer
00:26.016  render           | Video append frame 585
00:26.016  render           | Time: 00:00.04 (Saving: 00:00.00)
00:26.016  render           | Rendering frame 586
00:26.016  render           | Executing sequencer
00:26.062  render           | Video append frame 586
00:26.062  render           | Time: 00:00.04 (Saving: 00:00.00)
00:26.062  render           | Rendering frame 587
00:26.063  render           | Executing sequencer
00:26.107  render           | Video append frame 587
00:26.107  render           | Time: 00:00.04 (Saving: 00:00.00)
00:26.107  render           | Rendering frame 588
00:26.108  render           | Executing sequencer
00:26.151  render           | Video append frame 588
00:26.151  render           | Time: 00:00.04 (Saving: 00:00.00)
00:26.151  render           | Rendering frame 589
00:26.152  render           | Executing sequencer
00:26.195  render           | Video append frame 589
00:26.196  render           | Time: 00:00.04 (Saving: 00:00.00)
00:26.196  render           | Rendering frame 590
00:26.196  render           | Executing sequencer
00:26.249  render           | Video append frame 590
00:26.249  render           | Time: 00:00.05 (Saving: 00:00.00)
00:26.249  render           | Rendering frame 591
00:26.250  render           | Executing sequencer
00:26.292  render           | Video append frame 591
00:26.292  render           | Time: 00:00.04 (Saving: 00:00.00)
00:26.292  render           | Rendering frame 592
00:26.293  render           | Executing sequencer
00:26.399  render           | Video append frame 592
00:26.399  render           | Time: 00:00.10 (Saving: 00:00.00)
00:26.399  render           | Rendering frame 593
00:26.399  render           | Executing sequencer
00:26.436  render           | Video append frame 593
00:26.436  render           | Time: 00:00.03 (Saving: 00:00.00)
00:26.436  render           | Rendering frame 594
00:26.437  render           | Executing sequencer
00:26.474  render           | Video append frame 594
00:26.474  render           | Time: 00:00.03 (Saving: 00:00.00)
00:26.474  render           | Rendering frame 595
00:26.474  render           | Executing sequencer
00:26.512  render           | Video append frame 595
00:26.512  render           | Time: 00:00.03 (Saving: 00:00.00)
00:26.512  render           | Rendering frame 596
00:26.513  render           | Executing sequencer
00:26.550  render           | Video append frame 596
00:26.550  render           | Time: 00:00.03 (Saving: 00:00.00)
00:26.550  render           | Rendering frame 597
00:26.551  render           | Executing sequencer
00:26.593  render           | Video append frame 597
00:26.593  render           | Time: 00:00.04 (Saving: 00:00.00)
00:26.593  render           | Rendering frame 598
00:26.594  render           | Executing sequencer
00:26.636  render           | Video append frame 598
00:26.636  render           | Time: 00:00.04 (Saving: 00:00.00)
00:26.636  render           | Rendering frame 599
00:26.637  render           | Executing sequencer
00:26.675  render           | Video append frame 599
00:26.675  render           | Time: 00:00.03 (Saving: 00:00.00)
00:26.675  render           | Rendering frame 600
00:26.676  render           | Executing sequencer
00:26.706  render           | Video append frame 600
00:26.707  render           | Time: 00:00.03 (Saving: 00:00.00)
00:26.707  render           | Rendering frame 601
00:26.707  render           | Executing sequencer
00:26.743  render           | Video append frame 601
00:26.743  render           | Time: 00:00.03 (Saving: 00:00.00)
00:26.743  render           | Rendering frame 602
00:26.744  render           | Executing sequencer
00:26.778  render           | Video append frame 602
00:26.778  render           | Time: 00:00.03 (Saving: 00:00.00)
00:26.778  render           | Rendering frame 603
00:26.779  render           | Executing sequencer
00:26.818  render           | Video append frame 603
00:26.818  render           | Time: 00:00.03 (Saving: 00:00.00)
00:26.818  render           | Rendering frame 604
00:26.818  render           | Executing sequencer
00:26.854  render           | Video append frame 604
00:26.854  render           | Time: 00:00.03 (Saving: 00:00.00)
00:26.854  render           | Rendering frame 605
00:26.855  render           | Executing sequencer
00:26.894  render           | Video append frame 605
00:26.894  render           | Time: 00:00.03 (Saving: 00:00.00)
00:26.894  render           | Rendering frame 606
00:26.895  render           | Executing sequencer
00:26.938  render           | Video append frame 606
00:26.938  render           | Time: 00:00.04 (Saving: 00:00.00)
00:26.938  render           | Rendering frame 607
00:26.938  render           | Executing sequencer
00:26.979  render           | Video append frame 607
00:26.979  render           | Time: 00:00.04 (Saving: 00:00.00)
00:26.979  render           | Rendering frame 608
00:26.980  render           | Executing sequencer
00:27.014  render           | Video append frame 608
00:27.014  render           | Time: 00:00.03 (Saving: 00:00.00)
00:27.014  render           | Rendering frame 609
00:27.015  render           | Executing sequencer
00:27.050  render           | Video append frame 609
00:27.050  render           | Time: 00:00.03 (Saving: 00:00.00)
00:27.050  render           | Rendering frame 610
00:27.050  render           | Executing sequencer
00:27.084  render           | Video append frame 610
00:27.084  render           | Time: 00:00.03 (Saving: 00:00.00)
00:27.084  render           | Rendering frame 611
00:27.084  render           | Executing sequencer
00:27.119  render           | Video append frame 611
00:27.119  render           | Time: 00:00.03 (Saving: 00:00.00)
00:27.119  render           | Rendering frame 612
00:27.119  render           | Executing sequencer
00:27.150  render           | Video append frame 612
00:27.150  render           | Time: 00:00.03 (Saving: 00:00.00)
00:27.150  render           | Rendering frame 613
00:27.150  render           | Executing sequencer
00:27.260  render           | Video append frame 613
00:27.260  render           | Time: 00:00.10 (Saving: 00:00.01)
00:27.260  render           | Rendering frame 614
00:27.262  render           | Executing sequencer
00:27.321  render           | Video append frame 614
00:27.321  render           | Time: 00:00.05 (Saving: 00:00.00)
00:27.321  render           | Rendering frame 615
00:27.322  render           | Executing sequencer
00:27.359  render           | Video append frame 615
00:27.359  render           | Time: 00:00.03 (Saving: 00:00.00)
00:27.359  render           | Rendering frame 616
00:27.360  render           | Executing sequencer
00:27.416  render           | Video append frame 616
00:27.416  render           | Time: 00:00.05 (Saving: 00:00.01)
00:27.416  render           | Rendering frame 617
00:27.417  render           | Executing sequencer
00:27.486  render           | Video append frame 617
00:27.486  render           | Time: 00:00.06 (Saving: 00:00.00)
00:27.486  render           | Rendering frame 618
00:27.487  render           | Executing sequencer
00:27.522  render           | Video append frame 618
00:27.522  render           | Time: 00:00.03 (Saving: 00:00.00)
00:27.522  render           | Rendering frame 619
00:27.523  render           | Executing sequencer
00:27.629  render           | Video append frame 619
00:27.629  render           | Time: 00:00.10 (Saving: 00:00.00)
00:27.629  render           | Rendering frame 620
00:27.629  render           | Executing sequencer
00:27.675  render           | Video append frame 620
00:27.675  render           | Time: 00:00.04 (Saving: 00:00.00)
00:27.675  render           | Rendering frame 621
00:27.676  render           | Executing sequencer
00:27.825  render           | Video append frame 621
00:27.825  render           | Time: 00:00.14 (Saving: 00:00.01)
00:27.825  render           | Rendering frame 622
00:27.826  render           | Executing sequencer
00:27.871  render           | Video append frame 622
00:27.871  render           | Time: 00:00.04 (Saving: 00:00.00)
00:27.871  render           | Rendering frame 623
00:27.872  render           | Executing sequencer
00:27.910  render           | Video append frame 623
00:27.910  render           | Time: 00:00.03 (Saving: 00:00.00)
00:27.910  render           | Rendering frame 624
00:27.911  render           | Executing sequencer
00:27.948  render           | Video append frame 624
00:27.948  render           | Time: 00:00.03 (Saving: 00:00.00)
00:27.948  render           | Rendering frame 625
00:27.949  render           | Executing sequencer
00:28.007  render           | Video append frame 625
00:28.007  render           | Time: 00:00.05 (Saving: 00:00.00)
00:28.007  render           | Rendering frame 626
00:28.008  render           | Executing sequencer
00:28.048  render           | Video append frame 626
00:28.048  render           | Time: 00:00.03 (Saving: 00:00.00)
00:28.048  render           | Rendering frame 627
00:28.048  render           | Executing sequencer
00:28.082  render           | Video append frame 627
00:28.082  render           | Time: 00:00.03 (Saving: 00:00.00)
00:28.082  render           | Rendering frame 628
00:28.083  render           | Executing sequencer
00:28.145  render           | Video append frame 628
00:28.145  render           | Time: 00:00.06 (Saving: 00:00.01)
00:28.145  render           | Rendering frame 629
00:28.146  render           | Executing sequencer
00:28.188  render           | Video append frame 629
00:28.188  render           | Time: 00:00.04 (Saving: 00:00.00)
00:28.188  render           | Rendering frame 630
00:28.188  render           | Executing sequencer
00:28.227  render           | Video append frame 630
00:28.227  render           | Time: 00:00.03 (Saving: 00:00.00)
00:28.227  render           | Rendering frame 631
00:28.227  render           | Executing sequencer
00:28.286  render           | Video append frame 631
00:28.286  render           | Time: 00:00.05 (Saving: 00:00.00)
00:28.286  render           | Rendering frame 632
00:28.288  render           | Executing sequencer
00:28.312  render           | Video append frame 632
00:28.313  render           | Time: 00:00.02 (Saving: 00:00.01)
00:28.313  render           | Rendering frame 633
00:28.313  render           | Executing sequencer
00:28.331  render           | Video append frame 633
00:28.331  render           | Time: 00:00.01 (Saving: 00:00.00)
00:28.331  render           | Rendering frame 634
00:28.332  render           | Executing sequencer
00:28.355  render           | Video append frame 634
00:28.355  render           | Time: 00:00.02 (Saving: 00:00.00)
00:28.355  render           | Rendering frame 635
00:28.356  render           | Executing sequencer
00:28.405  render           | Video append frame 635
00:28.405  render           | Time: 00:00.04 (Saving: 00:00.00)
00:28.405  render           | Rendering frame 636
00:28.406  render           | Executing sequencer
00:28.441  render           | Video append frame 636
00:28.441  render           | Time: 00:00.03 (Saving: 00:00.00)
00:28.441  render           | Rendering frame 637
00:28.442  render           | Executing sequencer
00:28.478  render           | Video append frame 637
00:28.478  render           | Time: 00:00.03 (Saving: 00:00.00)
00:28.478  render           | Rendering frame 638
00:28.478  render           | Executing sequencer
00:28.516  render           | Video append frame 638
00:28.516  render           | Time: 00:00.03 (Saving: 00:00.00)
00:28.516  render           | Rendering frame 639
00:28.517  render           | Executing sequencer
00:28.560  render           | Video append frame 639
00:28.560  render           | Time: 00:00.04 (Saving: 00:00.00)
00:28.561  render           | Rendering frame 640
00:28.561  render           | Executing sequencer
00:28.617  render           | Video append frame 640
00:28.617  render           | Time: 00:00.05 (Saving: 00:00.00)
00:28.617  render           | Rendering frame 641
00:28.618  render           | Executing sequencer
00:28.649  render           | Video append frame 641
00:28.649  render           | Time: 00:00.03 (Saving: 00:00.00)
00:28.649  render           | Rendering frame 642
00:28.650  render           | Executing sequencer
00:28.688  render           | Video append frame 642
00:28.688  render           | Time: 00:00.03 (Saving: 00:00.00)
00:28.688  render           | Rendering frame 643
00:28.689  render           | Executing sequencer
00:28.731  render           | Video append frame 643
00:28.731  render           | Time: 00:00.04 (Saving: 00:00.00)
00:28.731  render           | Rendering frame 644
00:28.732  render           | Executing sequencer
00:28.766  render           | Video append frame 644
00:28.766  render           | Time: 00:00.03 (Saving: 00:00.00)
00:28.766  render           | Rendering frame 645
00:28.766  render           | Executing sequencer
00:28.799  render           | Video append frame 645
00:28.799  render           | Time: 00:00.03 (Saving: 00:00.00)
00:28.800  render           | Rendering frame 646
00:28.801  render           | Executing sequencer
00:28.869  render           | Video append frame 646
00:28.869  render           | Time: 00:00.06 (Saving: 00:00.00)
00:28.869  render           | Rendering frame 647
00:28.870  render           | Executing sequencer
00:28.900  render           | Video append frame 647
00:28.900  render           | Time: 00:00.02 (Saving: 00:00.00)
00:28.900  render           | Rendering frame 648
00:28.900  render           | Executing sequencer
00:28.931  render           | Video append frame 648
00:28.931  render           | Time: 00:00.03 (Saving: 00:00.00)
00:28.931  render           | Rendering frame 649
00:28.932  render           | Executing sequencer
00:28.962  render           | Video append frame 649
00:28.962  render           | Time: 00:00.03 (Saving: 00:00.00)
00:28.962  render           | Rendering frame 650
00:28.963  render           | Executing sequencer
00:28.989  render           | Video append frame 650
00:28.989  render           | Time: 00:00.02 (Saving: 00:00.00)
00:28.989  render           | Rendering frame 651
00:28.989  render           | Executing sequencer
00:29.019  render           | Video append frame 651
00:29.019  render           | Time: 00:00.02 (Saving: 00:00.00)
00:29.019  render           | Rendering frame 652
00:29.019  render           | Executing sequencer
00:29.052  render           | Video append frame 652
00:29.053  render           | Time: 00:00.03 (Saving: 00:00.00)
00:29.053  render           | Rendering frame 653
00:29.054  render           | Executing sequencer
00:29.094  render           | Video append frame 653
00:29.094  render           | Time: 00:00.03 (Saving: 00:00.00)
00:29.094  render           | Rendering frame 654
00:29.094  render           | Executing sequencer
00:29.134  render           | Video append frame 654
00:29.134  render           | Time: 00:00.03 (Saving: 00:00.00)
00:29.134  render           | Rendering frame 655
00:29.135  render           | Executing sequencer
00:29.198  render           | Video append frame 655
00:29.198  render           | Time: 00:00.06 (Saving: 00:00.00)
00:29.198  render           | Rendering frame 656
00:29.199  render           | Executing sequencer
00:29.237  render           | Video append frame 656
00:29.237  render           | Time: 00:00.03 (Saving: 00:00.00)
00:29.237  render           | Rendering frame 657
00:29.238  render           | Executing sequencer
00:29.275  render           | Video append frame 657
00:29.275  render           | Time: 00:00.03 (Saving: 00:00.00)
00:29.275  render           | Rendering frame 658
00:29.276  render           | Executing sequencer
00:29.313  render           | Video append frame 658
00:29.313  render           | Time: 00:00.03 (Saving: 00:00.00)
00:29.313  render           | Rendering frame 659
00:29.314  render           | Executing sequencer
00:29.353  render           | Video append frame 659
00:29.353  render           | Time: 00:00.03 (Saving: 00:00.00)
00:29.353  render           | Rendering frame 660
00:29.353  render           | Executing sequencer
00:29.394  render           | Video append frame 660
00:29.394  render           | Time: 00:00.04 (Saving: 00:00.00)
00:29.394  render           | Rendering frame 661
00:29.395  render           | Executing sequencer
00:29.438  render           | Video append frame 661
00:29.438  render           | Time: 00:00.04 (Saving: 00:00.00)
00:29.438  render           | Rendering frame 662
00:29.439  render           | Executing sequencer
00:29.457  render           | Video append frame 662
00:29.457  render           | Time: 00:00.01 (Saving: 00:00.00)
00:29.457  render           | Rendering frame 663
00:29.458  render           | Executing sequencer
00:29.477  render           | Video append frame 663
00:29.477  render           | Time: 00:00.01 (Saving: 00:00.00)
00:29.477  render           | Rendering frame 664
00:29.477  render           | Executing sequencer
00:29.493  render           | Video append frame 664
00:29.493  render           | Time: 00:00.01 (Saving: 00:00.00)
00:29.493  render           | Rendering frame 665
00:29.494  render           | Executing sequencer
00:29.560  render           | Video append frame 665
00:29.560  render           | Time: 00:00.06 (Saving: 00:00.00)
00:29.560  render           | Rendering frame 666
00:29.561  render           | Executing sequencer
00:29.608  render           | Video append frame 666
00:29.608  render           | Time: 00:00.04 (Saving: 00:00.00)
00:29.608  render           | Rendering frame 667
00:29.609  render           | Executing sequencer
00:29.648  render           | Video append frame 667
00:29.648  render           | Time: 00:00.03 (Saving: 00:00.00)
00:29.648  render           | Rendering frame 668
00:29.649  render           | Executing sequencer
00:29.689  render           | Video append frame 668
00:29.689  render           | Time: 00:00.04 (Saving: 00:00.00)
00:29.689  render           | Rendering frame 669
00:29.690  render           | Executing sequencer
00:29.728  render           | Video append frame 669
00:29.728  render           | Time: 00:00.03 (Saving: 00:00.00)
00:29.728  render           | Rendering frame 670
00:29.729  render           | Executing sequencer
00:29.770  render           | Video append frame 670
00:29.770  render           | Time: 00:00.04 (Saving: 00:00.00)
00:29.770  render           | Rendering frame 671
00:29.772  render           | Executing sequencer
00:29.824  render           | Video append frame 671
00:29.824  render           | Time: 00:00.05 (Saving: 00:00.00)
00:29.824  render           | Rendering frame 672
00:29.825  render           | Executing sequencer
00:30.046  render           | Video append frame 672
00:30.046  render           | Time: 00:00.22 (Saving: 00:00.01)
00:30.046  render           | Rendering frame 673
00:30.047  render           | Executing sequencer
00:30.111  render           | Video append frame 673
00:30.111  render           | Time: 00:00.06 (Saving: 00:00.00)
00:30.111  render           | Rendering frame 674
00:30.112  render           | Executing sequencer
00:30.160  render           | Video append frame 674
00:30.160  render           | Time: 00:00.04 (Saving: 00:00.00)
00:30.160  render           | Rendering frame 675
00:30.161  render           | Executing sequencer
00:30.204  render           | Video append frame 675
00:30.204  render           | Time: 00:00.04 (Saving: 00:00.00)
00:30.204  render           | Rendering frame 676
00:30.206  render           | Executing sequencer
00:30.301  render           | Video append frame 676
00:30.301  render           | Time: 00:00.09 (Saving: 00:00.01)
00:30.301  render           | Rendering frame 677
00:30.302  render           | Executing sequencer
00:30.362  render           | Video append frame 677
00:30.362  render           | Time: 00:00.06 (Saving: 00:00.00)
00:30.363  render           | Rendering frame 678
00:30.364  render           | Executing sequencer
00:30.424  render           | Video append frame 678
00:30.424  render           | Time: 00:00.05 (Saving: 00:00.01)
00:30.424  render           | Rendering frame 679
00:30.425  render           | Executing sequencer
00:30.490  render           | Video append frame 679
00:30.490  render           | Time: 00:00.06 (Saving: 00:00.00)
00:30.490  render           | Rendering frame 680
00:30.491  render           | Executing sequencer
00:30.541  render           | Video append frame 680
00:30.541  render           | Time: 00:00.04 (Saving: 00:00.00)
00:30.541  render           | Rendering frame 681
00:30.542  render           | Executing sequencer
00:30.599  render           | Video append frame 681
00:30.599  render           | Time: 00:00.05 (Saving: 00:00.00)
00:30.599  render           | Rendering frame 682
00:30.600  render           | Executing sequencer
00:30.650  render           | Video append frame 682
00:30.650  render           | Time: 00:00.05 (Saving: 00:00.00)
00:30.650  render           | Rendering frame 683
00:30.652  render           | Executing sequencer
00:30.709  render           | Video append frame 683
00:30.709  render           | Time: 00:00.05 (Saving: 00:00.01)
00:30.709  render           | Rendering frame 684
00:30.710  render           | Executing sequencer
00:30.759  render           | Video append frame 684
00:30.759  render           | Time: 00:00.04 (Saving: 00:00.00)
00:30.759  render           | Rendering frame 685
00:30.760  render           | Executing sequencer
00:30.807  render           | Video append frame 685
00:30.807  render           | Time: 00:00.04 (Saving: 00:00.00)
00:30.807  render           | Rendering frame 686
00:30.807  render           | Executing sequencer
00:30.843  render           | Video append frame 686
00:30.843  render           | Time: 00:00.03 (Saving: 00:00.00)
00:30.843  render           | Rendering frame 687
00:30.844  render           | Executing sequencer
00:30.886  render           | Video append frame 687
00:30.886  render           | Time: 00:00.04 (Saving: 00:00.00)
00:30.886  render           | Rendering frame 688
00:30.887  render           | Executing sequencer
00:30.941  render           | Video append frame 688
00:30.941  render           | Time: 00:00.05 (Saving: 00:00.00)
00:30.941  render           | Rendering frame 689
00:30.942  render           | Executing sequencer
00:30.987  render           | Video append frame 689
00:30.987  render           | Time: 00:00.04 (Saving: 00:00.00)
00:30.987  render           | Rendering frame 690
00:30.988  render           | Executing sequencer
00:31.030  render           | Video append frame 690
00:31.031  render           | Time: 00:00.04 (Saving: 00:00.00)
00:31.031  render           | Rendering frame 691
00:31.031  render           | Executing sequencer
00:31.080  render           | Video append frame 691
00:31.080  render           | Time: 00:00.04 (Saving: 00:00.00)
00:31.080  render           | Rendering frame 692
00:31.081  render           | Executing sequencer
00:31.097  render           | Video append frame 692
00:31.097  render           | Time: 00:00.01 (Saving: 00:00.00)
00:31.097  render           | Rendering frame 693
00:31.098  render           | Executing sequencer
00:31.114  render           | Video append frame 693
00:31.114  render           | Time: 00:00.01 (Saving: 00:00.00)
00:31.114  render           | Rendering frame 694
00:31.115  render           | Executing sequencer
00:31.143  render           | Video append frame 694
00:31.143  render           | Time: 00:00.02 (Saving: 00:00.00)
00:31.143  render           | Rendering frame 695
00:31.145  render           | Executing sequencer
00:31.196  render           | Video append frame 695
00:31.196  render           | Time: 00:00.05 (Saving: 00:00.00)
00:31.196  render           | Rendering frame 696
00:31.196  render           | Executing sequencer
00:31.239  render           | Video append frame 696
00:31.239  render           | Time: 00:00.04 (Saving: 00:00.00)
00:31.239  render           | Rendering frame 697
00:31.239  render           | Executing sequencer
00:31.277  render           | Video append frame 697
00:31.277  render           | Time: 00:00.03 (Saving: 00:00.00)
00:31.277  render           | Rendering frame 698
00:31.278  render           | Executing sequencer
00:31.315  render           | Video append frame 698
00:31.315  render           | Time: 00:00.03 (Saving: 00:00.00)
00:31.315  render           | Rendering frame 699
00:31.316  render           | Executing sequencer
00:31.355  render           | Video append frame 699
00:31.355  render           | Time: 00:00.03 (Saving: 00:00.00)
00:31.355  render           | Rendering frame 700
00:31.355  render           | Executing sequencer
00:31.385  render           | Video append frame 700
00:31.385  render           | Time: 00:00.02 (Saving: 00:00.00)
00:31.385  render           | Rendering frame 701
00:31.386  render           | Executing sequencer
00:31.425  render           | Video append frame 701
00:31.425  render           | Time: 00:00.03 (Saving: 00:00.00)
00:31.425  render           | Rendering frame 702
00:31.426  render           | Executing sequencer
00:31.460  render           | Video append frame 702
00:31.460  render           | Time: 00:00.03 (Saving: 00:00.00)
00:31.461  render           | Rendering frame 703
00:31.461  render           | Executing sequencer
00:31.497  render           | Video append frame 703
00:31.497  render           | Time: 00:00.03 (Saving: 00:00.00)
00:31.497  render           | Rendering frame 704
00:31.497  render           | Executing sequencer
00:31.536  render           | Video append frame 704
00:31.536  render           | Time: 00:00.03 (Saving: 00:00.00)
00:31.536  render           | Rendering frame 705
00:31.537  render           | Executing sequencer
00:31.575  render           | Video append frame 705
00:31.575  render           | Time: 00:00.03 (Saving: 00:00.00)
00:31.575  render           | Rendering frame 706
00:31.575  render           | Executing sequencer
00:31.608  render           | Video append frame 706
00:31.608  render           | Time: 00:00.03 (Saving: 00:00.00)
00:31.608  render           | Rendering frame 707
00:31.609  render           | Executing sequencer
00:31.643  render           | Video append frame 707
00:31.643  render           | Time: 00:00.03 (Saving: 00:00.00)
00:31.643  render           | Rendering frame 708
00:31.643  render           | Executing sequencer
00:31.685  render           | Video append frame 708
00:31.685  render           | Time: 00:00.04 (Saving: 00:00.00)
00:31.685  render           | Rendering frame 709
00:31.686  render           | Executing sequencer
00:31.717  render           | Video append frame 709
00:31.718  render           | Time: 00:00.03 (Saving: 00:00.00)
00:31.718  render           | Rendering frame 710
00:31.719  render           | Executing sequencer
00:31.753  render           | Video append frame 710
00:31.753  render           | Time: 00:00.03 (Saving: 00:00.00)
00:31.754  render           | Rendering frame 711
00:31.754  render           | Executing sequencer
00:31.791  render           | Video append frame 711
00:31.791  render           | Time: 00:00.03 (Saving: 00:00.00)
00:31.792  render           | Rendering frame 712
00:31.793  render           | Executing sequencer
00:31.838  render           | Video append frame 712
00:31.838  render           | Time: 00:00.04 (Saving: 00:00.00)
00:31.838  render           | Rendering frame 713
00:31.839  render           | Executing sequencer
00:31.871  render           | Video append frame 713
00:31.871  render           | Time: 00:00.03 (Saving: 00:00.00)
00:31.871  render           | Rendering frame 714
00:31.872  render           | Executing sequencer
00:31.904  render           | Video append frame 714
00:31.904  render           | Time: 00:00.03 (Saving: 00:00.00)
00:31.904  render           | Rendering frame 715
00:31.904  render           | Executing sequencer
00:32.042  render           | Video append frame 715
00:32.042  render           | Time: 00:00.13 (Saving: 00:00.01)
00:32.042  render           | Rendering frame 716
00:32.043  render           | Executing sequencer
00:32.093  render           | Video append frame 716
00:32.093  render           | Time: 00:00.05 (Saving: 00:00.00)
00:32.093  render           | Rendering frame 717
00:32.094  render           | Executing sequencer
00:32.149  render           | Video append frame 717
00:32.149  render           | Time: 00:00.05 (Saving: 00:00.00)
00:32.150  render           | Rendering frame 718
00:32.151  render           | Executing sequencer
00:32.216  render           | Video append frame 718
00:32.216  render           | Time: 00:00.06 (Saving: 00:00.01)
00:32.216  render           | Rendering frame 719
00:32.217  render           | Executing sequencer
00:32.282  render           | Video append frame 719
00:32.283  render           | Time: 00:00.06 (Saving: 00:00.01)
00:32.283  render           | Rendering frame 720
00:32.284  render           | Executing sequencer
00:32.343  render           | Video append frame 720
00:32.343  render           | Time: 00:00.05 (Saving: 00:00.01)
00:32.344  render           | Rendering frame 721
00:32.349  render           | Executing sequencer
00:32.373  render           | Video append frame 721
00:32.373  render           | Time: 00:00.02 (Saving: 00:00.01)
00:32.374  render           | Rendering frame 722
00:32.374  render           | Executing sequencer
00:32.386  render           | Video append frame 722
00:32.386  render           | Time: 00:00.01 (Saving: 00:00.00)
00:32.386  render           | Rendering frame 723
00:32.386  render           | Executing sequencer
00:32.400  render           | Video append frame 723
00:32.401  render           | Time: 00:00.01 (Saving: 00:00.00)
00:32.401  render           | Rendering frame 724
00:32.401  render           | Executing sequencer
00:32.418  render           | Video append frame 724
00:32.418  render           | Time: 00:00.01 (Saving: 00:00.01)
00:32.418  render           | Rendering frame 725
00:32.422  render           | Executing sequencer
00:32.466  render           | Video append frame 725
00:32.466  render           | Time: 00:00.04 (Saving: 00:00.00)
00:32.466  render           | Rendering frame 726
00:32.467  render           | Executing sequencer
00:32.502  render           | Video append frame 726
00:32.502  render           | Time: 00:00.03 (Saving: 00:00.00)
00:32.502  render           | Rendering frame 727
00:32.503  render           | Executing sequencer
00:32.539  render           | Video append frame 727
00:32.539  render           | Time: 00:00.03 (Saving: 00:00.00)
00:32.539  render           | Rendering frame 728
00:32.540  render           | Executing sequencer
00:32.574  render           | Video append frame 728
00:32.574  render           | Time: 00:00.03 (Saving: 00:00.00)
00:32.574  render           | Rendering frame 729
00:32.575  render           | Executing sequencer
00:32.601  render           | Video append frame 729
00:32.601  render           | Time: 00:00.02 (Saving: 00:00.00)
00:32.601  render           | Rendering frame 730
00:32.602  render           | Executing sequencer
00:32.627  render           | Video append frame 730
00:32.627  render           | Time: 00:00.02 (Saving: 00:00.00)
00:32.627  render           | Rendering frame 731
00:32.628  render           | Executing sequencer
00:32.655  render           | Video append frame 731
00:32.656  render           | Time: 00:00.02 (Saving: 00:00.00)
00:32.656  render           | Rendering frame 732
00:32.656  render           | Executing sequencer
00:32.681  render           | Video append frame 732
00:32.681  render           | Time: 00:00.02 (Saving: 00:00.00)
00:32.681  render           | Rendering frame 733
00:32.682  render           | Executing sequencer
00:32.715  render           | Video append frame 733
00:32.715  render           | Time: 00:00.03 (Saving: 00:00.01)
00:32.715  render           | Rendering frame 734
00:32.715  render           | Executing sequencer
00:32.755  render           | Video append frame 734
00:32.755  render           | Time: 00:00.03 (Saving: 00:00.01)
00:32.755  render           | Rendering frame 735
00:32.756  render           | Executing sequencer
00:32.793  render           | Video append frame 735
00:32.793  render           | Time: 00:00.03 (Saving: 00:00.00)
00:32.793  render           | Rendering frame 736
00:32.794  render           | Executing sequencer
00:32.822  render           | Video append frame 736
00:32.822  render           | Time: 00:00.02 (Saving: 00:00.00)
00:32.822  render           | Rendering frame 737
00:32.822  render           | Executing sequencer
00:32.849  render           | Video append frame 737
00:32.849  render           | Time: 00:00.02 (Saving: 00:00.00)
00:32.849  render           | Rendering frame 738
00:32.849  render           | Executing sequencer
00:32.872  render           | Video append frame 738
00:32.872  render           | Time: 00:00.02 (Saving: 00:00.00)
00:32.872  render           | Rendering frame 739
00:32.872  render           | Executing sequencer
00:32.898  render           | Video append frame 739
00:32.898  render           | Time: 00:00.02 (Saving: 00:00.00)
00:32.898  render           | Rendering frame 740
00:32.899  render           | Executing sequencer
00:32.929  render           | Video append frame 740
00:32.929  render           | Time: 00:00.03 (Saving: 00:00.00)
00:32.929  render           | Rendering frame 741
00:32.930  render           | Executing sequencer
00:32.955  render           | Video append frame 741
00:32.955  render           | Time: 00:00.02 (Saving: 00:00.00)
00:32.955  render           | Rendering frame 742
00:32.955  render           | Executing sequencer
00:32.980  render           | Video append frame 742
00:32.980  render           | Time: 00:00.02 (Saving: 00:00.00)
00:32.981  render           | Rendering frame 743
00:32.981  render           | Executing sequencer
00:33.004  render           | Video append frame 743
00:33.004  render           | Time: 00:00.02 (Saving: 00:00.00)
00:33.004  render           | Rendering frame 744
00:33.004  render           | Executing sequencer
00:33.028  render           | Video append frame 744
00:33.028  render           | Time: 00:00.02 (Saving: 00:00.00)
00:33.028  render           | Rendering frame 745
00:33.029  render           | Executing sequencer
00:33.051  render           | Video append frame 745
00:33.052  render           | Time: 00:00.02 (Saving: 00:00.00)
00:33.052  render           | Rendering frame 746
00:33.053  render           | Executing sequencer
00:33.082  render           | Video append frame 746
00:33.082  render           | Time: 00:00.02 (Saving: 00:00.00)
00:33.082  render           | Rendering frame 747
00:33.084  render           | Executing sequencer
00:33.108  render           | Video append frame 747
00:33.108  render           | Time: 00:00.02 (Saving: 00:00.00)
00:33.109  render           | Rendering frame 748
00:33.109  render           | Executing sequencer
00:33.143  render           | Video append frame 748
00:33.144  render           | Time: 00:00.03 (Saving: 00:00.01)
00:33.144  render           | Rendering frame 749
00:33.146  render           | Executing sequencer
00:33.174  render           | Video append frame 749
00:33.175  render           | Time: 00:00.02 (Saving: 00:00.00)
00:33.175  render           | Rendering frame 750
00:33.176  render           | Executing sequencer
00:33.197  render           | Video append frame 750
00:33.197  render           | Time: 00:00.02 (Saving: 00:00.00)
00:33.197  render           | Rendering frame 751
00:33.197  render           | Executing sequencer
00:33.244  render           | Video append frame 751
00:33.244  render           | Time: 00:00.04 (Saving: 00:00.00)
00:33.244  render           | Rendering frame 752
00:33.245  render           | Executing sequencer
00:33.277  render           | Video append frame 752
00:33.277  render           | Time: 00:00.03 (Saving: 00:00.00)
00:33.277  render           | Rendering frame 753
00:33.278  render           | Executing sequencer
00:33.319  render           | Video append frame 753
00:33.319  render           | Time: 00:00.04 (Saving: 00:00.00)
00:33.319  render           | Rendering frame 754
00:33.320  render           | Executing sequencer
00:33.362  render           | Video append frame 754
00:33.362  render           | Time: 00:00.04 (Saving: 00:00.00)
00:33.362  render           | Rendering frame 755
00:33.363  render           | Executing sequencer
00:33.398  render           | Video append frame 755
00:33.398  render           | Time: 00:00.03 (Saving: 00:00.00)
00:33.398  render           | Rendering frame 756
00:33.399  render           | Executing sequencer
00:33.427  render           | Video append frame 756
00:33.427  render           | Time: 00:00.02 (Saving: 00:00.00)
00:33.427  render           | Rendering frame 757
00:33.428  render           | Executing sequencer
00:33.453  render           | Video append frame 757
00:33.453  render           | Time: 00:00.02 (Saving: 00:00.00)
00:33.453  render           | Rendering frame 758
00:33.453  render           | Executing sequencer
00:33.482  render           | Video append frame 758
00:33.482  render           | Time: 00:00.02 (Saving: 00:00.00)
00:33.482  render           | Rendering frame 759
00:33.483  render           | Executing sequencer
00:33.510  render           | Video append frame 759
00:33.510  render           | Time: 00:00.02 (Saving: 00:00.00)
00:33.510  render           | Rendering frame 760
00:33.511  render           | Executing sequencer
00:33.540  render           | Video append frame 760
00:33.540  render           | Time: 00:00.02 (Saving: 00:00.00)
00:33.540  render           | Rendering frame 761
00:33.541  render           | Executing sequencer
00:33.568  render           | Video append frame 761
00:33.568  render           | Time: 00:00.02 (Saving: 00:00.00)
00:33.568  render           | Rendering frame 762
00:33.569  render           | Executing sequencer
00:33.596  render           | Video append frame 762
00:33.596  render           | Time: 00:00.02 (Saving: 00:00.00)
00:33.596  render           | Rendering frame 763
00:33.597  render           | Executing sequencer
00:33.623  render           | Video append frame 763
00:33.623  render           | Time: 00:00.02 (Saving: 00:00.00)
00:33.623  render           | Rendering frame 764
00:33.624  render           | Executing sequencer
00:33.649  render           | Video append frame 764
00:33.649  render           | Time: 00:00.02 (Saving: 00:00.00)
00:33.649  render           | Rendering frame 765
00:33.650  render           | Executing sequencer
00:33.676  render           | Video append frame 765
00:33.676  render           | Time: 00:00.02 (Saving: 00:00.00)
00:33.676  render           | Rendering frame 766
00:33.677  render           | Executing sequencer
00:33.703  render           | Video append frame 766
00:33.703  render           | Time: 00:00.02 (Saving: 00:00.00)
00:33.703  render           | Rendering frame 767
00:33.704  render           | Executing sequencer
00:33.734  render           | Video append frame 767
00:33.734  render           | Time: 00:00.03 (Saving: 00:00.00)
00:33.734  render           | Rendering frame 768
00:33.735  render           | Executing sequencer
00:33.766  render           | Video append frame 768
00:33.766  render           | Time: 00:00.03 (Saving: 00:00.00)
00:33.766  render           | Rendering frame 769
00:33.767  render           | Executing sequencer
00:33.796  render           | Video append frame 769
00:33.796  render           | Time: 00:00.02 (Saving: 00:00.00)
00:33.796  render           | Rendering frame 770
00:33.797  render           | Executing sequencer
00:33.823  render           | Video append frame 770
00:33.823  render           | Time: 00:00.02 (Saving: 00:00.00)
00:33.823  render           | Rendering frame 771
00:33.824  render           | Executing sequencer
00:33.848  render           | Video append frame 771
00:33.848  render           | Time: 00:00.02 (Saving: 00:00.00)
00:33.848  render           | Rendering frame 772
00:33.849  render           | Executing sequencer
00:33.873  render           | Video append frame 772
00:33.873  render           | Time: 00:00.02 (Saving: 00:00.00)
00:33.873  render           | Rendering frame 773
00:33.874  render           | Executing sequencer
00:33.901  render           | Video append frame 773
00:33.901  render           | Time: 00:00.02 (Saving: 00:00.00)
00:33.901  render           | Rendering frame 774
00:33.902  render           | Executing sequencer
00:33.930  render           | Video append frame 774
00:33.930  render           | Time: 00:00.02 (Saving: 00:00.00)
00:33.930  render           | Rendering frame 775
00:33.931  render           | Executing sequencer
00:33.960  render           | Video append frame 775
00:33.960  render           | Time: 00:00.02 (Saving: 00:00.00)
00:33.960  render           | Rendering frame 776
00:33.960  render           | Executing sequencer
00:33.988  render           | Video append frame 776
00:33.988  render           | Time: 00:00.02 (Saving: 00:00.00)
00:33.988  render           | Rendering frame 777
00:33.988  render           | Executing sequencer
00:34.021  render           | Video append frame 777
00:34.021  render           | Time: 00:00.03 (Saving: 00:00.00)
00:34.021  render           | Rendering frame 778
00:34.022  render           | Executing sequencer
00:34.054  render           | Video append frame 778
00:34.054  render           | Time: 00:00.03 (Saving: 00:00.00)
00:34.054  render           | Rendering frame 779
00:34.055  render           | Executing sequencer
00:34.082  render           | Video append frame 779
00:34.083  render           | Time: 00:00.02 (Saving: 00:00.00)
00:34.083  render           | Rendering frame 780
00:34.083  render           | Executing sequencer
00:34.109  render           | Video append frame 780
00:34.109  render           | Time: 00:00.02 (Saving: 00:00.00)
00:34.109  render           | Rendering frame 781
00:34.110  render           | Executing sequencer
00:34.154  render           | Video append frame 781
00:34.154  render           | Time: 00:00.04 (Saving: 00:00.00)
00:34.154  render           | Rendering frame 782
00:34.155  render           | Executing sequencer
00:34.191  render           | Video append frame 782
00:34.192  render           | Time: 00:00.03 (Saving: 00:00.00)
00:34.192  render           | Rendering frame 783
00:34.192  render           | Executing sequencer
00:34.232  render           | Video append frame 783
00:34.232  render           | Time: 00:00.03 (Saving: 00:00.00)
00:34.232  render           | Rendering frame 784
00:34.234  render           | Executing sequencer
00:34.277  render           | Video append frame 784
00:34.278  render           | Time: 00:00.04 (Saving: 00:00.00)
00:34.278  render           | Rendering frame 785
00:34.278  render           | Executing sequencer
00:34.312  render           | Video append frame 785
00:34.312  render           | Time: 00:00.03 (Saving: 00:00.00)
00:34.312  render           | Rendering frame 786
00:34.312  render           | Executing sequencer
00:34.343  render           | Video append frame 786
00:34.343  render           | Time: 00:00.03 (Saving: 00:00.00)
00:34.343  render           | Rendering frame 787
00:34.344  render           | Executing sequencer
00:34.377  render           | Video append frame 787
00:34.377  render           | Time: 00:00.03 (Saving: 00:00.00)
00:34.378  render           | Rendering frame 788
00:34.378  render           | Executing sequencer
00:34.408  render           | Video append frame 788
00:34.408  render           | Time: 00:00.03 (Saving: 00:00.00)
00:34.409  render           | Rendering frame 789
00:34.409  render           | Executing sequencer
00:34.438  render           | Video append frame 789
00:34.438  render           | Time: 00:00.02 (Saving: 00:00.00)
00:34.438  render           | Rendering frame 790
00:34.439  render           | Executing sequencer
00:34.474  render           | Video append frame 790
00:34.474  render           | Time: 00:00.03 (Saving: 00:00.00)
00:34.474  render           | Rendering frame 791
00:34.475  render           | Executing sequencer
00:34.501  render           | Video append frame 791
00:34.501  render           | Time: 00:00.02 (Saving: 00:00.00)
00:34.501  render           | Rendering frame 792
00:34.502  render           | Executing sequencer
00:34.534  render           | Video append frame 792
00:34.534  render           | Time: 00:00.03 (Saving: 00:00.00)
00:34.534  render           | Rendering frame 793
00:34.535  render           | Executing sequencer
00:34.569  render           | Video append frame 793
00:34.569  render           | Time: 00:00.03 (Saving: 00:00.00)
00:34.569  render           | Rendering frame 794
00:34.570  render           | Executing sequencer
00:34.599  render           | Video append frame 794
00:34.599  render           | Time: 00:00.02 (Saving: 00:00.00)
00:34.599  render           | Rendering frame 795
00:34.600  render           | Executing sequencer
00:34.634  render           | Video append frame 795
00:34.634  render           | Time: 00:00.03 (Saving: 00:00.00)
00:34.634  render           | Rendering frame 796
00:34.635  render           | Executing sequencer
00:34.667  render           | Video append frame 796
00:34.667  render           | Time: 00:00.03 (Saving: 00:00.00)
00:34.667  render           | Rendering frame 797
00:34.668  render           | Executing sequencer
00:34.697  render           | Video append frame 797
00:34.698  render           | Time: 00:00.02 (Saving: 00:00.00)
00:34.698  render           | Rendering frame 798
00:34.698  render           | Executing sequencer
00:34.732  render           | Video append frame 798
00:34.733  render           | Time: 00:00.03 (Saving: 00:00.00)
00:34.734  render           | Rendering frame 799
00:34.735  render           | Executing sequencer
00:34.769  render           | Video append frame 799
00:34.769  render           | Time: 00:00.03 (Saving: 00:00.00)
00:34.769  render           | Rendering frame 800
00:34.770  render           | Executing sequencer
00:34.804  render           | Video append frame 800
00:34.805  render           | Time: 00:00.03 (Saving: 00:00.00)
00:34.805  render           | Rendering frame 801
00:34.806  render           | Executing sequencer
00:34.839  render           | Video append frame 801
00:34.839  render           | Time: 00:00.03 (Saving: 00:00.00)
00:34.839  render           | Rendering frame 802
00:34.840  render           | Executing sequencer
00:34.871  render           | Video append frame 802
00:34.871  render           | Time: 00:00.03 (Saving: 00:00.00)
00:34.872  render           | Rendering frame 803
00:34.872  render           | Executing sequencer
00:34.901  render           | Video append frame 803
00:34.901  render           | Time: 00:00.02 (Saving: 00:00.00)
00:34.901  render           | Rendering frame 804
00:34.902  render           | Executing sequencer
00:34.933  render           | Video append frame 804
00:34.933  render           | Time: 00:00.03 (Saving: 00:00.00)
00:34.933  render           | Rendering frame 805
00:34.934  render           | Executing sequencer
00:34.967  render           | Video append frame 805
00:34.967  render           | Time: 00:00.03 (Saving: 00:00.00)
00:34.967  render           | Rendering frame 806
00:34.968  render           | Executing sequencer
00:34.998  render           | Video append frame 806
00:34.998  render           | Time: 00:00.03 (Saving: 00:00.00)
00:34.998  render           | Rendering frame 807
00:35.000  render           | Executing sequencer
00:35.069  render           | Video append frame 807
00:35.069  render           | Time: 00:00.06 (Saving: 00:00.00)
00:35.069  render           | Rendering frame 808
00:35.070  render           | Executing sequencer
00:35.106  render           | Video append frame 808
00:35.106  render           | Time: 00:00.03 (Saving: 00:00.00)
00:35.106  render           | Rendering frame 809
00:35.107  render           | Executing sequencer
00:35.140  render           | Video append frame 809
00:35.140  render           | Time: 00:00.03 (Saving: 00:00.00)
00:35.140  render           | Rendering frame 810
00:35.141  render           | Executing sequencer
00:35.169  render           | Video append frame 810
00:35.169  render           | Time: 00:00.02 (Saving: 00:00.00)
00:35.169  render           | Rendering frame 811
00:35.170  render           | Executing sequencer
00:35.219  render           | Video append frame 811
00:35.219  render           | Time: 00:00.04 (Saving: 00:00.00)
00:35.219  render           | Rendering frame 812
00:35.220  render           | Executing sequencer
00:35.250  render           | Video append frame 812
00:35.250  render           | Time: 00:00.03 (Saving: 00:00.00)
00:35.250  render           | Rendering frame 813
00:35.251  render           | Executing sequencer
00:35.285  render           | Video append frame 813
00:35.285  render           | Time: 00:00.03 (Saving: 00:00.00)
00:35.285  render           | Rendering frame 814
00:35.286  render           | Executing sequencer
00:35.318  render           | Video append frame 814
00:35.318  render           | Time: 00:00.03 (Saving: 00:00.00)
00:35.319  render           | Rendering frame 815
00:35.319  render           | Executing sequencer
00:35.355  render           | Video append frame 815
00:35.355  render           | Time: 00:00.03 (Saving: 00:00.00)
00:35.355  render           | Rendering frame 816
00:35.356  render           | Executing sequencer
00:35.384  render           | Video append frame 816
00:35.384  render           | Time: 00:00.02 (Saving: 00:00.00)
00:35.384  render           | Rendering frame 817
00:35.385  render           | Executing sequencer
00:35.410  render           | Video append frame 817
00:35.410  render           | Time: 00:00.02 (Saving: 00:00.00)
00:35.410  render           | Rendering frame 818
00:35.411  render           | Executing sequencer
00:35.443  render           | Video append frame 818
00:35.443  render           | Time: 00:00.03 (Saving: 00:00.00)
00:35.443  render           | Rendering frame 819
00:35.444  render           | Executing sequencer
00:35.477  render           | Video append frame 819
00:35.477  render           | Time: 00:00.03 (Saving: 00:00.00)
00:35.477  render           | Rendering frame 820
00:35.478  render           | Executing sequencer
00:35.513  render           | Video append frame 820
00:35.513  render           | Time: 00:00.03 (Saving: 00:00.00)
00:35.513  render           | Rendering frame 821
00:35.514  render           | Executing sequencer
00:35.554  render           | Video append frame 821
00:35.554  render           | Time: 00:00.03 (Saving: 00:00.00)
00:35.554  render           | Rendering frame 822
00:35.554  render           | Executing sequencer
00:35.606  render           | Video append frame 822
00:35.606  render           | Time: 00:00.05 (Saving: 00:00.00)
00:35.606  render           | Rendering frame 823
00:35.607  render           | Executing sequencer
00:35.640  render           | Video append frame 823
00:35.641  render           | Time: 00:00.03 (Saving: 00:00.00)
00:35.641  render           | Rendering frame 824
00:35.641  render           | Executing sequencer
00:35.677  render           | Video append frame 824
00:35.677  render           | Time: 00:00.03 (Saving: 00:00.00)
00:35.677  render           | Rendering frame 825
00:35.678  render           | Executing sequencer
00:35.720  render           | Video append frame 825
00:35.720  render           | Time: 00:00.04 (Saving: 00:00.00)
00:35.720  render           | Rendering frame 826
00:35.721  render           | Executing sequencer
00:35.761  render           | Video append frame 826
00:35.761  render           | Time: 00:00.04 (Saving: 00:00.00)
00:35.761  render           | Rendering frame 827
00:35.761  render           | Executing sequencer
00:35.796  render           | Video append frame 827
00:35.796  render           | Time: 00:00.03 (Saving: 00:00.00)
00:35.796  render           | Rendering frame 828
00:35.797  render           | Executing sequencer
00:35.829  render           | Video append frame 828
00:35.829  render           | Time: 00:00.03 (Saving: 00:00.00)
00:35.829  render           | Rendering frame 829
00:35.830  render           | Executing sequencer
00:35.861  render           | Video append frame 829
00:35.861  render           | Time: 00:00.03 (Saving: 00:00.00)
00:35.861  render           | Rendering frame 830
00:35.861  render           | Executing sequencer
00:35.887  render           | Video append frame 830
00:35.887  render           | Time: 00:00.02 (Saving: 00:00.00)
00:35.887  render           | Rendering frame 831
00:35.888  render           | Executing sequencer
00:35.917  render           | Video append frame 831
00:35.917  render           | Time: 00:00.02 (Saving: 00:00.00)
00:35.917  render           | Rendering frame 832
00:35.917  render           | Executing sequencer
00:35.945  render           | Video append frame 832
00:35.945  render           | Time: 00:00.02 (Saving: 00:00.00)
00:35.945  render           | Rendering frame 833
00:35.945  render           | Executing sequencer
00:35.975  render           | Video append frame 833
00:35.975  render           | Time: 00:00.02 (Saving: 00:00.00)
00:35.975  render           | Rendering frame 834
00:35.976  render           | Executing sequencer
00:36.003  render           | Video append frame 834
00:36.003  render           | Time: 00:00.02 (Saving: 00:00.00)
00:36.003  render           | Rendering frame 835
00:36.004  render           | Executing sequencer
00:36.041  render           | Video append frame 835
00:36.041  render           | Time: 00:00.03 (Saving: 00:00.00)
00:36.041  render           | Rendering frame 836
00:36.042  render           | Executing sequencer
00:36.075  render           | Video append frame 836
00:36.075  render           | Time: 00:00.03 (Saving: 00:00.00)
00:36.075  render           | Rendering frame 837
00:36.076  render           | Executing sequencer
00:36.144  render           | Video append frame 837
00:36.144  render           | Time: 00:00.06 (Saving: 00:00.00)
00:36.144  render           | Rendering frame 838
00:36.145  render           | Executing sequencer
00:36.178  render           | Video append frame 838
00:36.178  render           | Time: 00:00.03 (Saving: 00:00.00)
00:36.178  render           | Rendering frame 839
00:36.178  render           | Executing sequencer
00:36.206  render           | Video append frame 839
00:36.206  render           | Time: 00:00.02 (Saving: 00:00.00)
00:36.206  render           | Rendering frame 840
00:36.207  render           | Executing sequencer
00:36.241  render           | Video append frame 840
00:36.241  render           | Time: 00:00.03 (Saving: 00:00.00)
00:36.241  render           | Rendering frame 841
00:36.242  render           | Executing sequencer
00:36.282  render           | Video append frame 841
00:36.282  render           | Time: 00:00.04 (Saving: 00:00.00)
00:36.282  render           | Rendering frame 842
00:36.282  render           | Executing sequencer
00:36.321  render           | Video append frame 842
00:36.321  render           | Time: 00:00.03 (Saving: 00:00.00)
00:36.321  render           | Rendering frame 843
00:36.322  render           | Executing sequencer
00:36.369  render           | Video append frame 843
00:36.369  render           | Time: 00:00.04 (Saving: 00:00.00)
00:36.369  render           | Rendering frame 844
00:36.370  render           | Executing sequencer
00:36.402  render           | Video append frame 844
00:36.402  render           | Time: 00:00.03 (Saving: 00:00.00)
00:36.402  render           | Rendering frame 845
00:36.403  render           | Executing sequencer
00:36.439  render           | Video append frame 845
00:36.439  render           | Time: 00:00.03 (Saving: 00:00.00)
00:36.439  render           | Rendering frame 846
00:36.440  render           | Executing sequencer
00:36.468  render           | Video append frame 846
00:36.468  render           | Time: 00:00.02 (Saving: 00:00.00)
00:36.468  render           | Rendering frame 847
00:36.469  render           | Executing sequencer
00:36.509  render           | Video append frame 847
00:36.510  render           | Time: 00:00.04 (Saving: 00:00.00)
00:36.510  render           | Rendering frame 848
00:36.512  render           | Executing sequencer
00:36.547  render           | Video append frame 848
00:36.547  render           | Time: 00:00.03 (Saving: 00:00.00)
00:36.547  render           | Rendering frame 849
00:36.548  render           | Executing sequencer
00:36.591  render           | Video append frame 849
00:36.591  render           | Time: 00:00.04 (Saving: 00:00.00)
00:36.591  render           | Rendering frame 850
00:36.592  render           | Executing sequencer
00:36.623  render           | Video append frame 850
00:36.623  render           | Time: 00:00.03 (Saving: 00:00.00)
00:36.623  render           | Rendering frame 851
00:36.624  render           | Executing sequencer
00:36.655  render           | Video append frame 851
00:36.655  render           | Time: 00:00.03 (Saving: 00:00.00)
00:36.655  render           | Rendering frame 852
00:36.655  render           | Executing sequencer
00:36.687  render           | Video append frame 852
00:36.687  render           | Time: 00:00.03 (Saving: 00:00.00)
00:36.687  render           | Rendering frame 853
00:36.688  render           | Executing sequencer
00:36.718  render           | Video append frame 853
00:36.718  render           | Time: 00:00.03 (Saving: 00:00.00)
00:36.718  render           | Rendering frame 854
00:36.719  render           | Executing sequencer
00:36.756  render           | Video append frame 854
00:36.756  render           | Time: 00:00.03 (Saving: 00:00.01)
00:36.756  render           | Rendering frame 855
00:36.757  render           | Executing sequencer
00:36.787  render           | Video append frame 855
00:36.788  render           | Time: 00:00.03 (Saving: 00:00.00)
00:36.788  render           | Rendering frame 856
00:36.789  render           | Executing sequencer
00:36.819  render           | Video append frame 856
00:36.819  render           | Time: 00:00.03 (Saving: 00:00.00)
00:36.819  render           | Rendering frame 857
00:36.820  render           | Executing sequencer
00:36.849  render           | Video append frame 857
00:36.849  render           | Time: 00:00.02 (Saving: 00:00.00)
00:36.849  render           | Rendering frame 858
00:36.849  render           | Executing sequencer
00:36.881  render           | Video append frame 858
00:36.881  render           | Time: 00:00.03 (Saving: 00:00.00)
00:36.881  render           | Rendering frame 859
00:36.882  render           | Executing sequencer
00:36.913  render           | Video append frame 859
00:36.913  render           | Time: 00:00.03 (Saving: 00:00.00)
00:36.913  render           | Rendering frame 860
00:36.914  render           | Executing sequencer
00:36.944  render           | Video append frame 860
00:36.944  render           | Time: 00:00.03 (Saving: 00:00.00)
00:36.944  render           | Rendering frame 861
00:36.944  render           | Executing sequencer
00:36.976  render           | Video append frame 861
00:36.976  render           | Time: 00:00.03 (Saving: 00:00.00)
00:36.976  render           | Rendering frame 862
00:36.977  render           | Executing sequencer
00:37.005  render           | Video append frame 862
00:37.006  render           | Time: 00:00.02 (Saving: 00:00.00)
00:37.006  render           | Rendering frame 863
00:37.006  render           | Executing sequencer
00:37.036  render           | Video append frame 863
00:37.036  render           | Time: 00:00.02 (Saving: 00:00.00)
00:37.036  render           | Rendering frame 864
00:37.036  render           | Executing sequencer
00:37.063  render           | Video append frame 864
00:37.063  render           | Time: 00:00.02 (Saving: 00:00.00)
00:37.063  render           | Rendering frame 865
00:37.064  render           | Executing sequencer
00:37.094  render           | Video append frame 865
00:37.094  render           | Time: 00:00.03 (Saving: 00:00.00)
00:37.094  render           | Rendering frame 866
00:37.095  render           | Executing sequencer
00:37.139  render           | Video append frame 866
00:37.139  render           | Time: 00:00.04 (Saving: 00:00.00)
00:37.139  render           | Rendering frame 867
00:37.139  render           | Executing sequencer
00:37.169  render           | Video append frame 867
00:37.169  render           | Time: 00:00.02 (Saving: 00:00.00)
00:37.169  render           | Rendering frame 868
00:37.170  render           | Executing sequencer
00:37.201  render           | Video append frame 868
00:37.201  render           | Time: 00:00.03 (Saving: 00:00.00)
00:37.201  render           | Rendering frame 869
00:37.202  render           | Executing sequencer
00:37.228  render           | Video append frame 869
00:37.228  render           | Time: 00:00.02 (Saving: 00:00.00)
00:37.228  render           | Rendering frame 870
00:37.229  render           | Executing sequencer
00:37.254  render           | Video append frame 870
00:37.254  render           | Time: 00:00.02 (Saving: 00:00.00)
00:37.254  render           | Rendering frame 871
00:37.255  render           | Executing sequencer
00:37.301  render           | Video append frame 871
00:37.301  render           | Time: 00:00.04 (Saving: 00:00.00)
00:37.301  render           | Rendering frame 872
00:37.302  render           | Executing sequencer
00:37.313  render           | Video append frame 872
00:37.313  render           | Time: 00:00.01 (Saving: 00:00.00)
00:37.313  render           | Rendering frame 873
00:37.313  render           | Executing sequencer
00:37.325  render           | Video append frame 873
00:37.325  render           | Time: 00:00.01 (Saving: 00:00.00)
00:37.325  render           | Rendering frame 874
00:37.326  render           | Executing sequencer
00:37.345  render           | Video append frame 874
00:37.345  render           | Time: 00:00.01 (Saving: 00:00.00)
00:37.345  render           | Rendering frame 875
00:37.346  render           | Executing sequencer
00:37.385  render           | Video append frame 875
00:37.385  render           | Time: 00:00.03 (Saving: 00:00.00)
00:37.385  render           | Rendering frame 876
00:37.386  render           | Executing sequencer
00:37.421  render           | Video append frame 876
00:37.421  render           | Time: 00:00.03 (Saving: 00:00.00)
00:37.421  render           | Rendering frame 877
00:37.422  render           | Executing sequencer
00:37.459  render           | Video append frame 877
00:37.459  render           | Time: 00:00.03 (Saving: 00:00.00)
00:37.459  render           | Rendering frame 878
00:37.461  render           | Executing sequencer
00:37.491  render           | Video append frame 878
00:37.491  render           | Time: 00:00.02 (Saving: 00:00.00)
00:37.491  render           | Rendering frame 879
00:37.491  render           | Executing sequencer
00:37.517  render           | Video append frame 879
00:37.517  render           | Time: 00:00.02 (Saving: 00:00.00)
00:37.517  render           | Rendering frame 880
00:37.518  render           | Executing sequencer
00:37.548  render           | Video append frame 880
00:37.548  render           | Time: 00:00.02 (Saving: 00:00.00)
00:37.548  render           | Rendering frame 881
00:37.548  render           | Executing sequencer
00:37.576  render           | Video append frame 881
00:37.576  render           | Time: 00:00.02 (Saving: 00:00.00)
00:37.576  render           | Rendering frame 882
00:37.577  render           | Executing sequencer
00:37.602  render           | Video append frame 882
00:37.602  render           | Time: 00:00.02 (Saving: 00:00.00)
00:37.602  render           | Rendering frame 883
00:37.602  render           | Executing sequencer
00:37.626  render           | Video append frame 883
00:37.626  render           | Time: 00:00.02 (Saving: 00:00.00)
00:37.626  render           | Rendering frame 884
00:37.627  render           | Executing sequencer
00:37.652  render           | Video append frame 884
00:37.652  render           | Time: 00:00.02 (Saving: 00:00.00)
00:37.652  render           | Rendering frame 885
00:37.652  render           | Executing sequencer
00:37.681  render           | Video append frame 885
00:37.681  render           | Time: 00:00.02 (Saving: 00:00.00)
00:37.681  render           | Rendering frame 886
00:37.681  render           | Executing sequencer
00:37.710  render           | Video append frame 886
00:37.710  render           | Time: 00:00.02 (Saving: 00:00.00)
00:37.710  render           | Rendering frame 887
00:37.711  render           | Executing sequencer
00:37.739  render           | Video append frame 887
00:37.739  render           | Time: 00:00.02 (Saving: 00:00.00)
00:37.739  render           | Rendering frame 888
00:37.740  render           | Executing sequencer
00:37.777  render           | Video append frame 888
00:37.778  render           | Time: 00:00.03 (Saving: 00:00.00)
00:37.778  render           | Rendering frame 889
00:37.778  render           | Executing sequencer
00:37.805  render           | Video append frame 889
00:37.805  render           | Time: 00:00.02 (Saving: 00:00.00)
00:37.805  render           | Rendering frame 890
00:37.806  render           | Executing sequencer
00:37.831  render           | Video append frame 890
00:37.831  render           | Time: 00:00.02 (Saving: 00:00.00)
00:37.831  render           | Rendering frame 891
00:37.832  render           | Executing sequencer
00:37.862  render           | Video append frame 891
00:37.863  render           | Time: 00:00.03 (Saving: 00:00.00)
00:37.863  render           | Rendering frame 892
00:37.864  render           | Executing sequencer
00:37.995  render           | Video append frame 892
00:37.995  render           | Time: 00:00.13 (Saving: 00:00.00)
00:37.995  render           | Rendering frame 893
00:37.995  render           | Executing sequencer
00:38.017  render           | Video append frame 893
00:38.017  render           | Time: 00:00.02 (Saving: 00:00.00)
00:38.017  render           | Rendering frame 894
00:38.018  render           | Executing sequencer
00:38.040  render           | Video append frame 894
00:38.040  render           | Time: 00:00.02 (Saving: 00:00.00)
00:38.040  render           | Rendering frame 895
00:38.040  render           | Executing sequencer
00:38.069  render           | Video append frame 895
00:38.069  render           | Time: 00:00.02 (Saving: 00:00.00)
00:38.069  render           | Rendering frame 896
00:38.070  render           | Executing sequencer
00:38.095  render           | Video append frame 896
00:38.095  render           | Time: 00:00.02 (Saving: 00:00.00)
00:38.095  render           | Rendering frame 897
00:38.096  render           | Executing sequencer
00:38.121  render           | Video append frame 897
00:38.121  render           | Time: 00:00.02 (Saving: 00:00.00)
00:38.121  render           | Rendering frame 898
00:38.122  render           | Executing sequencer
00:38.154  render           | Video append frame 898
00:38.154  render           | Time: 00:00.03 (Saving: 00:00.00)
00:38.154  render           | Rendering frame 899
00:38.155  render           | Executing sequencer
00:38.187  render           | Video append frame 899
00:38.187  render           | Time: 00:00.03 (Saving: 00:00.00)
00:38.187  render           | Rendering frame 900
00:38.187  render           | Executing sequencer
00:38.217  render           | Video append frame 900
00:38.217  render           | Time: 00:00.02 (Saving: 00:00.00)
00:38.217  render           | Rendering frame 901
00:38.217  render           | Executing sequencer
00:38.241  render           | Video append frame 901
00:38.241  render           | Time: 00:00.02 (Saving: 00:00.00)
00:38.241  render           | Rendering frame 902
00:38.242  render           | Executing sequencer
00:38.275  render           | Video append frame 902
00:38.275  render           | Time: 00:00.03 (Saving: 00:00.00)
00:38.275  render           | Rendering frame 903
00:38.276  render           | Executing sequencer
00:38.302  render           | Video append frame 903
00:38.302  render           | Time: 00:00.02 (Saving: 00:00.00)
00:38.302  render           | Rendering frame 904
00:38.303  render           | Executing sequencer
00:38.329  render           | Video append frame 904
00:38.329  render           | Time: 00:00.02 (Saving: 00:00.00)
00:38.329  render           | Rendering frame 905
00:38.329  render           | Executing sequencer
00:38.358  render           | Video append frame 905
00:38.358  render           | Time: 00:00.02 (Saving: 00:00.00)
00:38.358  render           | Rendering frame 906
00:38.358  render           | Executing sequencer
00:38.386  render           | Video append frame 906
00:38.386  render           | Time: 00:00.02 (Saving: 00:00.00)
00:38.386  render           | Rendering frame 907
00:38.386  render           | Executing sequencer
00:38.413  render           | Video append frame 907
00:38.413  render           | Time: 00:00.02 (Saving: 00:00.00)
00:38.413  render           | Rendering frame 908
00:38.413  render           | Executing sequencer
00:38.442  render           | Video append frame 908
00:38.442  render           | Time: 00:00.02 (Saving: 00:00.00)
00:38.442  render           | Rendering frame 909
00:38.442  render           | Executing sequencer
00:38.474  render           | Video append frame 909
00:38.474  render           | Time: 00:00.03 (Saving: 00:00.00)
00:38.474  render           | Rendering frame 910
00:38.475  render           | Executing sequencer
00:38.505  render           | Video append frame 910
00:38.505  render           | Time: 00:00.03 (Saving: 00:00.00)
00:38.505  render           | Rendering frame 911
00:38.506  render           | Executing sequencer
00:38.533  render           | Video append frame 911
00:38.533  render           | Time: 00:00.02 (Saving: 00:00.00)
00:38.533  render           | Rendering frame 912
00:38.533  render           | Executing sequencer
00:38.557  render           | Video append frame 912
00:38.557  render           | Time: 00:00.02 (Saving: 00:00.00)
00:38.557  render           | Rendering frame 913
00:38.558  render           | Executing sequencer
00:38.571  render           | Video append frame 913
00:38.571  render           | Time: 00:00.01 (Saving: 00:00.00)
00:38.571  render           | Rendering frame 914
00:38.572  render           | Executing sequencer
00:38.582  render           | Video append frame 914
00:38.583  render           | Time: 00:00.01 (Saving: 00:00.00)
00:38.583  render           | Rendering frame 915
00:38.583  render           | Executing sequencer
00:38.597  render           | Video append frame 915
00:38.597  render           | Time: 00:00.01 (Saving: 00:00.00)
00:38.597  render           | Rendering frame 916
00:38.598  render           | Executing sequencer
00:38.652  render           | Video append frame 916
00:38.652  render           | Time: 00:00.05 (Saving: 00:00.00)
00:38.652  render           | Rendering frame 917
00:38.653  render           | Executing sequencer
00:38.683  render           | Video append frame 917
00:38.683  render           | Time: 00:00.03 (Saving: 00:00.00)
00:38.683  render           | Rendering frame 918
00:38.683  render           | Executing sequencer
00:38.720  render           | Video append frame 918
00:38.720  render           | Time: 00:00.03 (Saving: 00:00.00)
00:38.720  render           | Rendering frame 919
00:38.720  render           | Executing sequencer
00:38.752  render           | Video append frame 919
00:38.752  render           | Time: 00:00.03 (Saving: 00:00.00)
00:38.752  render           | Rendering frame 920
00:38.753  render           | Executing sequencer
00:38.785  render           | Video append frame 920
00:38.785  render           | Time: 00:00.03 (Saving: 00:00.00)
00:38.785  render           | Rendering frame 921
00:38.786  render           | Executing sequencer
00:38.814  render           | Video append frame 921
00:38.814  render           | Time: 00:00.02 (Saving: 00:00.00)
00:38.814  render           | Rendering frame 922
00:38.815  render           | Executing sequencer
00:38.843  render           | Video append frame 922
00:38.843  render           | Time: 00:00.02 (Saving: 00:00.00)
00:38.843  render           | Rendering frame 923
00:38.843  render           | Executing sequencer
00:38.878  render           | Video append frame 923
00:38.878  render           | Time: 00:00.03 (Saving: 00:00.00)
00:38.878  render           | Rendering frame 924
00:38.879  render           | Executing sequencer
00:38.908  render           | Video append frame 924
00:38.908  render           | Time: 00:00.02 (Saving: 00:00.00)
00:38.908  render           | Rendering frame 925
00:38.909  render           | Executing sequencer
00:38.938  render           | Video append frame 925
00:38.938  render           | Time: 00:00.02 (Saving: 00:00.00)
00:38.938  render           | Rendering frame 926
00:38.939  render           | Executing sequencer
00:38.968  render           | Video append frame 926
00:38.968  render           | Time: 00:00.02 (Saving: 00:00.00)
00:38.968  render           | Rendering frame 927
00:38.969  render           | Executing sequencer
00:39.004  render           | Video append frame 927
00:39.004  render           | Time: 00:00.03 (Saving: 00:00.00)
00:39.004  render           | Rendering frame 928
00:39.005  render           | Executing sequencer
00:39.042  render           | Video append frame 928
00:39.042  render           | Time: 00:00.03 (Saving: 00:00.00)
00:39.042  render           | Rendering frame 929
00:39.042  render           | Executing sequencer
00:39.067  render           | Video append frame 929
00:39.067  render           | Time: 00:00.02 (Saving: 00:00.00)
00:39.067  render           | Rendering frame 930
00:39.068  render           | Executing sequencer
00:39.095  render           | Video append frame 930
00:39.095  render           | Time: 00:00.02 (Saving: 00:00.00)
00:39.095  render           | Rendering frame 931
00:39.095  render           | Executing sequencer
00:39.119  render           | Video append frame 931
00:39.119  render           | Time: 00:00.02 (Saving: 00:00.00)
00:39.119  render           | Rendering frame 932
00:39.120  render           | Executing sequencer
00:39.146  render           | Video append frame 932
00:39.146  render           | Time: 00:00.02 (Saving: 00:00.00)
00:39.146  render           | Rendering frame 933
00:39.147  render           | Executing sequencer
00:39.173  render           | Video append frame 933
00:39.173  render           | Time: 00:00.02 (Saving: 00:00.00)
00:39.173  render           | Rendering frame 934
00:39.174  render           | Executing sequencer
00:39.201  render           | Video append frame 934
00:39.201  render           | Time: 00:00.02 (Saving: 00:00.00)
00:39.201  render           | Rendering frame 935
00:39.202  render           | Executing sequencer
00:39.230  render           | Video append frame 935
00:39.230  render           | Time: 00:00.02 (Saving: 00:00.00)
00:39.230  render           | Rendering frame 936
00:39.231  render           | Executing sequencer
00:39.269  render           | Video append frame 936
00:39.269  render           | Time: 00:00.03 (Saving: 00:00.00)
00:39.269  render           | Rendering frame 937
00:39.269  render           | Executing sequencer
00:39.295  render           | Video append frame 937
00:39.295  render           | Time: 00:00.02 (Saving: 00:00.00)
00:39.295  render           | Rendering frame 938
00:39.296  render           | Executing sequencer
00:39.322  render           | Video append frame 938
00:39.322  render           | Time: 00:00.02 (Saving: 00:00.00)
00:39.322  render           | Rendering frame 939
00:39.323  render           | Executing sequencer
00:39.349  render           | Video append frame 939
00:39.349  render           | Time: 00:00.02 (Saving: 00:00.00)
00:39.349  render           | Rendering frame 940
00:39.350  render           | Executing sequencer
00:39.374  render           | Video append frame 940
00:39.374  render           | Time: 00:00.02 (Saving: 00:00.00)
00:39.374  render           | Rendering frame 941
00:39.375  render           | Executing sequencer
00:39.404  render           | Video append frame 941
00:39.404  render           | Time: 00:00.02 (Saving: 00:00.00)
00:39.404  render           | Rendering frame 942
00:39.405  render           | Executing sequencer
00:39.434  render           | Video append frame 942
00:39.434  render           | Time: 00:00.02 (Saving: 00:00.00)
00:39.434  render           | Rendering frame 943
00:39.435  render           | Executing sequencer
00:39.471  render           | Video append frame 943
00:39.471  render           | Time: 00:00.03 (Saving: 00:00.00)
00:39.471  render           | Rendering frame 944
00:39.472  render           | Executing sequencer
00:39.500  render           | Video append frame 944
00:39.500  render           | Time: 00:00.02 (Saving: 00:00.00)
00:39.500  render           | Rendering frame 945
00:39.500  render           | Executing sequencer
00:39.531  render           | Video append frame 945
00:39.531  render           | Time: 00:00.03 (Saving: 00:00.00)
00:39.531  render           | Rendering frame 946
00:39.532  render           | Executing sequencer
00:39.594  render           | Video append frame 946
00:39.594  render           | Time: 00:00.06 (Saving: 00:00.00)
00:39.594  render           | Rendering frame 947
00:39.595  render           | Executing sequencer
00:39.622  render           | Video append frame 947
00:39.622  render           | Time: 00:00.02 (Saving: 00:00.00)
00:39.622  render           | Rendering frame 948
00:39.622  render           | Executing sequencer
00:39.652  render           | Video append frame 948
00:39.652  render           | Time: 00:00.02 (Saving: 00:00.00)
00:39.652  render           | Rendering frame 949
00:39.653  render           | Executing sequencer
00:39.687  render           | Video append frame 949
00:39.687  render           | Time: 00:00.03 (Saving: 00:00.00)
00:39.687  render           | Rendering frame 950
00:39.688  render           | Executing sequencer
00:39.717  render           | Video append frame 950
00:39.717  render           | Time: 00:00.02 (Saving: 00:00.00)
00:39.717  render           | Rendering frame 951
00:39.718  render           | Executing sequencer
00:39.751  render           | Video append frame 951
00:39.751  render           | Time: 00:00.03 (Saving: 00:00.00)
00:39.751  render           | Rendering frame 952
00:39.751  render           | Executing sequencer
00:39.780  render           | Video append frame 952
00:39.780  render           | Time: 00:00.02 (Saving: 00:00.00)
00:39.780  render           | Rendering frame 953
00:39.781  render           | Executing sequencer
00:39.811  render           | Video append frame 953
00:39.811  render           | Time: 00:00.03 (Saving: 00:00.00)
00:39.811  render           | Rendering frame 954
00:39.812  render           | Executing sequencer
00:39.839  render           | Video append frame 954
00:39.839  render           | Time: 00:00.02 (Saving: 00:00.00)
00:39.839  render           | Rendering frame 955
00:39.839  render           | Executing sequencer
00:39.866  render           | Video append frame 955
00:39.866  render           | Time: 00:00.02 (Saving: 00:00.00)
00:39.866  render           | Rendering frame 956
00:39.867  render           | Executing sequencer
00:39.895  render           | Video append frame 956
00:39.895  render           | Time: 00:00.02 (Saving: 00:00.00)
00:39.895  render           | Rendering frame 957
00:39.896  render           | Executing sequencer
00:39.920  render           | Video append frame 957
00:39.920  render           | Time: 00:00.02 (Saving: 00:00.00)
00:39.920  render           | Rendering frame 958
00:39.921  render           | Executing sequencer
00:39.947  render           | Video append frame 958
00:39.947  render           | Time: 00:00.02 (Saving: 00:00.00)
00:39.947  render           | Rendering frame 959
00:39.948  render           | Executing sequencer
00:39.992  render           | Video append frame 959
00:39.993  render           | Time: 00:00.04 (Saving: 00:00.00)
00:39.993  render           | Rendering frame 960
00:39.993  render           | Executing sequencer
00:40.017  render           | Video append frame 960
00:40.017  render           | Time: 00:00.02 (Saving: 00:00.00)
00:40.017  render           | Rendering frame 961
00:40.018  render           | Executing sequencer
00:40.029  render           | Video append frame 961
00:40.029  render           | Time: 00:00.01 (Saving: 00:00.00)
00:40.029  render           | Rendering frame 962
00:40.030  render           | Executing sequencer
00:40.054  render           | Video append frame 962
00:40.054  render           | Time: 00:00.02 (Saving: 00:00.00)
00:40.054  render           | Rendering frame 963
00:40.055  render           | Executing sequencer
00:40.080  render           | Video append frame 963
00:40.080  render           | Time: 00:00.02 (Saving: 00:00.00)
00:40.080  render           | Rendering frame 964
00:40.082  render           | Executing sequencer
00:40.107  render           | Video append frame 964
00:40.108  render           | Time: 00:00.02 (Saving: 00:00.00)
00:40.108  render           | Rendering frame 965
00:40.108  render           | Executing sequencer
00:40.130  render           | Video append frame 965
00:40.130  render           | Time: 00:00.02 (Saving: 00:00.00)
00:40.130  render           | Rendering frame 966
00:40.131  render           | Executing sequencer
00:40.148  render           | Video append frame 966
00:40.148  render           | Time: 00:00.01 (Saving: 00:00.00)
00:40.148  render           | Rendering frame 967
00:40.148  render           | Executing sequencer
00:40.164  render           | Video append frame 967
00:40.165  render           | Time: 00:00.01 (Saving: 00:00.00)
00:40.165  render           | Rendering frame 968
00:40.165  render           | Executing sequencer
00:40.183  render           | Video append frame 968
00:40.183  render           | Time: 00:00.01 (Saving: 00:00.00)
00:40.183  render           | Rendering frame 969
00:40.184  render           | Executing sequencer
00:40.203  render           | Video append frame 969
00:40.203  render           | Time: 00:00.01 (Saving: 00:00.00)
00:40.203  render           | Rendering frame 970
00:40.204  render           | Executing sequencer
00:40.223  render           | Video append frame 970
00:40.223  render           | Time: 00:00.01 (Saving: 00:00.00)
00:40.223  render           | Rendering frame 971
00:40.223  render           | Executing sequencer
00:40.243  render           | Video append frame 971
00:40.243  render           | Time: 00:00.01 (Saving: 00:00.00)
00:40.243  render           | Rendering frame 972
00:40.244  render           | Executing sequencer
00:40.263  render           | Video append frame 972
00:40.263  render           | Time: 00:00.01 (Saving: 00:00.00)
00:40.263  render           | Rendering frame 973
00:40.264  render           | Executing sequencer
00:40.284  render           | Video append frame 973
00:40.284  render           | Time: 00:00.02 (Saving: 00:00.00)
00:40.284  render           | Rendering frame 974
00:40.285  render           | Executing sequencer
00:40.305  render           | Video append frame 974
00:40.305  render           | Time: 00:00.02 (Saving: 00:00.00)
00:40.305  render           | Rendering frame 975
00:40.306  render           | Executing sequencer
00:40.324  render           | Video append frame 975
00:40.325  render           | Time: 00:00.01 (Saving: 00:00.00)
00:40.325  render           | Rendering frame 976
00:40.325  render           | Executing sequencer
00:40.378  render           | Video append frame 976
00:40.378  render           | Time: 00:00.05 (Saving: 00:00.00)
00:40.378  render           | Rendering frame 977
00:40.379  render           | Executing sequencer
00:40.399  render           | Video append frame 977
00:40.399  render           | Time: 00:00.02 (Saving: 00:00.00)
00:40.399  render           | Rendering frame 978
00:40.399  render           | Executing sequencer
00:40.423  render           | Video append frame 978
00:40.423  render           | Time: 00:00.02 (Saving: 00:00.00)
00:40.423  render           | Rendering frame 979
00:40.423  render           | Executing sequencer
00:40.446  render           | Video append frame 979
00:40.446  render           | Time: 00:00.02 (Saving: 00:00.00)
00:40.446  render           | Rendering frame 980
00:40.447  render           | Executing sequencer
00:40.472  render           | Video append frame 980
00:40.472  render           | Time: 00:00.02 (Saving: 00:00.00)
00:40.472  render           | Rendering frame 981
00:40.472  render           | Executing sequencer
00:40.494  render           | Video append frame 981
00:40.494  render           | Time: 00:00.02 (Saving: 00:00.00)
00:40.494  render           | Rendering frame 982
00:40.495  render           | Executing sequencer
00:40.516  render           | Video append frame 982
00:40.516  render           | Time: 00:00.02 (Saving: 00:00.00)
00:40.516  render           | Rendering frame 983
00:40.516  render           | Executing sequencer
00:40.538  render           | Video append frame 983
00:40.538  render           | Time: 00:00.02 (Saving: 00:00.00)
00:40.538  render           | Rendering frame 984
00:40.538  render           | Executing sequencer
00:40.563  render           | Video append frame 984
00:40.563  render           | Time: 00:00.02 (Saving: 00:00.00)
00:40.563  render           | Rendering frame 985
00:40.564  render           | Executing sequencer
00:40.583  render           | Video append frame 985
00:40.583  render           | Time: 00:00.01 (Saving: 00:00.00)
00:40.583  render           | Rendering frame 986
00:40.584  render           | Executing sequencer
00:40.607  render           | Video append frame 986
00:40.607  render           | Time: 00:00.02 (Saving: 00:00.00)
00:40.607  render           | Rendering frame 987
00:40.608  render           | Executing sequencer
00:40.630  render           | Video append frame 987
00:40.630  render           | Time: 00:00.02 (Saving: 00:00.00)
00:40.630  render           | Rendering frame 988
00:40.630  render           | Executing sequencer
00:40.653  render           | Video append frame 988
00:40.653  render           | Time: 00:00.02 (Saving: 00:00.00)
00:40.653  render           | Rendering frame 989
00:40.653  render           | Executing sequencer
00:40.678  render           | Video append frame 989
00:40.678  render           | Time: 00:00.02 (Saving: 00:00.00)
00:40.678  render           | Rendering frame 990
00:40.679  render           | Executing sequencer
00:40.702  render           | Video append frame 990
00:40.702  render           | Time: 00:00.02 (Saving: 00:00.00)
00:40.702  render           | Rendering frame 991
00:40.703  render           | Executing sequencer
00:40.758  render           | Video append frame 991
00:40.758  render           | Time: 00:00.05 (Saving: 00:00.00)
00:40.758  render           | Rendering frame 992
00:40.759  render           | Executing sequencer
00:40.795  render           | Video append frame 992
00:40.795  render           | Time: 00:00.03 (Saving: 00:00.00)
00:40.795  render           | Rendering frame 993
00:40.796  render           | Executing sequencer
00:40.832  render           | Video append frame 993
00:40.832  render           | Time: 00:00.03 (Saving: 00:00.00)
00:40.832  render           | Rendering frame 994
00:40.833  render           | Executing sequencer
00:40.859  render           | Video append frame 994
00:40.859  render           | Time: 00:00.02 (Saving: 00:00.00)
00:40.859  render           | Rendering frame 995
00:40.860  render           | Executing sequencer
00:40.891  render           | Video append frame 995
00:40.891  render           | Time: 00:00.03 (Saving: 00:00.00)
00:40.891  render           | Rendering frame 996
00:40.892  render           | Executing sequencer
00:40.915  render           | Video append frame 996
00:40.915  render           | Time: 00:00.02 (Saving: 00:00.00)
00:40.915  render           | Rendering frame 997
00:40.915  render           | Executing sequencer
00:40.938  render           | Video append frame 997
00:40.938  render           | Time: 00:00.02 (Saving: 00:00.00)
00:40.938  render           | Rendering frame 998
00:40.939  render           | Executing sequencer
00:40.971  render           | Video append frame 998
00:40.971  render           | Time: 00:00.03 (Saving: 00:00.00)
00:40.971  render           | Rendering frame 999
00:40.971  render           | Executing sequencer
00:40.995  render           | Video append frame 999
00:40.996  render           | Time: 00:00.02 (Saving: 00:00.00)
00:40.996  render           | Rendering frame 1000
00:40.996  render           | Executing sequencer
00:41.023  render           | Video append frame 1000
00:41.023  render           | Time: 00:00.02 (Saving: 00:00.00)
00:41.023  render           | Rendering frame 1001
00:41.024  render           | Executing sequencer
00:41.050  render           | Video append frame 1001
00:41.050  render           | Time: 00:00.02 (Saving: 00:00.00)
00:41.050  render           | Rendering frame 1002
00:41.051  render           | Executing sequencer
00:41.078  render           | Video append frame 1002
00:41.078  render           | Time: 00:00.02 (Saving: 00:00.00)
00:41.078  render           | Rendering frame 1003
00:41.079  render           | Executing sequencer
00:41.108  render           | Video append frame 1003
00:41.108  render           | Time: 00:00.02 (Saving: 00:00.00)
00:41.108  render           | Rendering frame 1004
00:41.108  render           | Executing sequencer
00:41.144  render           | Video append frame 1004
00:41.144  render           | Time: 00:00.03 (Saving: 00:00.00)
00:41.144  render           | Rendering frame 1005
00:41.145  render           | Executing sequencer
00:41.176  render           | Video append frame 1005
00:41.176  render           | Time: 00:00.03 (Saving: 00:00.00)
00:41.176  render           | Rendering frame 1006
00:41.177  render           | Executing sequencer
00:41.241  render           | Video append frame 1006
00:41.241  render           | Time: 00:00.06 (Saving: 00:00.00)
00:41.241  render           | Rendering frame 1007
00:41.242  render           | Executing sequencer
00:41.270  render           | Video append frame 1007
00:41.270  render           | Time: 00:00.02 (Saving: 00:00.00)
00:41.271  render           | Rendering frame 1008
00:41.271  render           | Executing sequencer
00:41.297  render           | Video append frame 1008
00:41.297  render           | Time: 00:00.02 (Saving: 00:00.00)
00:41.297  render           | Rendering frame 1009
00:41.298  render           | Executing sequencer
00:41.326  render           | Video append frame 1009
00:41.326  render           | Time: 00:00.02 (Saving: 00:00.00)
00:41.326  render           | Rendering frame 1010
00:41.327  render           | Executing sequencer
00:41.356  render           | Video append frame 1010
00:41.356  render           | Time: 00:00.02 (Saving: 00:00.00)
00:41.356  render           | Rendering frame 1011
00:41.357  render           | Executing sequencer
00:41.385  render           | Video append frame 1011
00:41.385  render           | Time: 00:00.02 (Saving: 00:00.00)
00:41.385  render           | Rendering frame 1012
00:41.386  render           | Executing sequencer
00:41.415  render           | Video append frame 1012
00:41.415  render           | Time: 00:00.02 (Saving: 00:00.00)
00:41.415  render           | Rendering frame 1013
00:41.416  render           | Executing sequencer
00:41.440  render           | Video append frame 1013
00:41.440  render           | Time: 00:00.02 (Saving: 00:00.00)
00:41.440  render           | Rendering frame 1014
00:41.442  render           | Executing sequencer
00:41.465  render           | Video append frame 1014
00:41.465  render           | Time: 00:00.02 (Saving: 00:00.00)
00:41.465  render           | Rendering frame 1015
00:41.466  render           | Executing sequencer
00:41.492  render           | Video append frame 1015
00:41.492  render           | Time: 00:00.02 (Saving: 00:00.00)
00:41.492  render           | Rendering frame 1016
00:41.493  render           | Executing sequencer
00:41.524  render           | Video append frame 1016
00:41.524  render           | Time: 00:00.03 (Saving: 00:00.00)
00:41.524  render           | Rendering frame 1017
00:41.524  render           | Executing sequencer
00:41.556  render           | Video append frame 1017
00:41.556  render           | Time: 00:00.03 (Saving: 00:00.00)
00:41.556  render           | Rendering frame 1018
00:41.557  render           | Executing sequencer
00:41.592  render           | Video append frame 1018
00:41.592  render           | Time: 00:00.03 (Saving: 00:00.00)
00:41.592  render           | Rendering frame 1019
00:41.592  render           | Executing sequencer
00:41.620  render           | Video append frame 1019
00:41.620  render           | Time: 00:00.02 (Saving: 00:00.00)
00:41.620  render           | Rendering frame 1020
00:41.621  render           | Executing sequencer
00:41.651  render           | Video append frame 1020
00:41.651  render           | Time: 00:00.02 (Saving: 00:00.00)
00:41.651  render           | Rendering frame 1021
00:41.651  render           | Executing sequencer
00:41.691  render           | Video append frame 1021
00:41.692  render           | Time: 00:00.04 (Saving: 00:00.00)
00:41.692  render           | Rendering frame 1022
00:41.692  render           | Executing sequencer
00:41.730  render           | Video append frame 1022
00:41.730  render           | Time: 00:00.03 (Saving: 00:00.00)
00:41.730  render           | Rendering frame 1023
00:41.730  render           | Executing sequencer
00:41.777  render           | Video append frame 1023
00:41.777  render           | Time: 00:00.04 (Saving: 00:00.00)
00:41.777  render           | Rendering frame 1024
00:41.778  render           | Executing sequencer
00:41.819  render           | Video append frame 1024
00:41.820  render           | Time: 00:00.04 (Saving: 00:00.00)
00:41.820  render           | Rendering frame 1025
00:41.821  render           | Executing sequencer
00:41.856  render           | Video append frame 1025
00:41.856  render           | Time: 00:00.03 (Saving: 00:00.00)
00:41.856  render           | Rendering frame 1026
00:41.857  render           | Executing sequencer
00:41.892  render           | Video append frame 1026
00:41.892  render           | Time: 00:00.03 (Saving: 00:00.00)
00:41.892  render           | Rendering frame 1027
00:41.892  render           | Executing sequencer
00:41.920  render           | Video append frame 1027
00:41.920  render           | Time: 00:00.02 (Saving: 00:00.00)
00:41.920  render           | Rendering frame 1028
00:41.921  render           | Executing sequencer
00:41.953  render           | Video append frame 1028
00:41.953  render           | Time: 00:00.03 (Saving: 00:00.00)
00:41.953  render           | Rendering frame 1029
00:41.953  render           | Executing sequencer
00:41.983  render           | Video append frame 1029
00:41.983  render           | Time: 00:00.02 (Saving: 00:00.00)
00:41.983  render           | Rendering frame 1030
00:41.984  render           | Executing sequencer
00:42.012  render           | Video append frame 1030
00:42.013  render           | Time: 00:00.02 (Saving: 00:00.00)
00:42.013  render           | Rendering frame 1031
00:42.013  render           | Executing sequencer
00:42.044  render           | Video append frame 1031
00:42.044  render           | Time: 00:00.03 (Saving: 00:00.00)
00:42.044  render           | Rendering frame 1032
00:42.046  render           | Executing sequencer
00:42.078  render           | Video append frame 1032
00:42.078  render           | Time: 00:00.03 (Saving: 00:00.00)
00:42.078  render           | Rendering frame 1033
00:42.079  render           | Executing sequencer
00:42.115  render           | Video append frame 1033
00:42.115  render           | Time: 00:00.03 (Saving: 00:00.00)
00:42.115  render           | Rendering frame 1034
00:42.116  render           | Executing sequencer
00:42.151  render           | Video append frame 1034
00:42.151  render           | Time: 00:00.03 (Saving: 00:00.00)
00:42.151  render           | Rendering frame 1035
00:42.152  render           | Executing sequencer
00:42.201  render           | Video append frame 1035
00:42.201  render           | Time: 00:00.04 (Saving: 00:00.00)
00:42.201  render           | Rendering frame 1036
00:42.202  render           | Executing sequencer
00:42.238  render           | Video append frame 1036
00:42.238  render           | Time: 00:00.03 (Saving: 00:00.00)
00:42.238  render           | Rendering frame 1037
00:42.239  render           | Executing sequencer
00:42.278  render           | Video append frame 1037
00:42.278  render           | Time: 00:00.03 (Saving: 00:00.00)
00:42.278  render           | Rendering frame 1038
00:42.279  render           | Executing sequencer
00:42.314  render           | Video append frame 1038
00:42.314  render           | Time: 00:00.03 (Saving: 00:00.00)
00:42.314  render           | Rendering frame 1039
00:42.315  render           | Executing sequencer
00:42.354  render           | Video append frame 1039
00:42.354  render           | Time: 00:00.03 (Saving: 00:00.00)
00:42.354  render           | Rendering frame 1040
00:42.355  render           | Executing sequencer
00:42.390  render           | Video append frame 1040
00:42.390  render           | Time: 00:00.03 (Saving: 00:00.00)
00:42.390  render           | Rendering frame 1041
00:42.391  render           | Executing sequencer
00:42.419  render           | Video append frame 1041
00:42.419  render           | Time: 00:00.02 (Saving: 00:00.00)
00:42.419  render           | Rendering frame 1042
00:42.419  render           | Executing sequencer
00:42.459  render           | Video append frame 1042
00:42.459  render           | Time: 00:00.03 (Saving: 00:00.00)
00:42.459  render           | Rendering frame 1043
00:42.460  render           | Executing sequencer
00:42.493  render           | Video append frame 1043
00:42.493  render           | Time: 00:00.03 (Saving: 00:00.00)
00:42.493  render           | Rendering frame 1044
00:42.493  render           | Executing sequencer
00:42.532  render           | Video append frame 1044
00:42.532  render           | Time: 00:00.03 (Saving: 00:00.00)
00:42.532  render           | Rendering frame 1045
00:42.533  render           | Executing sequencer
00:42.569  render           | Video append frame 1045
00:42.569  render           | Time: 00:00.03 (Saving: 00:00.00)
00:42.569  render           | Rendering frame 1046
00:42.570  render           | Executing sequencer
00:42.605  render           | Video append frame 1046
00:42.605  render           | Time: 00:00.03 (Saving: 00:00.00)
00:42.605  render           | Rendering frame 1047
00:42.606  render           | Executing sequencer
00:42.641  render           | Video append frame 1047
00:42.641  render           | Time: 00:00.03 (Saving: 00:00.00)
00:42.641  render           | Rendering frame 1048
00:42.642  render           | Executing sequencer
00:42.678  render           | Video append frame 1048
00:42.678  render           | Time: 00:00.03 (Saving: 00:00.00)
00:42.678  render           | Rendering frame 1049
00:42.678  render           | Executing sequencer
00:42.707  render           | Video append frame 1049
00:42.707  render           | Time: 00:00.02 (Saving: 00:00.00)
00:42.708  render           | Rendering frame 1050
00:42.709  render           | Executing sequencer
00:42.745  render           | Video append frame 1050
00:42.745  render           | Time: 00:00.03 (Saving: 00:00.00)
00:42.745  render           | Rendering frame 1051
00:42.745  render           | Executing sequencer
00:42.779  render           | Video append frame 1051
00:42.779  render           | Time: 00:00.03 (Saving: 00:00.00)
00:42.779  render           | Rendering frame 1052
00:42.780  render           | Executing sequencer
00:42.812  render           | Video append frame 1052
00:42.812  render           | Time: 00:00.03 (Saving: 00:00.00)
00:42.812  render           | Rendering frame 1053
00:42.812  render           | Executing sequencer
00:42.843  render           | Video append frame 1053
00:42.843  render           | Time: 00:00.03 (Saving: 00:00.00)
00:42.843  render           | Rendering frame 1054
00:42.844  render           | Executing sequencer
00:42.882  render           | Video append frame 1054
00:42.882  render           | Time: 00:00.03 (Saving: 00:00.00)
00:42.882  render           | Rendering frame 1055
00:42.883  render           | Executing sequencer
00:42.924  render           | Video append frame 1055
00:42.924  render           | Time: 00:00.04 (Saving: 00:00.00)
00:42.924  render           | Rendering frame 1056
00:42.924  render           | Executing sequencer
00:42.955  render           | Video append frame 1056
00:42.955  render           | Time: 00:00.03 (Saving: 00:00.00)
00:42.955  render           | Rendering frame 1057
00:42.956  render           | Executing sequencer
00:42.986  render           | Video append frame 1057
00:42.986  render           | Time: 00:00.03 (Saving: 00:00.00)
00:42.986  render           | Rendering frame 1058
00:42.987  render           | Executing sequencer
00:43.024  render           | Video append frame 1058
00:43.024  render           | Time: 00:00.03 (Saving: 00:00.00)
00:43.024  render           | Rendering frame 1059
00:43.025  render           | Executing sequencer
00:43.060  render           | Video append frame 1059
00:43.060  render           | Time: 00:00.03 (Saving: 00:00.00)
00:43.060  render           | Rendering frame 1060
00:43.061  render           | Executing sequencer
00:43.097  render           | Video append frame 1060
00:43.097  render           | Time: 00:00.03 (Saving: 00:00.00)
00:43.097  render           | Rendering frame 1061
00:43.098  render           | Executing sequencer
00:43.132  render           | Video append frame 1061
00:43.132  render           | Time: 00:00.03 (Saving: 00:00.00)
00:43.132  render           | Rendering frame 1062
00:43.133  render           | Executing sequencer
00:43.166  render           | Video append frame 1062
00:43.166  render           | Time: 00:00.03 (Saving: 00:00.00)
00:43.166  render           | Rendering frame 1063
00:43.167  render           | Executing sequencer
00:43.200  render           | Video append frame 1063
00:43.200  render           | Time: 00:00.03 (Saving: 00:00.00)
00:43.200  render           | Rendering frame 1064
00:43.200  render           | Executing sequencer
00:43.233  render           | Video append frame 1064
00:43.233  render           | Time: 00:00.03 (Saving: 00:00.00)
00:43.233  render           | Rendering frame 1065
00:43.233  render           | Executing sequencer
00:43.267  render           | Video append frame 1065
00:43.268  render           | Time: 00:00.03 (Saving: 00:00.00)
00:43.268  render           | Rendering frame 1066
00:43.268  render           | Executing sequencer
00:43.301  render           | Video append frame 1066
00:43.301  render           | Time: 00:00.03 (Saving: 00:00.00)
00:43.301  render           | Rendering frame 1067
00:43.301  render           | Executing sequencer
00:43.336  render           | Video append frame 1067
00:43.336  render           | Time: 00:00.03 (Saving: 00:00.00)
00:43.336  render           | Rendering frame 1068
00:43.337  render           | Executing sequencer
00:43.372  render           | Video append frame 1068
00:43.375  render           | Time: 00:00.03 (Saving: 00:00.00)
00:43.375  render           | Rendering frame 1069
00:43.375  render           | Executing sequencer
00:43.408  render           | Video append frame 1069
00:43.408  render           | Time: 00:00.03 (Saving: 00:00.00)
00:43.408  render           | Rendering frame 1070
00:43.409  render           | Executing sequencer
00:43.441  render           | Video append frame 1070
00:43.441  render           | Time: 00:00.03 (Saving: 00:00.00)
00:43.441  render           | Rendering frame 1071
00:43.442  render           | Executing sequencer
00:43.480  render           | Video append frame 1071
00:43.481  render           | Time: 00:00.03 (Saving: 00:00.00)
00:43.481  render           | Rendering frame 1072
00:43.482  render           | Executing sequencer
00:43.515  render           | Video append frame 1072
00:43.515  render           | Time: 00:00.03 (Saving: 00:00.00)
00:43.515  render           | Rendering frame 1073
00:43.515  render           | Executing sequencer
00:43.555  render           | Video append frame 1073
00:43.555  render           | Time: 00:00.04 (Saving: 00:00.00)
00:43.562  render           | Rendering frame 1074
00:43.562  render           | Executing sequencer
00:43.596  render           | Video append frame 1074
00:43.596  render           | Time: 00:00.03 (Saving: 00:00.00)
00:43.596  render           | Rendering frame 1075
00:43.596  render           | Executing sequencer
00:43.628  render           | Video append frame 1075
00:43.628  render           | Time: 00:00.03 (Saving: 00:00.00)
00:43.629  render           | Rendering frame 1076
00:43.629  render           | Executing sequencer
00:43.663  render           | Video append frame 1076
00:43.664  render           | Time: 00:00.03 (Saving: 00:00.00)
00:43.664  render           | Rendering frame 1077
00:43.664  render           | Executing sequencer
00:43.699  render           | Video append frame 1077
00:43.699  render           | Time: 00:00.03 (Saving: 00:00.00)
00:43.700  render           | Rendering frame 1078
00:43.700  render           | Executing sequencer
00:43.733  render           | Video append frame 1078
00:43.733  render           | Time: 00:00.03 (Saving: 00:00.00)
00:43.733  render           | Rendering frame 1079
00:43.734  render           | Executing sequencer
00:43.769  render           | Video append frame 1079
00:43.771  render           | Time: 00:00.03 (Saving: 00:00.00)
00:43.771  render           | Rendering frame 1080
00:43.772  render           | Executing sequencer
00:43.806  render           | Video append frame 1080
00:43.807  render           | Time: 00:00.03 (Saving: 00:00.00)
00:43.808  render           | Rendering frame 1081
00:43.809  render           | Executing sequencer
00:43.845  render           | Video append frame 1081
00:43.845  render           | Time: 00:00.03 (Saving: 00:00.00)
00:43.845  render           | Rendering frame 1082
00:43.845  render           | Executing sequencer
00:43.879  render           | Video append frame 1082
00:43.879  render           | Time: 00:00.03 (Saving: 00:00.00)
00:43.879  render           | Rendering frame 1083
00:43.880  render           | Executing sequencer
00:43.912  render           | Video append frame 1083
00:43.912  render           | Time: 00:00.03 (Saving: 00:00.00)
00:43.912  render           | Rendering frame 1084
00:43.913  render           | Executing sequencer
00:43.944  render           | Video append frame 1084
00:43.944  render           | Time: 00:00.03 (Saving: 00:00.00)
00:43.944  render           | Rendering frame 1085
00:43.945  render           | Executing sequencer
00:43.978  render           | Video append frame 1085
00:43.978  render           | Time: 00:00.03 (Saving: 00:00.00)
00:43.978  render           | Rendering frame 1086
00:43.978  render           | Executing sequencer
00:44.010  render           | Video append frame 1086
00:44.010  render           | Time: 00:00.03 (Saving: 00:00.00)
00:44.010  render           | Rendering frame 1087
00:44.011  render           | Executing sequencer
00:44.045  render           | Video append frame 1087
00:44.045  render           | Time: 00:00.03 (Saving: 00:00.00)
00:44.045  render           | Rendering frame 1088
00:44.045  render           | Executing sequencer
00:44.075  render           | Video append frame 1088
00:44.075  render           | Time: 00:00.03 (Saving: 00:00.00)
00:44.077  render           | Rendering frame 1089
00:44.078  render           | Executing sequencer
00:44.110  render           | Video append frame 1089
00:44.110  render           | Time: 00:00.03 (Saving: 00:00.00)
00:44.110  render           | Rendering frame 1090
00:44.111  render           | Executing sequencer
00:44.143  render           | Video append frame 1090
00:44.143  render           | Time: 00:00.03 (Saving: 00:00.00)
00:44.143  render           | Rendering frame 1091
00:44.144  render           | Executing sequencer
00:44.176  render           | Video append frame 1091
00:44.176  render           | Time: 00:00.03 (Saving: 00:00.00)
00:44.176  render           | Rendering frame 1092
00:44.177  render           | Executing sequencer
00:44.216  render           | Video append frame 1092
00:44.216  render           | Time: 00:00.03 (Saving: 00:00.00)
00:44.216  render           | Rendering frame 1093
00:44.217  render           | Executing sequencer
00:44.250  render           | Video append frame 1093
00:44.250  render           | Time: 00:00.03 (Saving: 00:00.00)
00:44.250  render           | Rendering frame 1094
00:44.251  render           | Executing sequencer
00:44.289  render           | Video append frame 1094
00:44.290  render           | Time: 00:00.03 (Saving: 00:00.00)
00:44.290  render           | Rendering frame 1095
00:44.291  render           | Executing sequencer
00:44.324  render           | Video append frame 1095
00:44.325  render           | Time: 00:00.03 (Saving: 00:00.00)
00:44.326  render           | Rendering frame 1096
00:44.327  render           | Executing sequencer
00:44.359  render           | Video append frame 1096
00:44.359  render           | Time: 00:00.03 (Saving: 00:00.00)
00:44.359  render           | Rendering frame 1097
00:44.360  render           | Executing sequencer
00:44.393  render           | Video append frame 1097
00:44.393  render           | Time: 00:00.03 (Saving: 00:00.00)
00:44.393  render           | Rendering frame 1098
00:44.393  render           | Executing sequencer
00:44.425  render           | Video append frame 1098
00:44.425  render           | Time: 00:00.03 (Saving: 00:00.00)
00:44.425  render           | Rendering frame 1099
00:44.426  render           | Executing sequencer
00:44.459  render           | Video append frame 1099
00:44.459  render           | Time: 00:00.03 (Saving: 00:00.00)
00:44.459  render           | Rendering frame 1100
00:44.459  render           | Executing sequencer
00:44.490  render           | Video append frame 1100
00:44.491  render           | Time: 00:00.03 (Saving: 00:00.00)
00:44.491  render           | Rendering frame 1101
00:44.491  render           | Executing sequencer
00:44.522  render           | Video append frame 1101
00:44.522  render           | Time: 00:00.03 (Saving: 00:00.00)
00:44.522  render           | Rendering frame 1102
00:44.523  render           | Executing sequencer
00:44.558  render           | Video append frame 1102
00:44.558  render           | Time: 00:00.03 (Saving: 00:00.00)
00:44.558  render           | Rendering frame 1103
00:44.559  render           | Executing sequencer
00:44.590  render           | Video append frame 1103
00:44.590  render           | Time: 00:00.03 (Saving: 00:00.00)
00:44.590  render           | Rendering frame 1104
00:44.591  render           | Executing sequencer
00:44.622  render           | Video append frame 1104
00:44.622  render           | Time: 00:00.03 (Saving: 00:00.00)
00:44.622  render           | Rendering frame 1105
00:44.623  render           | Executing sequencer
00:44.665  render           | Video append frame 1105
00:44.665  render           | Time: 00:00.04 (Saving: 00:00.00)
00:44.665  render           | Rendering frame 1106
00:44.665  render           | Executing sequencer
00:44.698  render           | Video append frame 1106
00:44.698  render           | Time: 00:00.03 (Saving: 00:00.00)
00:44.698  render           | Rendering frame 1107
00:44.699  render           | Executing sequencer
00:44.733  render           | Video append frame 1107
00:44.734  render           | Time: 00:00.03 (Saving: 00:00.00)
00:44.734  render           | Rendering frame 1108
00:44.734  render           | Executing sequencer
00:44.789  render           | Video append frame 1108
00:44.789  render           | Time: 00:00.05 (Saving: 00:00.01)
00:44.790  render           | Rendering frame 1109
00:44.791  render           | Executing sequencer
00:44.830  render           | Video append frame 1109
00:44.830  render           | Time: 00:00.03 (Saving: 00:00.00)
00:44.830  render           | Rendering frame 1110
00:44.833  render           | Executing sequencer
00:44.970  render           | Video append frame 1110
00:44.970  render           | Time: 00:00.13 (Saving: 00:00.00)
00:44.970  render           | Rendering frame 1111
00:44.970  render           | Executing sequencer
00:44.998  render           | Video append frame 1111
00:44.998  render           | Time: 00:00.02 (Saving: 00:00.00)
00:44.998  render           | Rendering frame 1112
00:44.999  render           | Executing sequencer
00:45.029  render           | Video append frame 1112
00:45.029  render           | Time: 00:00.03 (Saving: 00:00.00)
00:45.029  render           | Rendering frame 1113
00:45.030  render           | Executing sequencer
00:45.060  render           | Video append frame 1113
00:45.060  render           | Time: 00:00.03 (Saving: 00:00.00)
00:45.060  render           | Rendering frame 1114
00:45.061  render           | Executing sequencer
00:45.085  render           | Video append frame 1114
00:45.085  render           | Time: 00:00.02 (Saving: 00:00.00)
00:45.085  render           | Rendering frame 1115
00:45.086  render           | Executing sequencer
00:45.114  render           | Video append frame 1115
00:45.114  render           | Time: 00:00.02 (Saving: 00:00.00)
00:45.114  render           | Rendering frame 1116
00:45.115  render           | Executing sequencer
00:45.147  render           | Video append frame 1116
00:45.147  render           | Time: 00:00.03 (Saving: 00:00.00)
00:45.147  render           | Rendering frame 1117
00:45.148  render           | Executing sequencer
00:45.177  render           | Video append frame 1117
00:45.177  render           | Time: 00:00.02 (Saving: 00:00.00)
00:45.177  render           | Rendering frame 1118
00:45.178  render           | Executing sequencer
00:45.206  render           | Video append frame 1118
00:45.206  render           | Time: 00:00.02 (Saving: 00:00.00)
00:45.206  render           | Rendering frame 1119
00:45.207  render           | Executing sequencer
00:45.234  render           | Video append frame 1119
00:45.235  render           | Time: 00:00.02 (Saving: 00:00.00)
00:45.235  render           | Rendering frame 1120
00:45.235  render           | Executing sequencer
00:45.261  render           | Video append frame 1120
00:45.261  render           | Time: 00:00.02 (Saving: 00:00.00)
00:45.261  render           | Rendering frame 1121
00:45.262  render           | Executing sequencer
00:45.293  render           | Video append frame 1121
00:45.293  render           | Time: 00:00.03 (Saving: 00:00.00)
00:45.293  render           | Rendering frame 1122
00:45.294  render           | Executing sequencer
00:45.364  render           | Video append frame 1122
00:45.364  render           | Time: 00:00.07 (Saving: 00:00.00)
00:45.364  render           | Rendering frame 1123
00:45.365  render           | Executing sequencer
00:45.404  render           | Video append frame 1123
00:45.404  render           | Time: 00:00.03 (Saving: 00:00.00)
00:45.404  render           | Rendering frame 1124
00:45.404  render           | Executing sequencer
00:45.446  render           | Video append frame 1124
00:45.446  render           | Time: 00:00.04 (Saving: 00:00.00)
00:45.446  render           | Rendering frame 1125
00:45.447  render           | Executing sequencer
00:45.484  render           | Video append frame 1125
00:45.484  render           | Time: 00:00.03 (Saving: 00:00.00)
00:45.484  render           | Rendering frame 1126
00:45.485  render           | Executing sequencer
00:45.536  render           | Video append frame 1126
00:45.536  render           | Time: 00:00.05 (Saving: 00:00.00)
00:45.536  render           | Rendering frame 1127
00:45.537  render           | Executing sequencer
00:45.780  render           | Video append frame 1127
00:45.781  render           | Time: 00:00.24 (Saving: 00:00.04)
00:45.781  render           | Rendering frame 1128
00:45.814  render           | Executing sequencer
00:46.335  render           | Video append frame 1128
00:46.335  render           | Time: 00:00.52 (Saving: 00:00.04)
00:46.335  render           | Rendering frame 1129
00:46.339  render           | Executing sequencer
00:46.503  render           | Video append frame 1129
00:46.503  render           | Time: 00:00.16 (Saving: 00:00.01)
00:46.503  render           | Rendering frame 1130
00:46.506  render           | Executing sequencer
00:46.598  render           | Video append frame 1130
00:46.598  render           | Time: 00:00.09 (Saving: 00:00.01)
00:46.598  render           | Rendering frame 1131
00:46.600  render           | Executing sequencer
00:46.688  render           | Video append frame 1131
00:46.689  render           | Time: 00:00.08 (Saving: 00:00.01)
00:46.689  render           | Rendering frame 1132
00:46.689  render           | Executing sequencer
00:46.736  render           | Video append frame 1132
00:46.736  render           | Time: 00:00.04 (Saving: 00:00.00)
00:46.736  render           | Rendering frame 1133
00:46.736  render           | Executing sequencer
00:46.778  render           | Video append frame 1133
00:46.778  render           | Time: 00:00.04 (Saving: 00:00.00)
00:46.778  render           | Rendering frame 1134
00:46.779  render           | Executing sequencer
00:46.827  render           | Video append frame 1134
00:46.827  render           | Time: 00:00.04 (Saving: 00:00.00)
00:46.827  render           | Rendering frame 1135
00:46.828  render           | Executing sequencer
00:46.868  render           | Video append frame 1135
00:46.868  render           | Time: 00:00.04 (Saving: 00:00.00)
00:46.868  render           | Rendering frame 1136
00:46.869  render           | Executing sequencer
00:46.910  render           | Video append frame 1136
00:46.910  render           | Time: 00:00.04 (Saving: 00:00.00)
00:46.910  render           | Rendering frame 1137
00:46.911  render           | Executing sequencer
00:46.954  render           | Video append frame 1137
00:46.954  render           | Time: 00:00.04 (Saving: 00:00.00)
00:46.954  render           | Rendering frame 1138
00:46.955  render           | Executing sequencer
00:46.997  render           | Video append frame 1138
00:46.997  render           | Time: 00:00.04 (Saving: 00:00.00)
00:46.997  render           | Rendering frame 1139
00:46.998  render           | Executing sequencer
00:47.037  render           | Video append frame 1139
00:47.037  render           | Time: 00:00.03 (Saving: 00:00.00)
00:47.038  render           | Rendering frame 1140
00:47.038  render           | Executing sequencer
00:47.079  render           | Video append frame 1140
00:47.079  render           | Time: 00:00.04 (Saving: 00:00.00)
00:47.079  render           | Rendering frame 1141
00:47.080  render           | Executing sequencer
00:47.125  render           | Video append frame 1141
00:47.125  render           | Time: 00:00.04 (Saving: 00:00.00)
00:47.125  render           | Rendering frame 1142
00:47.126  render           | Executing sequencer
00:47.198  render           | Video append frame 1142
00:47.199  render           | Time: 00:00.07 (Saving: 00:00.00)
00:47.199  render           | Rendering frame 1143
00:47.199  render           | Executing sequencer
00:47.267  render           | Video append frame 1143
00:47.267  render           | Time: 00:00.06 (Saving: 00:00.00)
00:47.267  render           | Rendering frame 1144
00:47.268  render           | Executing sequencer
00:47.308  render           | Video append frame 1144
00:47.308  render           | Time: 00:00.04 (Saving: 00:00.00)
00:47.308  render           | Rendering frame 1145
00:47.309  render           | Executing sequencer
00:47.353  render           | Video append frame 1145
00:47.353  render           | Time: 00:00.04 (Saving: 00:00.00)
00:47.353  render           | Rendering frame 1146
00:47.354  render           | Executing sequencer
00:47.396  render           | Video append frame 1146
00:47.396  render           | Time: 00:00.04 (Saving: 00:00.00)
00:47.396  render           | Rendering frame 1147
00:47.397  render           | Executing sequencer
00:47.439  render           | Video append frame 1147
00:47.439  render           | Time: 00:00.04 (Saving: 00:00.00)
00:47.439  render           | Rendering frame 1148
00:47.440  render           | Executing sequencer
00:47.486  render           | Video append frame 1148
00:47.486  render           | Time: 00:00.04 (Saving: 00:00.00)
00:47.487  render           | Rendering frame 1149
00:47.488  render           | Executing sequencer
00:47.561  render           | Video append frame 1149
00:47.562  render           | Time: 00:00.07 (Saving: 00:00.01)
00:47.562  render           | Rendering frame 1150
00:47.564  render           | Executing sequencer
00:47.614  render           | Video append frame 1150
00:47.614  render           | Time: 00:00.05 (Saving: 00:00.00)
00:47.614  render           | Rendering frame 1151
00:47.615  render           | Executing sequencer
00:47.660  render           | Video append frame 1151
00:47.660  render           | Time: 00:00.04 (Saving: 00:00.00)
00:47.660  render           | Rendering frame 1152
00:47.660  render           | Executing sequencer
00:47.709  render           | Video append frame 1152
00:47.709  render           | Time: 00:00.04 (Saving: 00:00.01)
00:47.709  render           | Rendering frame 1153
00:47.709  render           | Executing sequencer
00:47.761  render           | Video append frame 1153
00:47.761  render           | Time: 00:00.05 (Saving: 00:00.01)
00:47.761  render           | Rendering frame 1154
00:47.762  render           | Executing sequencer
00:47.816  render           | Video append frame 1154
00:47.816  render           | Time: 00:00.05 (Saving: 00:00.00)
00:47.816  render           | Rendering frame 1155
00:47.817  render           | Executing sequencer
00:47.854  render           | Video append frame 1155
00:47.854  render           | Time: 00:00.03 (Saving: 00:00.00)
00:47.854  render           | Rendering frame 1156
00:47.856  render           | Executing sequencer
00:47.924  render           | Video append frame 1156
00:47.924  render           | Time: 00:00.06 (Saving: 00:00.01)
00:47.924  render           | Rendering frame 1157
00:47.924  render           | Executing sequencer
00:47.993  render           | Video append frame 1157
00:47.993  render           | Time: 00:00.06 (Saving: 00:00.01)
00:47.993  render           | Rendering frame 1158
00:47.994  render           | Executing sequencer
00:48.053  render           | Video append frame 1158
00:48.053  render           | Time: 00:00.05 (Saving: 00:00.00)
00:48.053  render           | Rendering frame 1159
00:48.054  render           | Executing sequencer
00:48.116  render           | Video append frame 1159
00:48.116  render           | Time: 00:00.06 (Saving: 00:00.01)
00:48.116  render           | Rendering frame 1160
00:48.117  render           | Executing sequencer
00:48.209  render           | Video append frame 1160
00:48.209  render           | Time: 00:00.09 (Saving: 00:00.00)
00:48.209  render           | Rendering frame 1161
00:48.210  render           | Executing sequencer
00:48.273  render           | Video append frame 1161
00:48.273  render           | Time: 00:00.06 (Saving: 00:00.01)
00:48.273  render           | Rendering frame 1162
00:48.274  render           | Executing sequencer
00:48.316  render           | Video append frame 1162
00:48.316  render           | Time: 00:00.04 (Saving: 00:00.00)
00:48.316  render           | Rendering frame 1163
00:48.317  render           | Executing sequencer
00:48.395  render           | Video append frame 1163
00:48.395  render           | Time: 00:00.07 (Saving: 00:00.01)
00:48.395  render           | Rendering frame 1164
00:48.397  render           | Executing sequencer
00:48.535  render           | Video append frame 1164
00:48.535  render           | Time: 00:00.13 (Saving: 00:00.01)
00:48.535  render           | Rendering frame 1165
00:48.536  render           | Executing sequencer
00:48.660  render           | Video append frame 1165
00:48.660  render           | Time: 00:00.12 (Saving: 00:00.01)
00:48.660  render           | Rendering frame 1166
00:48.664  render           | Executing sequencer
00:48.830  render           | Video append frame 1166
00:48.830  render           | Time: 00:00.16 (Saving: 00:00.01)
00:48.830  render           | Rendering frame 1167
00:48.830  render           | Executing sequencer
00:48.886  render           | Video append frame 1167
00:48.887  render           | Time: 00:00.05 (Saving: 00:00.00)
00:48.887  render           | Rendering frame 1168
00:48.887  render           | Executing sequencer
00:48.935  render           | Video append frame 1168
00:48.935  render           | Time: 00:00.04 (Saving: 00:00.00)
00:48.935  render           | Rendering frame 1169
00:48.936  render           | Executing sequencer
00:48.983  render           | Video append frame 1169
00:48.983  render           | Time: 00:00.04 (Saving: 00:00.00)
00:48.983  render           | Rendering frame 1170
00:48.984  render           | Executing sequencer
00:49.028  render           | Video append frame 1170
00:49.028  render           | Time: 00:00.04 (Saving: 00:00.00)
00:49.028  render           | Rendering frame 1171
00:49.029  render           | Executing sequencer
00:49.074  render           | Video append frame 1171
00:49.074  render           | Time: 00:00.04 (Saving: 00:00.01)
00:49.074  render           | Rendering frame 1172
00:49.075  render           | Executing sequencer
00:49.115  render           | Video append frame 1172
00:49.116  render           | Time: 00:00.04 (Saving: 00:00.00)
00:49.116  render           | Rendering frame 1173
00:49.117  render           | Executing sequencer
00:49.163  render           | Video append frame 1173
00:49.163  render           | Time: 00:00.04 (Saving: 00:00.00)
00:49.163  render           | Rendering frame 1174
00:49.164  render           | Executing sequencer
00:49.209  render           | Video append frame 1174
00:49.209  render           | Time: 00:00.04 (Saving: 00:00.00)
00:49.209  render           | Rendering frame 1175
00:49.209  render           | Executing sequencer
00:49.247  render           | Video append frame 1175
00:49.247  render           | Time: 00:00.03 (Saving: 00:00.00)
00:49.248  render           | Rendering frame 1176
00:49.248  render           | Executing sequencer
00:49.292  render           | Video append frame 1176
00:49.292  render           | Time: 00:00.04 (Saving: 00:00.00)
00:49.292  render           | Rendering frame 1177
00:49.293  render           | Executing sequencer
00:49.341  render           | Video append frame 1177
00:49.341  render           | Time: 00:00.04 (Saving: 00:00.01)
00:49.341  render           | Rendering frame 1178
00:49.342  render           | Executing sequencer
00:49.471  render           | Video append frame 1178
00:49.471  render           | Time: 00:00.12 (Saving: 00:00.01)
00:49.471  render           | Rendering frame 1179
00:49.473  render           | Executing sequencer
00:49.521  render           | Video append frame 1179
00:49.521  render           | Time: 00:00.04 (Saving: 00:00.00)
00:49.521  render           | Rendering frame 1180
00:49.522  render           | Executing sequencer
00:49.571  render           | Video append frame 1180
00:49.571  render           | Time: 00:00.04 (Saving: 00:00.00)
00:49.571  render           | Rendering frame 1181
00:49.571  render           | Executing sequencer
00:49.619  render           | Video append frame 1181
00:49.619  render           | Time: 00:00.04 (Saving: 00:00.00)
00:49.619  render           | Rendering frame 1182
00:49.620  render           | Executing sequencer
00:49.675  render           | Video append frame 1182
00:49.675  render           | Time: 00:00.05 (Saving: 00:00.00)
00:49.675  render           | Rendering frame 1183
00:49.675  render           | Executing sequencer
00:49.740  render           | Video append frame 1183
00:49.740  render           | Time: 00:00.06 (Saving: 00:00.01)
00:49.740  render           | Rendering frame 1184
00:49.741  render           | Executing sequencer
00:49.785  render           | Video append frame 1184
00:49.785  render           | Time: 00:00.04 (Saving: 00:00.00)
00:49.785  render           | Rendering frame 1185
00:49.785  render           | Executing sequencer
00:49.829  render           | Video append frame 1185
00:49.829  render           | Time: 00:00.04 (Saving: 00:00.00)
00:49.829  render           | Rendering frame 1186
00:49.829  render           | Executing sequencer
00:49.877  render           | Video append frame 1186
00:49.877  render           | Time: 00:00.04 (Saving: 00:00.01)
00:49.878  render           | Rendering frame 1187
00:49.878  render           | Executing sequencer
00:49.924  render           | Video append frame 1187
00:49.924  render           | Time: 00:00.04 (Saving: 00:00.00)
00:49.924  render           | Rendering frame 1188
00:49.925  render           | Executing sequencer
00:49.968  render           | Video append frame 1188
00:49.969  render           | Time: 00:00.04 (Saving: 00:00.00)
00:49.969  render           | Rendering frame 1189
00:49.969  render           | Executing sequencer
00:50.017  render           | Video append frame 1189
00:50.017  render           | Time: 00:00.04 (Saving: 00:00.00)
00:50.017  render           | Rendering frame 1190
00:50.018  render           | Executing sequencer
00:50.064  render           | Video append frame 1190
00:50.064  render           | Time: 00:00.04 (Saving: 00:00.01)
00:50.064  render           | Rendering frame 1191
00:50.065  render           | Executing sequencer
00:50.105  render           | Video append frame 1191
00:50.106  render           | Time: 00:00.04 (Saving: 00:00.00)
00:50.106  render           | Rendering frame 1192
00:50.106  render           | Executing sequencer
00:50.277  render           | Video append frame 1192
00:50.277  render           | Time: 00:00.17 (Saving: 00:00.01)
00:50.277  render           | Rendering frame 1193
00:50.279  render           | Executing sequencer
00:50.353  render           | Video append frame 1193
00:50.353  render           | Time: 00:00.07 (Saving: 00:00.01)
00:50.353  render           | Rendering frame 1194
00:50.354  render           | Executing sequencer
00:50.406  render           | Video append frame 1194
00:50.406  render           | Time: 00:00.05 (Saving: 00:00.00)
00:50.406  render           | Rendering frame 1195
00:50.407  render           | Executing sequencer
00:50.454  render           | Video append frame 1195
00:50.454  render           | Time: 00:00.04 (Saving: 00:00.00)
00:50.454  render           | Rendering frame 1196
00:50.455  render           | Executing sequencer
00:50.519  render           | Video append frame 1196
00:50.519  render           | Time: 00:00.06 (Saving: 00:00.00)
00:50.519  render           | Rendering frame 1197
00:50.520  render           | Executing sequencer
00:50.590  render           | Video append frame 1197
00:50.590  render           | Time: 00:00.06 (Saving: 00:00.01)
00:50.590  render           | Rendering frame 1198
00:50.591  render           | Executing sequencer
00:50.637  render           | Video append frame 1198
00:50.637  render           | Time: 00:00.04 (Saving: 00:00.00)
00:50.637  render           | Rendering frame 1199
00:50.638  render           | Executing sequencer
00:50.687  render           | Video append frame 1199
00:50.687  render           | Time: 00:00.04 (Saving: 00:00.00)
00:50.687  render           | Rendering frame 1200
00:50.688  render           | Executing sequencer
00:50.744  render           | Video append frame 1200
00:50.744  render           | Time: 00:00.05 (Saving: 00:00.00)

Blender quit
